ohos_build_compiler: gcc
hks_config_lite.h
["//out/rk2206/lockzhiner-rk2206/gen/vendor/lockzhiner/rk2206/hdf_config/hdf_hex.c"]
Done. Made 149 targets from 123 files in 2757ms
ninja: Entering directory `/home/jackey/openharmony/lockzhiner-rk2206-openharmony3.0lts/out/rk2206/lockzhiner-rk2206'
[1/849] gcc cross compiler obj/base/hiviewdfx/blackbox/libblackbox.blackbox_detector.o
[2/849] gcc cross compiler obj/base/hiviewdfx/blackbox/libblackbox.blackbox_adapter.o
[3/849] gcc cross compiler obj/base/hiviewdfx/hidumper_lite/mini/libhidumper_mini.hidumper_core.o
In function 'InjectKernelCrash',
    inlined from 'ParameterMatching' at ../../../base/hiviewdfx/hidumper_lite/mini/hidumper_core.c:124:13,
    inlined from 'ParameterMatching' at ../../../base/hiviewdfx/hidumper_lite/mini/hidumper_core.c:105:6:
../../../base/hiviewdfx/hidumper_lite/mini/hidumper_core.c:73:10: warning: array subscript 0 is outside array bounds of 'int[0]' [-Warray-bounds=]
   73 |     *ptr = FAULT_VALUE;
      |          ^
In function 'ParameterMatching':
cc1: note: source object is likely at address zero
[4/849] gcc cross compiler obj/base/hiviewdfx/hiview_lite/libhiview_lite.hiview_cache.o
[5/849] gcc cross compiler obj/base/hiviewdfx/hidumper_lite/mini/libhidumper_mini.hidumper_adapter.o
[6/849] gcc cross compiler obj/base/hiviewdfx/blackbox/libblackbox.blackbox_core.o
../../../base/hiviewdfx/blackbox/blackbox_core.c: In function 'GetDirName':
../../../base/hiviewdfx/blackbox/blackbox_core.c:57:17: warning: initialization discards 'const' qualifier from pointer target type [-Wdiscarded-qualifiers]
   57 |     char *end = path + strlen(path);
      |                 ^~~~
../../../base/hiviewdfx/blackbox/blackbox_core.c: In function 'WaitForLogRootDir':
../../../base/hiviewdfx/blackbox/blackbox_core.c:107:9: warning: implicit declaration of function 'LOS_Msleep' [-Wimplicit-function-declaration]
  107 |         LOS_Msleep(LOG_ROOT_DIR_WAIT_TIME);
      |         ^~~~~~~~~~
../../../base/hiviewdfx/blackbox/blackbox_core.c: In function 'SaveBasicErrorInfo':
../../../base/hiviewdfx/blackbox/blackbox_core.c:133:9: warning: implicit declaration of function 'PRINT_ERR' [-Wimplicit-function-declaration]
  133 |         PRINT_ERR("buf is not enough or snprintf_s failed\n");
      |         ^~~~~~~~~
[7/849] gcc cross compiler obj/base/hiviewdfx/hiview_lite/libhiview_lite.hiview_service.o
[8/849] gcc cross compiler obj/base/hiviewdfx/hievent_lite/frameworks/libhievent_lite.hiview_event.o
[9/849] gcc cross compiler obj/base/hiviewdfx/hievent_lite/frameworks/libhievent_lite.hiview_output_event.o
[10/849] gcc cross compiler obj/base/hiviewdfx/hiview_lite/libhiview_lite.hiview_util.o
In file included from ../../../third_party/musl/porting/liteos_m/kernel/include/sys/types.h:70,
                 from ../../../base/hiviewdfx/hiview_lite/hiview_util.c:23:
../../../third_party/musl/porting/liteos_m/kernel/include/endian.h: In function '__bswap32':
../../../third_party/musl/porting/liteos_m/kernel/include/endian.h:26:32: warning: suggest parentheses around arithmetic in operand of '|' [-Wparentheses]
   26 |         return __x>>24 | __x>>8&0xff00 | __x<<8&0xff0000 | __x<<24;
      |                          ~~~~~~^~~~~~~
../../../third_party/musl/porting/liteos_m/kernel/include/endian.h:26:48: warning: suggest parentheses around arithmetic in operand of '|' [-Wparentheses]
   26 |         return __x>>24 | __x>>8&0xff00 | __x<<8&0xff0000 | __x<<24;
      |                                          ~~~~~~^~~~~~~~~
../../../third_party/musl/porting/liteos_m/kernel/include/endian.h: In function '__bswap64':
../../../third_party/musl/porting/liteos_m/kernel/include/endian.h:31:30: warning: suggest parentheses around '+' inside '<<' [-Wparentheses]
   31 |         return __bswap32(__x)+0ULL<<32 | __bswap32(__x>>32);
      |                ~~~~~~~~~~~~~~^~~~~
[11/849] gcc cross compiler obj/base/hiviewdfx/hilog_lite/frameworks/mini/libhilog_lite.hiview_log_limit.o
[12/849] gcc cross compiler obj/base/hiviewdfx/hilog_lite/frameworks/mini/libhilog_lite.hiview_log.o
[13/849] gcc cross compiler obj/base/security/deviceauth/frameworks/deviceauth_lite/source/auth_info/libhichainsdk.add_auth_info.o
[14/849] gcc cross compiler obj/base/security/deviceauth/frameworks/deviceauth_lite/source/auth_info/libhichainsdk.auth_info.o
[15/849] gcc cross compiler obj/base/security/deviceauth/frameworks/deviceauth_lite/source/auth_info/libhichainsdk.add_auth_info_client.o
[16/849] gcc cross compiler obj/base/hiviewdfx/hilog_lite/frameworks/mini/libhilog_lite.hiview_output_log.o
[17/849] gcc cross compiler obj/base/hiviewdfx/hiview_lite/libhiview_lite.hiview_config.o
[18/849] STAMP obj/build/lite/ndk.stamp
[19/849] gcc cross compiler obj/base/hiviewdfx/hiview_lite/libhiview_lite.hiview_file.o
../../../base/hiviewdfx/hiview_lite/hiview_file.c: In function 'ReadFileHeader':
../../../base/hiviewdfx/hiview_lite/hiview_file.c:123:12: warning: unused variable 't' [-Wunused-variable]
  123 |     uint32 t = (uint32)(HIVIEW_GetCurrentTime() / MS_PER_SECOND);
      |            ^
../../../base/hiviewdfx/hiview_lite/hiview_file.c: At top level:
../../../base/hiviewdfx/hiview_lite/hiview_file.c:23:15: warning: 'GetReadCursor' declared 'static' but never defined [-Wunused-function]
   23 | static uint16 GetReadCursor(HiviewFile *fp);
      |               ^~~~~~~~~~~~~
[20/849] gcc cross compiler obj/base/security/deviceauth/frameworks/deviceauth_lite/source/auth_info/libhichainsdk.exchange_auth_info_client.o
[21/849] gcc cross compiler obj/base/update/ota_lite/frameworks/source/verify/libhota.app_rsa.o
[22/849] gcc cross compiler obj/base/update/ota_lite/frameworks/source/verify/libhota.app_sha256.o
[23/849] STAMP obj/build/lite/mark_as_prebuilts.stamp
[24/849] STAMP obj/base/startup/syspara_lite/frameworks/token/token_notes.stamp
[25/849] gcc cross compiler obj/base/update/ota_lite/frameworks/source/updater/libhota.hota_updater.o
../../../base/update/ota_lite/frameworks/source/updater/hota_updater.c: In function 'GetCurrentDloadCompPartition':
../../../base/update/ota_lite/frameworks/source/updater/hota_updater.c:447:21: warning: pointer targets in passing argument 1 of 'strncmp' differ in signedness [-Wpointer-sign]
  447 |         if (strncmp((unsigned char *)(g_otaComponents[i].componentName),
      |                     ^~~~~~~~~~~~~~~~~~~~~~~~~~~~~~~~~~~~~~~~~~~~~~~~~~~
      |                     |
      |                     unsigned char *
In file included from ../../../third_party/bounds_checking_function/include/securectype.h:301,
                 from ../../../third_party/bounds_checking_function/include/securec.h:21,
                 from ../../../base/update/ota_lite/frameworks/source/updater/hota_updater.c:21:
/usr/include/newlib/string.h:43:19: note: expected 'const char *' but argument is of type 'unsigned char *'
   43 | int      strncmp (const char *, const char *, size_t);
      |                   ^~~~~~~~~~~~
../../../base/update/ota_lite/frameworks/source/updater/hota_updater.c:448:65: warning: pointer targets in passing argument 2 of 'strncmp' differ in signedness [-Wpointer-sign]
  448 |             g_componentInfos.table[g_currentDloadComp.index - 1].addr,
      |             ~~~~~~~~~~~~~~~~~~~~~~~~~~~~~~~~~~~~~~~~~~~~~~~~~~~~^~~~~
      |                                                                 |
      |                                                                 unsigned char *
/usr/include/newlib/string.h:43:33: note: expected 'const char *' but argument is of type 'unsigned char *'
   43 | int      strncmp (const char *, const char *, size_t);
      |                                 ^~~~~~~~~~~~
../../../base/update/ota_lite/frameworks/source/updater/hota_updater.c: In function 'HotaInit':
../../../base/update/ota_lite/frameworks/source/updater/hota_updater.c:598:21: warning: assignment discards 'const' qualifier from pointer target type [-Wdiscarded-qualifiers]
  598 |     g_otaComponents = HotaHalGetPartitionInfo();
      |                     ^
[26/849] gcc cross compiler obj/base/update/ota_lite/frameworks/source/verify/libhota.hota_verify.o
[27/849] gcc cross compiler obj/base/security/deviceauth/frameworks/deviceauth_lite/source/auth_info/libhichainsdk.remove_auth_info_client.o
[28/849] gcc cross compiler obj/base/security/deviceauth/frameworks/deviceauth_lite/source/auth_info/libhichainsdk.exchange_auth_info.o
[29/849] gcc cross compiler obj/base/security/deviceauth/frameworks/deviceauth_lite/source/libhichainsdk.hichain.o
[30/849] gcc cross compiler obj/base/security/deviceauth/frameworks/deviceauth_lite/source/json/libhichainsdk.commonutil.o
[31/849] gcc cross compiler obj/base/security/deviceauth/frameworks/deviceauth_lite/source/json/libhichainsdk.jsonutil.o
[32/849] gcc cross compiler obj/base/security/deviceauth/frameworks/deviceauth_lite/source/key_agreement/libhichainsdk.key_agreement.o
[33/849] gcc cross compiler obj/base/security/deviceauth/frameworks/deviceauth_lite/source/key_agreement/libhichainsdk.key_agreement_client.o
[34/849] gcc cross compiler obj/base/security/deviceauth/frameworks/deviceauth_lite/source/key_agreement/libhichainsdk.key_agreement_server.o
[35/849] gcc cross compiler obj/base/security/deviceauth/frameworks/deviceauth_lite/source/key_agreement/libhichainsdk.pake_client.o
[36/849] gcc cross compiler obj/base/security/deviceauth/frameworks/deviceauth_lite/source/key_agreement/libhichainsdk.sec_clone_server.o
[37/849] gcc cross compiler obj/base/security/deviceauth/frameworks/deviceauth_lite/source/huks_adapter/libhichainsdk.huks_adapter.o
[38/849] gcc cross compiler obj/base/security/deviceauth/frameworks/deviceauth_lite/source/key_agreement/libhichainsdk.sts_client.o
[39/849] gcc cross compiler obj/base/security/deviceauth/frameworks/deviceauth_lite/source/key_agreement/libhichainsdk.pake_server.o
[40/849] gcc cross compiler obj/base/security/deviceauth/frameworks/deviceauth_lite/source/log/libhichainsdk.log.o
[41/849] gcc cross compiler obj/base/security/deviceauth/frameworks/deviceauth_lite/source/schedule/libhichainsdk.build_object.o
[42/849] gcc cross compiler obj/base/security/deviceauth/frameworks/deviceauth_lite/source/struct/libhichainsdk.add_auth_info_request.o
[43/849] gcc cross compiler obj/base/security/deviceauth/frameworks/deviceauth_lite/source/key_agreement/libhichainsdk.sts_server.o
[44/849] gcc cross compiler obj/base/security/deviceauth/frameworks/deviceauth_lite/source/struct/libhichainsdk.add_auth_info_data.o
[45/849] gcc cross compiler obj/base/security/deviceauth/frameworks/deviceauth_lite/source/struct/libhichainsdk.add_auth_info_response.o
[46/849] gcc cross compiler obj/base/security/deviceauth/frameworks/deviceauth_lite/source/schedule/libhichainsdk.distribution.o
[47/849] gcc cross compiler obj/base/security/deviceauth/frameworks/deviceauth_lite/source/struct/libhichainsdk.auth_ack_request.o
[48/849] gcc cross compiler obj/base/security/deviceauth/frameworks/deviceauth_lite/source/struct/libhichainsdk.auth_start_response.o
[49/849] gcc cross compiler obj/base/security/deviceauth/frameworks/deviceauth_lite/source/struct/libhichainsdk.auth_ack_response.o
[50/849] gcc cross compiler obj/base/security/deviceauth/frameworks/deviceauth_lite/source/struct/libhichainsdk.exchange_auth_data.o
[51/849] gcc cross compiler obj/base/security/deviceauth/frameworks/deviceauth_lite/source/struct/libhichainsdk.auth_start_request.o
[52/849] gcc cross compiler obj/base/security/deviceauth/frameworks/deviceauth_lite/source/struct/libhichainsdk.exchange_request.o
[53/849] gcc cross compiler obj/base/security/deviceauth/frameworks/deviceauth_lite/source/struct/libhichainsdk.exchange_response.o
[54/849] gcc cross compiler obj/base/security/deviceauth/frameworks/deviceauth_lite/source/struct/libhichainsdk.inform_message.o
[55/849] gcc cross compiler obj/base/security/deviceauth/frameworks/deviceauth_lite/source/struct/libhichainsdk.import_add_auth_data.o
[56/849] gcc cross compiler obj/base/security/deviceauth/frameworks/deviceauth_lite/source/struct/libhichainsdk.pake_client_confirm.o
[57/849] gcc cross compiler obj/base/security/deviceauth/frameworks/deviceauth_lite/source/struct/libhichainsdk.key_agreement_version.o
[58/849] gcc cross compiler obj/base/security/deviceauth/frameworks/deviceauth_lite/source/struct/libhichainsdk.pake_request.o
[59/849] gcc cross compiler obj/base/security/deviceauth/frameworks/deviceauth_lite/source/struct/libhichainsdk.parsedata.o
[60/849] gcc cross compiler obj/base/security/deviceauth/frameworks/deviceauth_lite/source/struct/libhichainsdk.rmv_auth_info_data.o
[61/849] gcc cross compiler obj/base/security/deviceauth/frameworks/deviceauth_lite/source/struct/libhichainsdk.pake_server_confirm.o
[62/849] gcc cross compiler obj/base/security/deviceauth/frameworks/deviceauth_lite/source/struct/libhichainsdk.pake_response.o
[63/849] gcc cross compiler obj/base/security/deviceauth/frameworks/deviceauth_lite/source/struct/libhichainsdk.rmv_auth_info_response.o
[64/849] gcc cross compiler obj/base/security/deviceauth/frameworks/deviceauth_lite/source/struct/libhichainsdk.rmv_auth_info_request.o
[65/849] STAMP obj/build/lite/config/component/cJSON/cjson_shared.stamp
[66/849] STAMP obj/build/lite/config/component/cJSON/cjson_ndk.stamp
[67/849] gcc cross compiler obj/base/security/huks/services/huks_standard/huks_service/main/core/src/libhuks_3.0_sdk.hks_upgrade_storage_data.o
[68/849] gcc cross compiler obj/base/security/deviceauth/frameworks/deviceauth_lite/source/struct/libhichainsdk.sec_clone_data.o
[69/849] gcc cross compiler obj/base/security/huks/services/huks_standard/huks_service/main/os_dependency/posix/libhuks_3.0_sdk.hks_file_operator_lite.o
[70/849] gcc cross compiler obj/base/security/huks/frameworks/huks_standard/main/common/src/libhuks_3.0_sdk.hks_common_check.o
[71/849] gcc cross compiler obj/base/security/huks/frameworks/huks_standard/main/common/src/libhuks_3.0_sdk.hks_crypto_adapter.o
[72/849] gcc cross compiler obj/base/security/huks/services/huks_standard/huks_service/main/core/src/libhuks_3.0_sdk.hks_client_check.o
[73/849] gcc cross compiler obj/base/security/huks/services/huks_standard/huks_service/main/core/src/libhuks_3.0_sdk.hks_client_service_adapter_lite.o
[74/849] gcc cross compiler obj/base/security/huks/frameworks/huks_standard/main/os_dependency/sysinfo/src/libhuks_3.0_sdk.hks_get_process_info_passthrough.o
[75/849] gcc cross compiler obj/base/security/huks/frameworks/huks_standard/main/os_dependency/sysinfo/src/libhuks_3.0_sdk.hks_get_udid.o
[76/849] gcc cross compiler obj/base/security/huks/frameworks/huks_standard/main/os_dependency/ipc/src/libhuks_3.0_sdk.hks_client_service_passthrough.o
[77/849] gcc cross compiler obj/base/security/huks/frameworks/huks_standard/main/common/src/libhuks_3.0_sdk.hks_param.o
[78/849] gcc cross compiler obj/base/security/huks/frameworks/huks_standard/main/os_dependency/posix/libhuks_3.0_sdk.hks_mem.o
[79/849] gcc cross compiler obj/base/security/huks/services/huks_standard/huks_service/main/core/src/libhuks_3.0_sdk.hks_client_service.o
[80/849] gcc cross compiler obj/base/security/huks/services/huks_standard/huks_engine/main/core/src/libhuks_3.0_sdk.hks_auth.o
[81/849] gcc cross compiler obj/base/security/huks/frameworks/huks_standard/main/core/src/libhuks_3.0_sdk.hks_local_engine.o
[82/849] gcc cross compiler obj/base/security/huks/frameworks/huks_standard/main/common/src/libhuks_3.0_sdk.hks_base_check.o
[83/849] gcc cross compiler obj/base/security/huks/services/huks_standard/huks_engine/main/core/src/libhuks_3.0_sdk.hks_keyblob.o
[84/849] gcc cross compiler obj/base/security/huks/frameworks/huks_standard/main/common/src/libhuks_3.0_sdk.hks_check_paramset.o
../../../base/security/huks/frameworks/huks_standard/main/common/src/hks_check_paramset.c:309:16: warning: 'CheckSignVerifyParamsByAlg' defined but not used [-Wunused-function]
  309 | static int32_t CheckSignVerifyParamsByAlg(uint32_t cmdId, uint32_t alg, const struct ParamsValues *inputParams)
      |                ^~~~~~~~~~~~~~~~~~~~~~~~~~
[85/849] gcc cross compiler obj/base/security/huks/services/huks_standard/huks_engine/main/core/src/libhuks_3.0_sdk.hks_rkc_rw.o
[86/849] gcc cross compiler obj/base/security/huks/services/huks_standard/huks_engine/main/core/src/libhuks_3.0_sdk.hks_core_service.o
[87/849] gcc cross compiler obj/base/security/huks/interfaces/innerkits/huks_standard/main/src/libhuks_3.0_sdk.hks_api.o
[88/849] gcc cross compiler obj/base/security/huks/services/huks_standard/huks_engine/main/core/src/libhuks_3.0_sdk.hks_upgrade_key_info.o
[89/849] gcc cross compiler obj/base/security/huks/services/huks_standard/huks_service/main/core/src/libhuks_3.0_sdk.hks_storage_adapter.o
[90/849] gcc cross compiler obj/base/security/huks/services/huks_standard/huks_engine/main/core/src/libhuks_3.0_sdk.hks_rkc.o
[91/849] gcc cross compiler obj/base/security/huks/services/huks_standard/huks_service/main/os_dependency/idl/passthrough/libhuks_3.0_sdk.hks_passthrough_access.o
[92/849] gcc cross compiler obj/base/security/huks/interfaces/innerkits/huks_lite/libhuks_3.0_sdk.hks_tmp_client.o
[93/849] gcc cross compiler obj/base/security/huks/frameworks/huks_standard/main/crypto_engine/mbedtls/src/libhuks_3.0_sdk.hks_crypto_ed25519.o
[94/849] gcc cross compiler obj/base/security/huks/frameworks/huks_standard/main/crypto_engine/mbedtls/src/libhuks_3.0_sdk.hks_mbedtls_aes.o
[95/849] gcc cross compiler obj/base/security/huks/services/huks_standard/huks_engine/main/core/src/libhuks_3.0_sdk.hks_keyblob_lite.o
[96/849] gcc cross compiler obj/base/security/huks/frameworks/huks_standard/main/crypto_engine/mbedtls/src/libhuks_3.0_sdk.hks_mbedtls_bn.o
[97/849] gcc cross compiler obj/base/security/huks/services/huks_standard/huks_service/main/core/src/libhuks_3.0_sdk.hks_storage_lite.o
[98/849] gcc cross compiler obj/base/security/huks/frameworks/huks_standard/main/crypto_engine/mbedtls/src/libhuks_3.0_sdk.hks_mbedtls_ecc.o
[99/849] gcc cross compiler obj/base/security/huks/frameworks/huks_standard/main/crypto_engine/mbedtls/src/libhuks_3.0_sdk.hks_mbedtls_ecdh.o
[100/849] gcc cross compiler obj/base/security/huks/frameworks/huks_standard/main/crypto_engine/mbedtls/src/libhuks_3.0_sdk.hks_mbedtls_ecdsa.o
[101/849] gcc cross compiler obj/base/security/huks/frameworks/huks_standard/main/crypto_engine/mbedtls/src/libhuks_3.0_sdk.hks_mbedtls_common.o
[102/849] gcc cross compiler obj/base/security/huks/frameworks/huks_standard/main/crypto_engine/mbedtls/src/libhuks_3.0_sdk.hks_mbedtls_hash.o
[103/849] gcc cross compiler obj/base/security/huks/frameworks/huks_standard/main/crypto_engine/mbedtls/src/libhuks_3.0_sdk.hks_mbedtls_hmac.o
[104/849] gcc cross compiler obj/base/security/huks/frameworks/huks_standard/main/crypto_engine/mbedtls/src/libhuks_3.0_sdk.hks_mbedtls_engine.o
[105/849] gcc cross compiler obj/base/security/huks/frameworks/huks_standard/main/crypto_engine/mbedtls/src/libhuks_3.0_sdk.hks_mbedtls_kdf.o
[106/849] gcc cross compiler obj/base/security/huks/frameworks/huks_standard/main/crypto_engine/mbedtls/src/libhuks_3.0_sdk.hks_mbedtls_rsa.o
[107/849] gcc cross compiler obj/base/startup/bootstrap_lite/services/source/libbootstrap.system_init.o
[108/849] gcc cross compiler obj/base/startup/syspara_lite/frameworks/parameter/src/param_impl_hal/libsysparam.param_impl_hal.o
[109/849] gcc cross compiler obj/base/startup/bootstrap_lite/services/source/libbootstrap.bootstrap_service.o
[110/849] gcc cross compiler obj/base/startup/syspara_lite/frameworks/token/src/token_impl_hal/libtoken_static.token.o
[111/849] gcc cross compiler obj/base/security/huks/frameworks/huks_standard/main/crypto_engine/mbedtls/src/libhuks_3.0_sdk.hks_mbedtls_x25519.o
[112/849] gcc cross compiler obj/foundation/communication/softbus_lite/authmanager/source/libauthmanager.auth_interface.o
[113/849] gcc cross compiler obj/base/startup/syspara_lite/frameworks/parameter/src/libsysparam.parameter_common.o
../../../base/startup/syspara_lite/frameworks/parameter/src/parameter_common.c: In function 'GetSha256Value':
../../../base/startup/syspara_lite/frameworks/parameter/src/parameter_common.c:274:41: warning: pointer targets in passing argument 2 of 'mbedtls_sha256_update_ret' differ in signedness [-Wpointer-sign]
  274 |     mbedtls_sha256_update_ret(&context, input, strlen(input));
      |                                         ^~~~~
      |                                         |
      |                                         const char *
In file included from ../../../base/startup/syspara_lite/frameworks/parameter/src/parameter_common.c:22:
../../../third_party/mbedtls/include/mbedtls/sha256.h:149:53: note: expected 'const unsigned char *' but argument is of type 'const char *'
  149 |                                const unsigned char *input,
      |                                ~~~~~~~~~~~~~~~~~~~~~^~~~~
[114/849] gcc cross compiler obj/foundation/communication/softbus_lite/authmanager/source/libauthmanager.bus_manager.o
[115/849] gcc cross compiler obj/foundation/distributedschedule/samgr_lite/samgr/adapter/cmsis/libsamgr_adapter.memory_adapter.o
[116/849] gcc cross compiler obj/foundation/communication/softbus_lite/authmanager/source/libauthmanager.msg_get_deviceid.o
[117/849] gcc cross compiler obj/foundation/distributedschedule/samgr_lite/samgr/adapter/cmsis/libsamgr_adapter.queue_adapter.o
[118/849] gcc cross compiler obj/foundation/distributedschedule/samgr_lite/samgr/adapter/cmsis/libsamgr_adapter.thread_adapter.o
[119/849] STAMP obj/device/rockchip/rk2206/rk2206.stamp
[120/849] gcc cross compiler obj/foundation/distributedschedule/samgr_lite/samgr/adapter/cmsis/libsamgr_adapter.time_adapter.o
[121/849] gcc cross compiler obj/foundation/communication/softbus_lite/authmanager/source/libauthmanager.wifi_auth_manager.o
[122/849] gcc cross compiler obj/device/rockchip/rk2206/adapter/hals/communication/wifi_lite/wifiservice/source/libwifiservice.wifi_device.o
In file included from ../../../kernel/liteos_m/components/net/lwip-2.1/porting/include/arch/cc.h:43,
                 from ../../../third_party/lwip/src/include/lwip/arch.h:48,
                 from ../../../third_party/lwip/src/include/lwip/debug.h:40,
                 from ../../../third_party/lwip/src/include/lwip/opt.h:52,
                 from ../../../third_party/lwip/src/include/lwip/if_api.h:42,
                 from ../../../device/rockchip/rk2206/adapter/hals/communication/wifi_lite/wifiservice/source/wifi_device.c:20:
../../../third_party/musl/porting/liteos_m/kernel/include/endian.h: In function '__bswap32':
../../../third_party/musl/porting/liteos_m/kernel/include/endian.h:26:32: warning: suggest parentheses around arithmetic in operand of '|' [-Wparentheses]
   26 |         return __x>>24 | __x>>8&0xff00 | __x<<8&0xff0000 | __x<<24;
      |                          ~~~~~~^~~~~~~
../../../third_party/musl/porting/liteos_m/kernel/include/endian.h:26:48: warning: suggest parentheses around arithmetic in operand of '|' [-Wparentheses]
   26 |         return __x>>24 | __x>>8&0xff00 | __x<<8&0xff0000 | __x<<24;
      |                                          ~~~~~~^~~~~~~~~
../../../third_party/musl/porting/liteos_m/kernel/include/endian.h: In function '__bswap64':
../../../third_party/musl/porting/liteos_m/kernel/include/endian.h:31:30: warning: suggest parentheses around '+' inside '<<' [-Wparentheses]
   31 |         return __bswap32(__x)+0ULL<<32 | __bswap32(__x>>32);
      |                ~~~~~~~~~~~~~~^~~~~
In file included from ../../../device/rockchip/rk2206/adapter/include/lz_hardware.h:45,
                 from ../../../device/rockchip/rk2206/adapter/hals/communication/wifi_lite/wifiservice/source/wifi_device.c:27:
../../../device/rockchip/rk2206/adapter/include/lz_hardware/wifi.h: At top level:
../../../device/rockchip/rk2206/adapter/include/lz_hardware/wifi.h:27: warning: "WIFI_MAX_KEY_LEN" redefined
   27 | #define WIFI_MAX_KEY_LEN     64 // 63 + \0
      | 
In file included from ../../../foundation/communication/wifi_lite/interfaces/wifiservice/wifi_linked_info.h:38,
                 from ../../../foundation/communication/wifi_lite/interfaces/wifiservice/wifi_event.h:40,
                 from ../../../foundation/communication/wifi_lite/interfaces/wifiservice/wifi_device.h:39,
                 from ../../../device/rockchip/rk2206/adapter/hals/communication/wifi_lite/wifiservice/source/wifi_device.c:22:
../../../foundation/communication/wifi_lite/interfaces/wifiservice/wifi_device_config.h:66: note: this is the location of the previous definition
   66 | #define WIFI_MAX_KEY_LEN 65 // 64 + \0
      | 
../../../device/rockchip/rk2206/adapter/hals/communication/wifi_lite/wifiservice/source/wifi_device.c:32:5: warning: braces around scalar initializer
   32 |     {0}, {0}, {0}, 0, WIFI_CONFIG_INVALID, 0, 0, UNKNOWN, {0, 0, {0, 0}, 0}
      |     ^
../../../device/rockchip/rk2206/adapter/hals/communication/wifi_lite/wifiservice/source/wifi_device.c:32:5: note: (near initialization for 'g_wifiConfigs[3].ssid[5]')
../../../device/rockchip/rk2206/adapter/hals/communication/wifi_lite/wifiservice/source/wifi_device.c:32:63: warning: excess elements in scalar initializer
   32 |     {0}, {0}, {0}, 0, WIFI_CONFIG_INVALID, 0, 0, UNKNOWN, {0, 0, {0, 0}, 0}
      |                                                               ^
../../../device/rockchip/rk2206/adapter/hals/communication/wifi_lite/wifiservice/source/wifi_device.c:32:63: note: (near initialization for 'g_wifiConfigs[3].ssid[5]')
../../../device/rockchip/rk2206/adapter/hals/communication/wifi_lite/wifiservice/source/wifi_device.c:32:5: warning: braces around scalar initializer
   32 |     {0}, {0}, {0}, 0, WIFI_CONFIG_INVALID, 0, 0, UNKNOWN, {0, 0, {0, 0}, 0}
      |     ^
../../../device/rockchip/rk2206/adapter/hals/communication/wifi_lite/wifiservice/source/wifi_device.c:32:5: note: (near initialization for 'g_wifiConfigs[3].ssid[5]')
../../../device/rockchip/rk2206/adapter/hals/communication/wifi_lite/wifiservice/source/wifi_device.c:32:70: warning: excess elements in scalar initializer
   32 |     {0}, {0}, {0}, 0, WIFI_CONFIG_INVALID, 0, 0, UNKNOWN, {0, 0, {0, 0}, 0}
      |                                                                      ^
../../../device/rockchip/rk2206/adapter/hals/communication/wifi_lite/wifiservice/source/wifi_device.c:32:70: note: (near initialization for 'g_wifiConfigs[3].ssid[5]')
../../../device/rockchip/rk2206/adapter/hals/communication/wifi_lite/wifiservice/source/wifi_device.c:32:66: warning: excess elements in scalar initializer
   32 |     {0}, {0}, {0}, 0, WIFI_CONFIG_INVALID, 0, 0, UNKNOWN, {0, 0, {0, 0}, 0}
      |                                                                  ^
../../../device/rockchip/rk2206/adapter/hals/communication/wifi_lite/wifiservice/source/wifi_device.c:32:66: note: (near initialization for 'g_wifiConfigs[3].ssid[5]')
../../../device/rockchip/rk2206/adapter/hals/communication/wifi_lite/wifiservice/source/wifi_device.c:32:74: warning: excess elements in scalar initializer
   32 |     {0}, {0}, {0}, 0, WIFI_CONFIG_INVALID, 0, 0, UNKNOWN, {0, 0, {0, 0}, 0}
      |                                                                          ^
../../../device/rockchip/rk2206/adapter/hals/communication/wifi_lite/wifiservice/source/wifi_device.c:32:74: note: (near initialization for 'g_wifiConfigs[3].ssid[5]')
../../../device/rockchip/rk2206/adapter/hals/communication/wifi_lite/wifiservice/source/wifi_device.c:31:63: warning: missing braces around initializer [-Wmissing-braces]
   31 | static WifiDeviceConfig g_wifiConfigs[WIFI_MAX_CONFIG_SIZE] = {
      |                                                               ^
   32 |     {0}, {0}, {0}, 0, WIFI_CONFIG_INVALID, 0, 0, UNKNOWN, {0, 0, {0, 0}, 0}
      |      {}   {}   {}  {{
   33 | };
      | }}
../../../device/rockchip/rk2206/adapter/hals/communication/wifi_lite/wifiservice/source/wifi_device.c: In function 'ConnectTo':
../../../device/rockchip/rk2206/adapter/hals/communication/wifi_lite/wifiservice/source/wifi_device.c:330:45: warning: pointer targets in passing argument 1 of 'WifiConnect' differ in signedness [-Wpointer-sign]
  330 |     if (WifiConnect(g_wifiConfigs[networkId].ssid,
      |                     ~~~~~~~~~~~~~~~~~~~~~~~~^~~~~
      |                                             |
      |                                             char *
../../../device/rockchip/rk2206/adapter/include/lz_hardware/wifi.h:59:41: note: expected 'unsigned char *' but argument is of type 'char *'
   59 | unsigned int WifiConnect(unsigned char *ssid, unsigned char *passphrase);
      |                          ~~~~~~~~~~~~~~~^~~~
../../../device/rockchip/rk2206/adapter/hals/communication/wifi_lite/wifiservice/source/wifi_device.c:331:37: warning: pointer targets in passing argument 2 of 'WifiConnect' differ in signedness [-Wpointer-sign]
  331 |             g_wifiConfigs[networkId].preSharedKey) != WIFI_SUCCESS) {
      |             ~~~~~~~~~~~~~~~~~~~~~~~~^~~~~~~~~~~~~
      |                                     |
      |                                     char *
../../../device/rockchip/rk2206/adapter/include/lz_hardware/wifi.h:59:62: note: expected 'unsigned char *' but argument is of type 'char *'
   59 | unsigned int WifiConnect(unsigned char *ssid, unsigned char *passphrase);
      |                                               ~~~~~~~~~~~~~~~^~~~~~~~~~
In file included from ../../../device/rockchip/rk2206/adapter/include/lz_hardware.h:27:
../../../device/rockchip/rk2206/adapter/hals/communication/wifi_lite/wifiservice/source/wifi_device.c: In function 'SetLocalWifiGw':
../../../device/rockchip/rk2206/adapter/hals/communication/wifi_lite/wifiservice/source/wifi_device.c:404:110: warning: implicit declaration of function 'inet_ntoa'; did you mean 'ip_ntoa'? [-Wimplicit-function-declaration]
  404 |             LZ_HARDWARE_LOGE(WIFI_DEVICE_TAG, "%c %c num:%d %s", netif->name[0], netif->name[1], netif->num, inet_ntoa(ip_addr_get_ip4_u32(&netif->ip_addr)));
      |                                                                                                              ^~~~~~~~~
../../../device/rockchip/rk2206/adapter/include/lz_hardware/log.h:49:57: note: in definition of macro 'LZ_PRINTF'
   49 |     if (LZ_HARDWARE_TRACE_LEVEL >= level) printf(fmt, ##__VA_ARGS__); \
      |                                                         ^~~~~~~~~~~
../../../device/rockchip/rk2206/adapter/hals/communication/wifi_lite/wifiservice/source/wifi_device.c:404:13: note: in expansion of macro 'LZ_HARDWARE_LOGE'
  404 |             LZ_HARDWARE_LOGE(WIFI_DEVICE_TAG, "%c %c num:%d %s", netif->name[0], netif->name[1], netif->num, inet_ntoa(ip_addr_get_ip4_u32(&netif->ip_addr)));
      |             ^~~~~~~~~~~~~~~~
../../../device/rockchip/rk2206/adapter/hals/communication/wifi_lite/wifiservice/source/wifi_device.c: In function 'GetLinkedInfo':
../../../device/rockchip/rk2206/adapter/hals/communication/wifi_lite/wifiservice/source/wifi_device.c:460:24: warning: pointer targets in passing argument 1 of 'GetLocalWifiIp' differ in signedness [-Wpointer-sign]
  460 |     if (GetLocalWifiIp(&(result->ipAddress)) != EOK) {
      |                        ^~~~~~~~~~~~~~~~~~~~
      |                        |
      |                        unsigned int *
../../../device/rockchip/rk2206/adapter/hals/communication/wifi_lite/wifiservice/source/wifi_device.c:429:39: note: expected 'int * const' but argument is of type 'unsigned int *'
  429 | static int GetLocalWifiIp(int * const ip)
      |                           ~~~~~~~~~~~~^~
[123/849] gcc cross compiler obj/third_party/cJSON/libcjson_static.cJSON_Utils.o
[124/849] gcc cross compiler obj/device/rockchip/rk2206/adapter/hals/communication/wifi_lite/wifiservice/source/libwifiservice.wifi_device_util.o
In file included from ../../../device/rockchip/rk2206/adapter/include/lz_hardware.h:45,
                 from ../../../device/rockchip/rk2206/adapter/hals/communication/wifi_lite/wifiservice/source/wifi_device_util.c:25:
../../../device/rockchip/rk2206/adapter/include/lz_hardware/wifi.h:27: warning: "WIFI_MAX_KEY_LEN" redefined
   27 | #define WIFI_MAX_KEY_LEN     64 // 63 + \0
      | 
In file included from ../../../foundation/communication/wifi_lite/interfaces/wifiservice/wifi_linked_info.h:38,
                 from ../../../foundation/communication/wifi_lite/interfaces/wifiservice/wifi_event.h:40,
                 from ../../../foundation/communication/wifi_lite/interfaces/wifiservice/wifi_device.h:39,
                 from ../../../device/rockchip/rk2206/adapter/hals/communication/wifi_lite/wifiservice/source/wifi_device_util.h:19,
                 from ../../../device/rockchip/rk2206/adapter/hals/communication/wifi_lite/wifiservice/source/wifi_device_util.c:16:
../../../foundation/communication/wifi_lite/interfaces/wifiservice/wifi_device_config.h:66: note: this is the location of the previous definition
   66 | #define WIFI_MAX_KEY_LEN 65 // 64 + \0
      | 
[125/849] gcc cross compiler obj/device/rockchip/rk2206/adapter/hals/communication/wifi_lite/wifiaware/source/libhal_wifiaware.hal_wifiaware.o
[126/849] gcc cross compiler obj/device/rockchip/rk2206/adapter/hals/communication/wifi_lite/wifiservice/source/libwifiservice.wifi_hotspot.o
In file included from ../../../kernel/liteos_m/components/net/lwip-2.1/porting/include/arch/cc.h:43,
                 from ../../../third_party/lwip/src/include/lwip/arch.h:48,
                 from ../../../third_party/lwip/src/include/lwip/debug.h:40,
                 from ../../../third_party/lwip/src/include/lwip/opt.h:52,
                 from ../../../third_party/lwip/src/include/lwip/netifapi.h:35,
                 from ../../../kernel/liteos_m/components/net/lwip-2.1/porting/include/lwip/netifapi.h:35,
                 from ../../../device/rockchip/rk2206/adapter/hals/communication/wifi_lite/wifiservice/source/wifi_hotspot.c:18:
../../../third_party/musl/porting/liteos_m/kernel/include/endian.h: In function '__bswap32':
../../../third_party/musl/porting/liteos_m/kernel/include/endian.h:26:32: warning: suggest parentheses around arithmetic in operand of '|' [-Wparentheses]
   26 |         return __x>>24 | __x>>8&0xff00 | __x<<8&0xff0000 | __x<<24;
      |                          ~~~~~~^~~~~~~
../../../third_party/musl/porting/liteos_m/kernel/include/endian.h:26:48: warning: suggest parentheses around arithmetic in operand of '|' [-Wparentheses]
   26 |         return __x>>24 | __x>>8&0xff00 | __x<<8&0xff0000 | __x<<24;
      |                                          ~~~~~~^~~~~~~~~
../../../third_party/musl/porting/liteos_m/kernel/include/endian.h: In function '__bswap64':
../../../third_party/musl/porting/liteos_m/kernel/include/endian.h:31:30: warning: suggest parentheses around '+' inside '<<' [-Wparentheses]
   31 |         return __bswap32(__x)+0ULL<<32 | __bswap32(__x>>32);
      |                ~~~~~~~~~~~~~~^~~~~
../../../device/rockchip/rk2206/adapter/hals/communication/wifi_lite/wifiservice/source/wifi_hotspot.c: In function 'EnableHotspot':
../../../device/rockchip/rk2206/adapter/hals/communication/wifi_lite/wifiservice/source/wifi_hotspot.c:65:9: warning: implicit declaration of function 'WifiStartAP' [-Wimplicit-function-declaration]
   65 |     if (WifiStartAP() != WIFI_SUCCESS) {
      |         ^~~~~~~~~~~
../../../device/rockchip/rk2206/adapter/hals/communication/wifi_lite/wifiservice/source/wifi_hotspot.c: In function 'DisableHotspot':
../../../device/rockchip/rk2206/adapter/hals/communication/wifi_lite/wifiservice/source/wifi_hotspot.c:86:9: warning: implicit declaration of function 'WifiStopAP' [-Wimplicit-function-declaration]
   86 |     if (WifiStopAP() != WIFI_SUCCESS) {
      |         ^~~~~~~~~~
../../../device/rockchip/rk2206/adapter/hals/communication/wifi_lite/wifiservice/source/wifi_hotspot.c: In function 'SetHotspotConfig':
../../../device/rockchip/rk2206/adapter/hals/communication/wifi_lite/wifiservice/source/wifi_hotspot.c:112:9: warning: implicit declaration of function 'WifiConfigAP' [-Wimplicit-function-declaration]
  112 |     if (WifiConfigAP(config->ssid, config->preSharedKey, config->channelNum) != WIFI_SUCCESS) {
      |         ^~~~~~~~~~~~
[127/849] gcc cross compiler obj/device/rockchip/rk2206/adapter/hals/iot_hardware/wifiiot_lite/libhal_iothardware.hal_iot_spi.o
../../../device/rockchip/rk2206/adapter/hals/iot_hardware/wifiiot_lite/hal_iot_spi.c: In function 'IoTSpiInit':
../../../device/rockchip/rk2206/adapter/hals/iot_hardware/wifiiot_lite/hal_iot_spi.c:78:18: warning: unused variable 'ret' [-Wunused-variable]
   78 |     unsigned int ret = 0;
      |                  ^~~
[128/849] gcc cross compiler obj/device/rockchip/rk2206/adapter/hals/iot_hardware/wifiiot_lite/libhal_iothardware.hal_iot_watchdog.o
[129/849] gcc cross compiler obj/device/rockchip/rk2206/adapter/hals/iot_hardware/wifiiot_lite/libhal_iothardware.hal_reset.o
../../../device/rockchip/rk2206/adapter/hals/iot_hardware/wifiiot_lite/hal_reset.c: In function 'RebootDevice':
../../../device/rockchip/rk2206/adapter/hals/iot_hardware/wifiiot_lite/hal_reset.c:22:5: warning: implicit declaration of function 'printf' [-Wimplicit-function-declaration]
   22 |     printf("RebootDevice: restart!\n");
      |     ^~~~~~
../../../device/rockchip/rk2206/adapter/hals/iot_hardware/wifiiot_lite/hal_reset.c:19:1: note: 'printf' is defined in header '<stdio.h>'; did you forget to '#include <stdio.h>'?
   18 | #include "iot_watchdog.h"
  +++ |+#include <stdio.h>
   19 | 
../../../device/rockchip/rk2206/adapter/hals/iot_hardware/wifiiot_lite/hal_reset.c:24:5: warning: implicit declaration of function 'LOS_Msleep' [-Wimplicit-function-declaration]
   24 |     LOS_Msleep(2000);
      |     ^~~~~~~~~~
[130/849] gcc cross compiler obj/device/rockchip/rk2206/adapter/hals/iot_hardware/wifiiot_lite/libhal_iothardware.hal_iot_uart.o
../../../device/rockchip/rk2206/adapter/hals/iot_hardware/wifiiot_lite/hal_iot_uart.c: In function 'IoTUartInit':
../../../device/rockchip/rk2206/adapter/hals/iot_hardware/wifiiot_lite/hal_iot_uart.c:87:31: warning: initialization discards 'const' qualifier from pointer target type [-Wdiscarded-qualifiers]
   87 |     UartAttribute *temp_prt = (const UartAttribute *)param;
      |                               ^
../../../device/rockchip/rk2206/adapter/hals/iot_hardware/wifiiot_lite/hal_iot_uart.c:115:9: warning: implicit declaration of function 'HAL_UART_DeInit' [-Wimplicit-function-declaration]
  115 |         HAL_UART_DeInit(pUart0);
      |         ^~~~~~~~~~~~~~~
[131/849] gcc cross compiler obj/third_party/cJSON/libcjson_static.cJSON.o
[132/849] gcc cross compiler obj/device/rockchip/rk2206/adapter/hals/iot_hardware/wifiiot_lite/libhal_iothardware.hal_iot_adc.o
[133/849] gcc cross compiler obj/device/rockchip/rk2206/adapter/hals/utils/file/libhal_file_static.hal_file.o
In file included from ../../../third_party/musl/porting/liteos_m/kernel/include/sys/types.h:70,
                 from ../../../device/rockchip/rk2206/adapter/hals/utils/file/hal_file.c:17:
../../../third_party/musl/porting/liteos_m/kernel/include/endian.h: In function '__bswap32':
../../../third_party/musl/porting/liteos_m/kernel/include/endian.h:26:32: warning: suggest parentheses around arithmetic in operand of '|' [-Wparentheses]
   26 |         return __x>>24 | __x>>8&0xff00 | __x<<8&0xff0000 | __x<<24;
      |                          ~~~~~~^~~~~~~
../../../third_party/musl/porting/liteos_m/kernel/include/endian.h:26:48: warning: suggest parentheses around arithmetic in operand of '|' [-Wparentheses]
   26 |         return __x>>24 | __x>>8&0xff00 | __x<<8&0xff0000 | __x<<24;
      |                                          ~~~~~~^~~~~~~~~
../../../third_party/musl/porting/liteos_m/kernel/include/endian.h: In function '__bswap64':
../../../third_party/musl/porting/liteos_m/kernel/include/endian.h:31:30: warning: suggest parentheses around '+' inside '<<' [-Wparentheses]
   31 |         return __bswap32(__x)+0ULL<<32 | __bswap32(__x>>32);
      |                ~~~~~~~~~~~~~~^~~~~
../../../device/rockchip/rk2206/adapter/hals/utils/file/hal_file.c: In function 'fs_mount':
../../../device/rockchip/rk2206/adapter/hals/utils/file/hal_file.c:182:9: warning: implicit declaration of function 'CheckPathIsMounted' [-Wimplicit-function-declaration]
  182 |     if (CheckPathIsMounted(path, &fileOpInfo) == 0)
      |         ^~~~~~~~~~~~~~~~~~
[134/849] gcc cross compiler obj/device/rockchip/rk2206/adapter/hals/iot_hardware/wifiiot_lite/libhal_iothardware.hal_iot_flash.o
[135/849] gcc cross compiler obj/device/rockchip/rk2206/adapter/hals/iot_hardware/wifiiot_lite/libhal_iothardware.hal_iot_gpio.o
In file included from ../../../device/rockchip/rk2206/adapter/include/lz_hardware.h:27,
                 from ../../../device/rockchip/rk2206/adapter/hals/iot_hardware/wifiiot_lite/hal_iot_gpio.c:18:
../../../device/rockchip/rk2206/adapter/hals/iot_hardware/wifiiot_lite/hal_iot_gpio.c: In function 'IoTGpioInit':
../../../device/rockchip/rk2206/adapter/include/lz_hardware/log.h:83:50: warning: format '%d' expects a matching 'int' argument [-Wformat=]
   83 |     if (g_print_level >= PRINT_ERR_LEVEL) printf("%s, %d, error: "fmt, __FILE__, __LINE__, ##args); \
      |                                                  ^~~~~~~~~~~~~~~~~
../../../device/rockchip/rk2206/adapter/hals/iot_hardware/wifiiot_lite/hal_iot_gpio.c:25:9: note: in expansion of macro 'PRINT_ERR'
   25 |         PRINT_ERR("id(%d) > %d || id(%d) != %d\n", id, GPIO0_PC7, GPIO1_PD0);
      |         ^~~~~~~~~
../../../device/rockchip/rk2206/adapter/hals/iot_hardware/wifiiot_lite/hal_iot_gpio.c: In function 'IoTGpioDeinit':
../../../device/rockchip/rk2206/adapter/include/lz_hardware/log.h:83:50: warning: format '%d' expects a matching 'int' argument [-Wformat=]
   83 |     if (g_print_level >= PRINT_ERR_LEVEL) printf("%s, %d, error: "fmt, __FILE__, __LINE__, ##args); \
      |                                                  ^~~~~~~~~~~~~~~~~
../../../device/rockchip/rk2206/adapter/hals/iot_hardware/wifiiot_lite/hal_iot_gpio.c:47:9: note: in expansion of macro 'PRINT_ERR'
   47 |         PRINT_ERR("id(%d) > %d || id(%d) != %d\n", id, GPIO0_PC7, GPIO1_PD0);
      |         ^~~~~~~~~
../../../device/rockchip/rk2206/adapter/hals/iot_hardware/wifiiot_lite/hal_iot_gpio.c: In function 'IoTGpioSetDir':
../../../device/rockchip/rk2206/adapter/include/lz_hardware/log.h:83:50: warning: format '%d' expects a matching 'int' argument [-Wformat=]
   83 |     if (g_print_level >= PRINT_ERR_LEVEL) printf("%s, %d, error: "fmt, __FILE__, __LINE__, ##args); \
      |                                                  ^~~~~~~~~~~~~~~~~
../../../device/rockchip/rk2206/adapter/hals/iot_hardware/wifiiot_lite/hal_iot_gpio.c:64:9: note: in expansion of macro 'PRINT_ERR'
   64 |         PRINT_ERR("id(%d) > %d || id(%d) != %d\n", id, GPIO0_PC7, GPIO1_PD0);
      |         ^~~~~~~~~
../../../device/rockchip/rk2206/adapter/hals/iot_hardware/wifiiot_lite/hal_iot_gpio.c: In function 'IoTGpioGetDir':
../../../device/rockchip/rk2206/adapter/include/lz_hardware/log.h:83:50: warning: format '%d' expects a matching 'int' argument [-Wformat=]
   83 |     if (g_print_level >= PRINT_ERR_LEVEL) printf("%s, %d, error: "fmt, __FILE__, __LINE__, ##args); \
      |                                                  ^~~~~~~~~~~~~~~~~
../../../device/rockchip/rk2206/adapter/hals/iot_hardware/wifiiot_lite/hal_iot_gpio.c:81:9: note: in expansion of macro 'PRINT_ERR'
   81 |         PRINT_ERR("id(%d) > %d || id(%d) != %d\n", id, GPIO0_PC7, GPIO1_PD0);
      |         ^~~~~~~~~
../../../device/rockchip/rk2206/adapter/hals/iot_hardware/wifiiot_lite/hal_iot_gpio.c: In function 'IoTGpioSetOutputVal':
../../../device/rockchip/rk2206/adapter/include/lz_hardware/log.h:83:50: warning: format '%d' expects a matching 'int' argument [-Wformat=]
   83 |     if (g_print_level >= PRINT_ERR_LEVEL) printf("%s, %d, error: "fmt, __FILE__, __LINE__, ##args); \
      |                                                  ^~~~~~~~~~~~~~~~~
../../../device/rockchip/rk2206/adapter/hals/iot_hardware/wifiiot_lite/hal_iot_gpio.c:98:9: note: in expansion of macro 'PRINT_ERR'
   98 |         PRINT_ERR("id(%d) > %d || id(%d) != %d\n", id, GPIO0_PC7, GPIO1_PD0);
      |         ^~~~~~~~~
../../../device/rockchip/rk2206/adapter/hals/iot_hardware/wifiiot_lite/hal_iot_gpio.c: In function 'IoTGpioGetOutputVal':
../../../device/rockchip/rk2206/adapter/include/lz_hardware/log.h:83:50: warning: format '%d' expects a matching 'int' argument [-Wformat=]
   83 |     if (g_print_level >= PRINT_ERR_LEVEL) printf("%s, %d, error: "fmt, __FILE__, __LINE__, ##args); \
      |                                                  ^~~~~~~~~~~~~~~~~
../../../device/rockchip/rk2206/adapter/hals/iot_hardware/wifiiot_lite/hal_iot_gpio.c:115:9: note: in expansion of macro 'PRINT_ERR'
  115 |         PRINT_ERR("id(%d) > %d || id(%d) != %d\n", id, GPIO0_PC7, GPIO1_PD0);
      |         ^~~~~~~~~
../../../device/rockchip/rk2206/adapter/hals/iot_hardware/wifiiot_lite/hal_iot_gpio.c: In function 'IoTGpioGetInputVal':
../../../device/rockchip/rk2206/adapter/include/lz_hardware/log.h:83:50: warning: format '%d' expects a matching 'int' argument [-Wformat=]
   83 |     if (g_print_level >= PRINT_ERR_LEVEL) printf("%s, %d, error: "fmt, __FILE__, __LINE__, ##args); \
      |                                                  ^~~~~~~~~~~~~~~~~
../../../device/rockchip/rk2206/adapter/hals/iot_hardware/wifiiot_lite/hal_iot_gpio.c:132:9: note: in expansion of macro 'PRINT_ERR'
  132 |         PRINT_ERR("id(%d) > %d || id(%d) != %d\n", id, GPIO0_PC7, GPIO1_PD0);
      |         ^~~~~~~~~
../../../device/rockchip/rk2206/adapter/hals/iot_hardware/wifiiot_lite/hal_iot_gpio.c: In function 'IoTGpioRegisterIsrFunc':
../../../device/rockchip/rk2206/adapter/include/lz_hardware/log.h:83:50: warning: format '%d' expects a matching 'int' argument [-Wformat=]
   83 |     if (g_print_level >= PRINT_ERR_LEVEL) printf("%s, %d, error: "fmt, __FILE__, __LINE__, ##args); \
      |                                                  ^~~~~~~~~~~~~~~~~
../../../device/rockchip/rk2206/adapter/hals/iot_hardware/wifiiot_lite/hal_iot_gpio.c:151:9: note: in expansion of macro 'PRINT_ERR'
  151 |         PRINT_ERR("id(%d) > %d || id(%d) != %d\n", id, GPIO0_PC7, GPIO1_PD0);
      |         ^~~~~~~~~
../../../device/rockchip/rk2206/adapter/hals/iot_hardware/wifiiot_lite/hal_iot_gpio.c: In function 'IoTGpioUnregisterIsrFunc':
../../../device/rockchip/rk2206/adapter/include/lz_hardware/log.h:83:50: warning: format '%d' expects a matching 'int' argument [-Wformat=]
   83 |     if (g_print_level >= PRINT_ERR_LEVEL) printf("%s, %d, error: "fmt, __FILE__, __LINE__, ##args); \
      |                                                  ^~~~~~~~~~~~~~~~~
../../../device/rockchip/rk2206/adapter/hals/iot_hardware/wifiiot_lite/hal_iot_gpio.c:181:9: note: in expansion of macro 'PRINT_ERR'
  181 |         PRINT_ERR("id(%d) > %d || id(%d) != %d\n", id, GPIO0_PC7, GPIO1_PD0);
      |         ^~~~~~~~~
../../../device/rockchip/rk2206/adapter/hals/iot_hardware/wifiiot_lite/hal_iot_gpio.c: In function 'IoTGpioSetIsrMask':
../../../device/rockchip/rk2206/adapter/include/lz_hardware/log.h:83:50: warning: format '%d' expects a matching 'int' argument [-Wformat=]
   83 |     if (g_print_level >= PRINT_ERR_LEVEL) printf("%s, %d, error: "fmt, __FILE__, __LINE__, ##args); \
      |                                                  ^~~~~~~~~~~~~~~~~
../../../device/rockchip/rk2206/adapter/hals/iot_hardware/wifiiot_lite/hal_iot_gpio.c:198:9: note: in expansion of macro 'PRINT_ERR'
  198 |         PRINT_ERR("id(%d) > %d || id(%d) != %d\n", id, GPIO0_PC7, GPIO1_PD0);
      |         ^~~~~~~~~
[136/849] gcc cross compiler obj/device/rockchip/rk2206/adapter/hals/iot_hardware/wifiiot_lite/libhal_iothardware.hal_iot_pwm.o
../../../device/rockchip/rk2206/adapter/hals/iot_hardware/wifiiot_lite/hal_iot_pwm.c: In function 'IoTPwmInit':
../../../device/rockchip/rk2206/adapter/hals/iot_hardware/wifiiot_lite/hal_iot_pwm.c:224:18: warning: unused variable 'ret' [-Wunused-variable]
  224 |     unsigned int ret = 0;
      |                  ^~~
In file included from ../../../device/rockchip/rk2206/adapter/include/lz_hardware.h:27,
                 from ../../../device/rockchip/rk2206/adapter/hals/iot_hardware/wifiiot_lite/hal_iot_pwm.c:18:
../../../device/rockchip/rk2206/adapter/hals/iot_hardware/wifiiot_lite/hal_iot_pwm.c: In function 'IoTPwmStart':
../../../device/rockchip/rk2206/adapter/include/lz_hardware/log.h:83:50: warning: format '%d' expects argument of type 'int', but argument 5 has type 'long unsigned int' [-Wformat=]
   83 |     if (g_print_level >= PRINT_ERR_LEVEL) printf("%s, %d, error: "fmt, __FILE__, __LINE__, ##args); \
      |                                                  ^~~~~~~~~~~~~~~~~
../../../device/rockchip/rk2206/adapter/hals/iot_hardware/wifiiot_lite/hal_iot_pwm.c:276:9: note: in expansion of macro 'PRINT_ERR'
  276 |         PRINT_ERR("freq(%d) > SEC_TO_NSEC(%d)\n", freq, SEC_TO_NSEC);
      |         ^~~~~~~~~
[137/849] gcc cross compiler obj/device/rockchip/rk2206/adapter/hals/iot_hardware/wifiiot_lite/libhal_iothardware.hal_iot_i2c.o
../../../device/rockchip/rk2206/adapter/hals/iot_hardware/wifiiot_lite/hal_iot_i2c.c: In function 'IoTI2cInit':
../../../device/rockchip/rk2206/adapter/hals/iot_hardware/wifiiot_lite/hal_iot_i2c.c:262:16: warning: variable 'fre' set but not used [-Wunused-but-set-variable]
  262 |   unsigned int fre = 100000;
      |                ^~~
../../../device/rockchip/rk2206/adapter/hals/iot_hardware/wifiiot_lite/hal_iot_i2c.c: In function 'IoTI2cSetBaudrate':
../../../device/rockchip/rk2206/adapter/hals/iot_hardware/wifiiot_lite/hal_iot_i2c.c:333:16: warning: variable 'fre' set but not used [-Wunused-but-set-variable]
  333 |   unsigned int fre = 100000;
      |                ^~~
[138/849] gcc cross compiler obj/device/rockchip/rk2206/adapter/hals/iot_hardware/wifiiot_lite/libhal_iothardware.hal_lowpower.o
[139/849] gcc cross compiler obj/device/rockchip/rk2206/adapter/hals/update/libhal_update_static.hal_hota_board.o
[140/849] gcc cross compiler obj/device/rockchip/rk2206/sdk_liteos/shell/src/libshellcmd.shell_flash.o
In file included from ../../../kernel/liteos_m/components/shell/include/show.h:36,
                 from ../../../kernel/liteos_m/components/shell/include/shcmdparse.h:36,
                 from ../../../kernel/liteos_m/components/shell/include/shcmd.h:38,
                 from ../../../device/rockchip/rk2206/sdk_liteos/shell/src/shell_flash.c:13:
../../../kernel/liteos_m/utils/los_debug.h:148: warning: "PRINT_WARN" redefined
  148 | #define PRINT_WARN(fmt, args...)     LOS_Printf(LOG_MODULE_KERNEL, LOG_WARN_LEVEL, fmt, ##args)
      | 
In file included from ../../../device/rockchip/rk2206/adapter/include/lz_hardware.h:27,
                 from ../../../device/rockchip/rk2206/sdk_liteos/shell/src/shell_flash.c:10:
../../../device/rockchip/rk2206/adapter/include/lz_hardware/log.h:77: note: this is the location of the previous definition
   77 | #define PRINT_WARN(fmt, args...)     do { \
      | 
../../../kernel/liteos_m/utils/los_debug.h:149: warning: "PRINT_ERR" redefined
  149 | #define PRINT_ERR(fmt, args...)      LOS_Printf(LOG_MODULE_KERNEL, LOG_ERR_LEVEL, fmt, ##args)
      | 
../../../device/rockchip/rk2206/adapter/include/lz_hardware/log.h:82: note: this is the location of the previous definition
   82 | #define PRINT_ERR(fmt, args...)     do { \
      | 
../../../device/rockchip/rk2206/sdk_liteos/shell/src/shell_flash.c: In function 'shell_flash':
../../../device/rockchip/rk2206/sdk_liteos/shell/src/shell_flash.c:146:26: warning: unused variable 'count' [-Wunused-variable]
  146 |             unsigned int count = size_to_count(m_flash_size);
      |                          ^~~~~
[141/849] gcc cross compiler obj/device/rockchip/rk2206/sdk_liteos/shell/src/libshellcmd.shell_ifconfig.o
In file included from ../../../third_party/musl/porting/liteos_m/kernel/include/sys/types.h:70,
                 from ../../../device/rockchip/rk2206/sdk_liteos/shell/src/shell_ifconfig.c:8:
../../../third_party/musl/porting/liteos_m/kernel/include/endian.h: In function '__bswap32':
../../../third_party/musl/porting/liteos_m/kernel/include/endian.h:26:32: warning: suggest parentheses around arithmetic in operand of '|' [-Wparentheses]
   26 |         return __x>>24 | __x>>8&0xff00 | __x<<8&0xff0000 | __x<<24;
      |                          ~~~~~~^~~~~~~
../../../third_party/musl/porting/liteos_m/kernel/include/endian.h:26:48: warning: suggest parentheses around arithmetic in operand of '|' [-Wparentheses]
   26 |         return __x>>24 | __x>>8&0xff00 | __x<<8&0xff0000 | __x<<24;
      |                                          ~~~~~~^~~~~~~~~
../../../third_party/musl/porting/liteos_m/kernel/include/endian.h: In function '__bswap64':
../../../third_party/musl/porting/liteos_m/kernel/include/endian.h:31:30: warning: suggest parentheses around '+' inside '<<' [-Wparentheses]
   31 |         return __bswap32(__x)+0ULL<<32 | __bswap32(__x>>32);
      |                ~~~~~~~~~~~~~~^~~~~
In file included from ../../../device/rockchip/rk2206/adapter/include/lz_hardware.h:27,
                 from ../../../device/rockchip/rk2206/sdk_liteos/board/include/config_network.h:22,
                 from ../../../device/rockchip/rk2206/sdk_liteos/shell/src/shell_ifconfig.c:24:
../../../device/rockchip/rk2206/adapter/include/lz_hardware/log.h: At top level:
../../../device/rockchip/rk2206/adapter/include/lz_hardware/log.h:77: warning: "PRINT_WARN" redefined
   77 | #define PRINT_WARN(fmt, args...)     do { \
      | 
In file included from ../../../device/rockchip/rk2206/sdk_liteos/shell/src/shell_ifconfig.c:21:
../../../kernel/liteos_m/utils/los_debug.h:148: note: this is the location of the previous definition
  148 | #define PRINT_WARN(fmt, args...)     LOS_Printf(LOG_MODULE_KERNEL, LOG_WARN_LEVEL, fmt, ##args)
      | 
../../../device/rockchip/rk2206/adapter/include/lz_hardware/log.h:82: warning: "PRINT_ERR" redefined
   82 | #define PRINT_ERR(fmt, args...)     do { \
      | 
../../../kernel/liteos_m/utils/los_debug.h:149: note: this is the location of the previous definition
  149 | #define PRINT_ERR(fmt, args...)      LOS_Printf(LOG_MODULE_KERNEL, LOG_ERR_LEVEL, fmt, ##args)
      | 
In file included from ../../../device/rockchip/rk2206/adapter/include/lz_hardware.h:45:
../../../device/rockchip/rk2206/adapter/include/lz_hardware/wifi.h:27: warning: "WIFI_MAX_KEY_LEN" redefined
   27 | #define WIFI_MAX_KEY_LEN     64 // 63 + \0
      | 
In file included from ../../../foundation/communication/wifi_lite/interfaces/wifiservice/wifi_linked_info.h:38,
                 from ../../../foundation/communication/wifi_lite/interfaces/wifiservice/wifi_event.h:40,
                 from ../../../foundation/communication/wifi_lite/interfaces/wifiservice/wifi_device.h:39,
                 from ../../../device/rockchip/rk2206/sdk_liteos/shell/src/shell_ifconfig.c:14:
../../../foundation/communication/wifi_lite/interfaces/wifiservice/wifi_device_config.h:66: note: this is the location of the previous definition
   66 | #define WIFI_MAX_KEY_LEN 65 // 64 + \0
      | 
../../../device/rockchip/rk2206/sdk_liteos/shell/src/shell_ifconfig.c: In function 'shell_ifconfig_wlan0_info':
../../../device/rockchip/rk2206/sdk_liteos/shell/src/shell_ifconfig.c:67:27: warning: implicit declaration of function 'inet_ntoa'; did you mean 'ip_ntoa'? [-Wimplicit-function-declaration]
   67 |         printf("inet %s", inet_ntoa(wifi_info.ipAddress));
      |                           ^~~~~~~~~
      |                           ip_ntoa
../../../device/rockchip/rk2206/sdk_liteos/shell/src/shell_ifconfig.c:68:13: warning: implicit declaration of function 'GetLocalWifiNetmask' [-Wimplicit-function-declaration]
   68 |         if (GetLocalWifiNetmask(&netmask) == WIFI_SUCCESS)
      |             ^~~~~~~~~~~~~~~~~~~
../../../device/rockchip/rk2206/sdk_liteos/shell/src/shell_ifconfig.c:72:13: warning: implicit declaration of function 'GetLocalWifiGw' [-Wimplicit-function-declaration]
   72 |         if (GetLocalWifiGw(&gw) == WIFI_SUCCESS)
      |             ^~~~~~~~~~~~~~
[142/849] gcc cross compiler obj/device/rockchip/rk2206/sdk_liteos/board/libboard.dprintf.o
../../../device/rockchip/rk2206/sdk_liteos/board/dprintf.c: In function 'printf':
../../../device/rockchip/rk2206/sdk_liteos/board/dprintf.c:29:15: warning: pointer targets in passing argument 1 of 'vsnprintf' differ in signedness [-Wpointer-sign]
   29 |     vsnprintf(buffer, BUFFER_MAXSIZE, fmt, ap);
      |               ^~~~~~
      |               |
      |               unsigned char *
In file included from ../../../device/rockchip/rk2206/sdk_liteos/board/dprintf.c:17:
../../../third_party/musl/porting/liteos_m/kernel/include/stdio.h:120:15: note: expected 'char * restrict' but argument is of type 'unsigned char *'
  120 | int vsnprintf(char *__restrict, size_t, const char *__restrict, __isoc_va_list);
../../../device/rockchip/rk2206/sdk_liteos/board/dprintf.c:32:32: warning: pointer targets in passing argument 1 of 'strlen' differ in signedness [-Wpointer-sign]
   32 |     for (int i = 0; i < strlen(buffer); i++)
      |                                ^~~~~~
      |                                |
      |                                unsigned char *
In file included from ../../../device/rockchip/rk2206/adapter/include/lz_hardware/i2c.h:27,
                 from ../../../device/rockchip/rk2206/adapter/include/lz_hardware.h:34,
                 from ../../../device/rockchip/rk2206/sdk_liteos/board/dprintf.c:18:
../../../third_party/musl/porting/liteos_m/kernel/include/string.h:56:16: note: expected 'const char *' but argument is of type 'unsigned char *'
   56 | size_t strlen (const char *);
      |                ^~~~~~~~~~~~
[143/849] gcc cross compiler obj/device/rockchip/rk2206/sdk_liteos/shell/src/libshellcmd.shell_tcp.o
../../../device/rockchip/rk2206/sdk_liteos/shell/src/shell_tcp.c: In function 'is_valid_ip_format':
../../../device/rockchip/rk2206/sdk_liteos/shell/src/shell_tcp.c:37:18: warning: implicit declaration of function 'isdigit' [-Wimplicit-function-declaration]
   37 |             if (!isdigit((unsigned char)*p)) return false;
      |                  ^~~~~~~
../../../device/rockchip/rk2206/sdk_liteos/shell/src/shell_tcp.c:44:19: warning: implicit declaration of function 'atoi' [-Wimplicit-function-declaration]
   44 |         int num = atoi(part);
      |                   ^~~~
../../../device/rockchip/rk2206/sdk_liteos/shell/src/shell_tcp.c: In function 'ip_check':
../../../device/rockchip/rk2206/sdk_liteos/shell/src/shell_tcp.c:55:29: warning: pointer targets in passing argument 1 of 'is_valid_ip_format' differ in signedness [-Wpointer-sign]
   55 |     if (!is_valid_ip_format(ip)) {
      |                             ^~
      |                             |
      |                             const uint8_t * {aka const unsigned char *}
../../../device/rockchip/rk2206/sdk_liteos/shell/src/shell_tcp.c:11:44: note: expected 'const char *' but argument is of type 'const uint8_t *' {aka 'const unsigned char *'}
   11 | static bool is_valid_ip_format(const char *ip)
      |                                ~~~~~~~~~~~~^~
../../../device/rockchip/rk2206/sdk_liteos/shell/src/shell_tcp.c:61:30: warning: pointer targets in passing argument 2 of 'inet_pton' differ in signedness [-Wpointer-sign]
   61 |     if (!(inet_pton(AF_INET, ip, &addr) == 1)) {
      |                              ^~
      |                              |
      |                              const uint8_t * {aka const unsigned char *}
In file included from ../../../device/rockchip/rk2206/sdk_liteos/shell/src/shell_tcp.c:3:
../../../third_party/musl/porting/liteos_m/kernel/include/arpa/inet.h:19:21: note: expected 'const char * restrict' but argument is of type 'const uint8_t *' {aka 'const unsigned char *'}
   19 | int inet_pton (int, const char *__restrict, void *__restrict);
../../../device/rockchip/rk2206/sdk_liteos/shell/src/shell_tcp.c: In function 'shell_two_argc':
../../../device/rockchip/rk2206/sdk_liteos/shell/src/shell_tcp.c:91:20: warning: pointer targets in passing argument 1 of 'strcmp' differ in signedness [-Wpointer-sign]
   91 |     if (strcmp(argv[0], "help") == 0) {
      |                ~~~~^~~
      |                    |
      |                    const uint8_t * {aka const unsigned char *}
In file included from ../../../device/rockchip/rk2206/sdk_liteos/shell/include/log.h:2,
                 from ../../../device/rockchip/rk2206/sdk_liteos/shell/src/shell_tcp.c:5:
../../../third_party/musl/porting/liteos_m/kernel/include/string.h:41:13: note: expected 'const char *' but argument is of type 'const uint8_t *' {aka 'const unsigned char *'}
   41 | int strcmp (const char *, const char *);
      |             ^~~~~~~~~~~~
../../../device/rockchip/rk2206/sdk_liteos/shell/src/shell_tcp.c: In function 'shell_four_argc':
../../../device/rockchip/rk2206/sdk_liteos/shell/src/shell_tcp.c:100:20: warning: pointer targets in passing argument 1 of 'strcmp' differ in signedness [-Wpointer-sign]
  100 |     if (strcmp(argv[0], "client") == 0) {
      |                ~~~~^~~
      |                    |
      |                    const uint8_t * {aka const unsigned char *}
../../../third_party/musl/porting/liteos_m/kernel/include/string.h:41:13: note: expected 'const char *' but argument is of type 'const uint8_t *' {aka 'const unsigned char *'}
   41 | int strcmp (const char *, const char *);
      |             ^~~~~~~~~~~~
../../../device/rockchip/rk2206/sdk_liteos/shell/src/shell_tcp.c:101:24: warning: pointer targets in passing argument 1 of 'strcmp' differ in signedness [-Wpointer-sign]
  101 |         if (strcmp(argv[1], "ip") == 0) {
      |                    ~~~~^~~
      |                        |
      |                        const uint8_t * {aka const unsigned char *}
../../../third_party/musl/porting/liteos_m/kernel/include/string.h:41:13: note: expected 'const char *' but argument is of type 'const uint8_t *' {aka 'const unsigned char *'}
   41 | int strcmp (const char *, const char *);
      |             ^~~~~~~~~~~~
../../../device/rockchip/rk2206/sdk_liteos/shell/src/shell_tcp.c:105:65: warning: pointer targets in passing argument 2 of 'UtilsSetValue' differ in signedness [-Wpointer-sign]
  105 |             uint32_t ret = UtilsSetValue(TCP_CLIENT_IP_KEY, argv[2]);
      |                                                             ~~~~^~~
      |                                                                 |
      |                                                                 const uint8_t * {aka const unsigned char *}
In file included from ../../../device/rockchip/rk2206/sdk_liteos/shell/src/shell_tcp.c:6:
../../../utils/native/lite/include/kv_store.h:80:48: note: expected 'const char *' but argument is of type 'const uint8_t *' {aka 'const unsigned char *'}
   80 | int UtilsSetValue(const char* key, const char* value);
      |                                    ~~~~~~~~~~~~^~~~~
../../../device/rockchip/rk2206/sdk_liteos/shell/src/shell_tcp.c:111:31: warning: pointer targets in passing argument 1 of 'strcmp' differ in signedness [-Wpointer-sign]
  111 |         } else if (strcmp(argv[1], "port") == 0) {
      |                           ~~~~^~~
      |                               |
      |                               const uint8_t * {aka const unsigned char *}
../../../third_party/musl/porting/liteos_m/kernel/include/string.h:41:13: note: expected 'const char *' but argument is of type 'const uint8_t *' {aka 'const unsigned char *'}
   41 | int strcmp (const char *, const char *);
      |             ^~~~~~~~~~~~
../../../device/rockchip/rk2206/sdk_liteos/shell/src/shell_tcp.c:115:67: warning: pointer targets in passing argument 2 of 'UtilsSetValue' differ in signedness [-Wpointer-sign]
  115 |             uint32_t ret = UtilsSetValue(TCP_CLIENT_PORT_KEY, argv[2]);
      |                                                               ~~~~^~~
      |                                                                   |
      |                                                                   const uint8_t * {aka const unsigned char *}
../../../utils/native/lite/include/kv_store.h:80:48: note: expected 'const char *' but argument is of type 'const uint8_t *' {aka 'const unsigned char *'}
   80 | int UtilsSetValue(const char* key, const char* value);
      |                                    ~~~~~~~~~~~~^~~~~
../../../device/rockchip/rk2206/sdk_liteos/shell/src/shell_tcp.c: In function 'shell_six_argc':
../../../device/rockchip/rk2206/sdk_liteos/shell/src/shell_tcp.c:131:20: warning: pointer targets in passing argument 1 of 'strcmp' differ in signedness [-Wpointer-sign]
  131 |     if (strcmp(argv[0], "client") == 0) {
      |                ~~~~^~~
      |                    |
      |                    const uint8_t * {aka const unsigned char *}
../../../third_party/musl/porting/liteos_m/kernel/include/string.h:41:13: note: expected 'const char *' but argument is of type 'const uint8_t *' {aka 'const unsigned char *'}
   41 | int strcmp (const char *, const char *);
      |             ^~~~~~~~~~~~
../../../device/rockchip/rk2206/sdk_liteos/shell/src/shell_tcp.c:132:25: warning: pointer targets in passing argument 1 of 'strcmp' differ in signedness [-Wpointer-sign]
  132 |         if ((strcmp(argv[1], "ip") == 0) && (strcmp(argv[3], "port") == 0)) {
      |                     ~~~~^~~
      |                         |
      |                         const uint8_t * {aka const unsigned char *}
../../../third_party/musl/porting/liteos_m/kernel/include/string.h:41:13: note: expected 'const char *' but argument is of type 'const uint8_t *' {aka 'const unsigned char *'}
   41 | int strcmp (const char *, const char *);
      |             ^~~~~~~~~~~~
../../../device/rockchip/rk2206/sdk_liteos/shell/src/shell_tcp.c:132:57: warning: pointer targets in passing argument 1 of 'strcmp' differ in signedness [-Wpointer-sign]
  132 |         if ((strcmp(argv[1], "ip") == 0) && (strcmp(argv[3], "port") == 0)) {
      |                                                     ~~~~^~~
      |                                                         |
      |                                                         const uint8_t * {aka const unsigned char *}
../../../third_party/musl/porting/liteos_m/kernel/include/string.h:41:13: note: expected 'const char *' but argument is of type 'const uint8_t *' {aka 'const unsigned char *'}
   41 | int strcmp (const char *, const char *);
      |             ^~~~~~~~~~~~
../../../device/rockchip/rk2206/sdk_liteos/shell/src/shell_tcp.c:136:65: warning: pointer targets in passing argument 2 of 'UtilsSetValue' differ in signedness [-Wpointer-sign]
  136 |             uint32_t ret = UtilsSetValue(TCP_CLIENT_IP_KEY, argv[2]);
      |                                                             ~~~~^~~
      |                                                                 |
      |                                                                 const uint8_t * {aka const unsigned char *}
../../../utils/native/lite/include/kv_store.h:80:48: note: expected 'const char *' but argument is of type 'const uint8_t *' {aka 'const unsigned char *'}
   80 | int UtilsSetValue(const char* key, const char* value);
      |                                    ~~~~~~~~~~~~^~~~~
../../../device/rockchip/rk2206/sdk_liteos/shell/src/shell_tcp.c:141:58: warning: pointer targets in passing argument 2 of 'UtilsSetValue' differ in signedness [-Wpointer-sign]
  141 |             ret = UtilsSetValue(TCP_CLIENT_PORT_KEY, argv[4]);
      |                                                      ~~~~^~~
      |                                                          |
      |                                                          const uint8_t * {aka const unsigned char *}
../../../utils/native/lite/include/kv_store.h:80:48: note: expected 'const char *' but argument is of type 'const uint8_t *' {aka 'const unsigned char *'}
   80 | int UtilsSetValue(const char* key, const char* value);
      |                                    ~~~~~~~~~~~~^~~~~
../../../device/rockchip/rk2206/sdk_liteos/shell/src/shell_tcp.c: In function 'shell_tcp':
../../../device/rockchip/rk2206/sdk_liteos/shell/src/shell_tcp.c:171:1: warning: control reaches end of non-void function [-Wreturn-type]
  171 | }
      | ^
[144/849] gcc cross compiler obj/device/rockchip/rk2206/sdk_liteos/board/libboard.iotmain.o
../../../device/rockchip/rk2206/sdk_liteos/board/iotmain.c: In function 'IotProcess':
../../../device/rockchip/rk2206/sdk_liteos/board/iotmain.c:29:9: warning: implicit declaration of function 'LOS_Msleep' [-Wimplicit-function-declaration]
   29 |         LOS_Msleep(5000);
      |         ^~~~~~~~~~
../../../device/rockchip/rk2206/sdk_liteos/board/iotmain.c:22:14: warning: unused variable 'ret' [-Wunused-variable]
   22 |     uint32_t ret = LZ_HARDWARE_SUCCESS;
      |              ^~~
[145/849] gcc cross compiler obj/device/rockchip/rk2206/sdk_liteos/board/startup/libboard.startup_rk2206.o
[146/849] gcc cross compiler obj/device/rockchip/rk2206/sdk_liteos/board/libboard.uart.o
[147/849] gcc cross compiler obj/device/rockchip/rk2206/sdk_liteos/board/libboard.main.o
In file included from ../../../device/rockchip/rk2206/adapter/include/lz_hardware.h:27,
                 from ../../../device/rockchip/rk2206/sdk_liteos/board/main.c:22:
../../../device/rockchip/rk2206/adapter/include/lz_hardware/log.h:77: warning: "PRINT_WARN" redefined
   77 | #define PRINT_WARN(fmt, args...)     do { \
      | 
In file included from ../../../device/rockchip/rk2206/sdk_liteos/board/main.c:20:
../../../kernel/liteos_m/utils/los_debug.h:148: note: this is the location of the previous definition
  148 | #define PRINT_WARN(fmt, args...)     LOS_Printf(LOG_MODULE_KERNEL, LOG_WARN_LEVEL, fmt, ##args)
      | 
../../../device/rockchip/rk2206/adapter/include/lz_hardware/log.h:82: warning: "PRINT_ERR" redefined
   82 | #define PRINT_ERR(fmt, args...)     do { \
      | 
../../../kernel/liteos_m/utils/los_debug.h:149: note: this is the location of the previous definition
  149 | #define PRINT_ERR(fmt, args...)      LOS_Printf(LOG_MODULE_KERNEL, LOG_ERR_LEVEL, fmt, ##args)
      | 
In file included from ../../../foundation/communication/wifi_lite/interfaces/wifiservice/wifi_linked_info.h:38,
                 from ../../../foundation/communication/wifi_lite/interfaces/wifiservice/wifi_event.h:40,
                 from ../../../foundation/communication/wifi_lite/interfaces/wifiservice/wifi_device.h:39,
                 from ../../../device/rockchip/rk2206/sdk_liteos/board/include/config_network.h:18,
                 from ../../../device/rockchip/rk2206/sdk_liteos/board/main.c:23:
../../../foundation/communication/wifi_lite/interfaces/wifiservice/wifi_device_config.h:66: warning: "WIFI_MAX_KEY_LEN" redefined
   66 | #define WIFI_MAX_KEY_LEN 65 // 64 + \0
      | 
In file included from ../../../device/rockchip/rk2206/adapter/include/lz_hardware.h:45:
../../../device/rockchip/rk2206/adapter/include/lz_hardware/wifi.h:27: note: this is the location of the previous definition
   27 | #define WIFI_MAX_KEY_LEN     64 // 63 + \0
      | 
In file included from ../../../kernel/liteos_m/components/net/lwip-2.1/porting/include/arch/cc.h:43,
                 from ../../../third_party/lwip/src/include/lwip/arch.h:48,
                 from ../../../third_party/lwip/src/include/lwip/debug.h:40,
                 from ../../../third_party/lwip/src/include/lwip/opt.h:52,
                 from ../../../third_party/lwip/src/include/lwip/inet.h:43,
                 from ../../../device/rockchip/rk2206/sdk_liteos/board/include/config_network.h:20:
../../../third_party/musl/porting/liteos_m/kernel/include/endian.h: In function '__bswap32':
../../../third_party/musl/porting/liteos_m/kernel/include/endian.h:26:32: warning: suggest parentheses around arithmetic in operand of '|' [-Wparentheses]
   26 |         return __x>>24 | __x>>8&0xff00 | __x<<8&0xff0000 | __x<<24;
      |                          ~~~~~~^~~~~~~
../../../third_party/musl/porting/liteos_m/kernel/include/endian.h:26:48: warning: suggest parentheses around arithmetic in operand of '|' [-Wparentheses]
   26 |         return __x>>24 | __x>>8&0xff00 | __x<<8&0xff0000 | __x<<24;
      |                                          ~~~~~~^~~~~~~~~
../../../third_party/musl/porting/liteos_m/kernel/include/endian.h: In function '__bswap64':
../../../third_party/musl/porting/liteos_m/kernel/include/endian.h:31:30: warning: suggest parentheses around '+' inside '<<' [-Wparentheses]
   31 |         return __bswap32(__x)+0ULL<<32 | __bswap32(__x>>32);
      |                ~~~~~~~~~~~~~~^~~~~
../../../device/rockchip/rk2206/sdk_liteos/board/main.c: In function 'Main':
../../../device/rockchip/rk2206/sdk_liteos/board/main.c:48:9: warning: implicit declaration of function 'OHOS_SystemInit'; did you mean 'SystemInit'? [-Wimplicit-function-declaration]
   48 |         OHOS_SystemInit();
      |         ^~~~~~~~~~~~~~~
      |         SystemInit
../../../device/rockchip/rk2206/sdk_liteos/board/main.c:50:9: warning: implicit declaration of function 'LosShellInit' [-Wimplicit-function-declaration]
   50 |         LosShellInit();
      |         ^~~~~~~~~~~~
[148/849] STAMP obj/domains/iot/link/link.stamp
[149/849] STAMP obj/domains/iot/link/iot.stamp
[150/849] gcc cross compiler obj/device/rockchip/rk2206/sdk_liteos/shell/src/libshellcmd.shell_hwinfo.o
In file included from ../../../third_party/musl/porting/liteos_m/kernel/include/sys/types.h:70,
                 from ../../../device/rockchip/rk2206/sdk_liteos/shell/src/shell_hwinfo.c:14:
../../../third_party/musl/porting/liteos_m/kernel/include/endian.h: In function '__bswap32':
../../../third_party/musl/porting/liteos_m/kernel/include/endian.h:26:32: warning: suggest parentheses around arithmetic in operand of '|' [-Wparentheses]
   26 |         return __x>>24 | __x>>8&0xff00 | __x<<8&0xff0000 | __x<<24;
      |                          ~~~~~~^~~~~~~
../../../third_party/musl/porting/liteos_m/kernel/include/endian.h:26:48: warning: suggest parentheses around arithmetic in operand of '|' [-Wparentheses]
   26 |         return __x>>24 | __x>>8&0xff00 | __x<<8&0xff0000 | __x<<24;
      |                                          ~~~~~~^~~~~~~~~
../../../third_party/musl/porting/liteos_m/kernel/include/endian.h: In function '__bswap64':
../../../third_party/musl/porting/liteos_m/kernel/include/endian.h:31:30: warning: suggest parentheses around '+' inside '<<' [-Wparentheses]
   31 |         return __bswap32(__x)+0ULL<<32 | __bswap32(__x>>32);
      |                ~~~~~~~~~~~~~~^~~~~
In file included from ../../../device/rockchip/rk2206/adapter/include/lz_hardware.h:27,
                 from ../../../device/rockchip/rk2206/sdk_liteos/board/include/config_network.h:22,
                 from ../../../device/rockchip/rk2206/sdk_liteos/shell/src/shell_hwinfo.c:30:
../../../device/rockchip/rk2206/adapter/include/lz_hardware/log.h: At top level:
../../../device/rockchip/rk2206/adapter/include/lz_hardware/log.h:77: warning: "PRINT_WARN" redefined
   77 | #define PRINT_WARN(fmt, args...)     do { \
      | 
In file included from ../../../device/rockchip/rk2206/sdk_liteos/shell/src/shell_hwinfo.c:27:
../../../kernel/liteos_m/utils/los_debug.h:148: note: this is the location of the previous definition
  148 | #define PRINT_WARN(fmt, args...)     LOS_Printf(LOG_MODULE_KERNEL, LOG_WARN_LEVEL, fmt, ##args)
      | 
../../../device/rockchip/rk2206/adapter/include/lz_hardware/log.h:82: warning: "PRINT_ERR" redefined
   82 | #define PRINT_ERR(fmt, args...)     do { \
      | 
../../../kernel/liteos_m/utils/los_debug.h:149: note: this is the location of the previous definition
  149 | #define PRINT_ERR(fmt, args...)      LOS_Printf(LOG_MODULE_KERNEL, LOG_ERR_LEVEL, fmt, ##args)
      | 
In file included from ../../../device/rockchip/rk2206/adapter/include/lz_hardware.h:45:
../../../device/rockchip/rk2206/adapter/include/lz_hardware/wifi.h:27: warning: "WIFI_MAX_KEY_LEN" redefined
   27 | #define WIFI_MAX_KEY_LEN     64 // 63 + \0
      | 
In file included from ../../../foundation/communication/wifi_lite/interfaces/wifiservice/wifi_linked_info.h:38,
                 from ../../../foundation/communication/wifi_lite/interfaces/wifiservice/wifi_event.h:40,
                 from ../../../foundation/communication/wifi_lite/interfaces/wifiservice/wifi_device.h:39,
                 from ../../../device/rockchip/rk2206/sdk_liteos/shell/src/shell_hwinfo.c:20:
../../../foundation/communication/wifi_lite/interfaces/wifiservice/wifi_device_config.h:66: note: this is the location of the previous definition
   66 | #define WIFI_MAX_KEY_LEN 65 // 64 + \0
      | 
../../../device/rockchip/rk2206/sdk_liteos/shell/src/shell_hwinfo.c: In function 'parse_opt':
../../../device/rockchip/rk2206/sdk_liteos/shell/src/shell_hwinfo.c:88:19: warning: assignment discards 'const' qualifier from pointer target type [-Wdiscarded-qualifiers]
   88 |         m_str_key = argv[2];
      |                   ^
../../../device/rockchip/rk2206/sdk_liteos/shell/src/shell_hwinfo.c:89:21: warning: assignment discards 'const' qualifier from pointer target type [-Wdiscarded-qualifiers]
   89 |         m_str_value = argv[3];
      |                     ^
../../../device/rockchip/rk2206/sdk_liteos/shell/src/shell_hwinfo.c: In function 'shell_hwinfo':
../../../device/rockchip/rk2206/sdk_liteos/shell/src/shell_hwinfo.c:129:28: warning: pointer targets in passing argument 1 of 'snprintf' differ in signedness [-Wpointer-sign]
  129 |             snprintf(config.sn, sizeof(config.sn), "%s", m_str_value);
      |                      ~~~~~~^~~
      |                            |
      |                            uint8_t * {aka unsigned char *}
In file included from ../../../device/rockchip/rk2206/sdk_liteos/shell/src/shell_hwinfo.c:1:
../../../third_party/musl/porting/liteos_m/kernel/include/stdio.h:115:14: note: expected 'char * restrict' but argument is of type 'uint8_t *' {aka 'unsigned char *'}
  115 | int snprintf(char *__restrict, size_t, const char *__restrict, ...);
../../../device/rockchip/rk2206/sdk_liteos/shell/src/shell_hwinfo.c:134:28: warning: pointer targets in passing argument 1 of 'snprintf' differ in signedness [-Wpointer-sign]
  134 |             snprintf(config.product, sizeof(config.product), "%s", m_str_value);
      |                      ~~~~~~^~~~~~~~
      |                            |
      |                            uint8_t * {aka unsigned char *}
../../../third_party/musl/porting/liteos_m/kernel/include/stdio.h:115:14: note: expected 'char * restrict' but argument is of type 'uint8_t *' {aka 'unsigned char *'}
  115 | int snprintf(char *__restrict, size_t, const char *__restrict, ...);
../../../device/rockchip/rk2206/sdk_liteos/shell/src/shell_hwinfo.c:139:28: warning: pointer targets in passing argument 1 of 'snprintf' differ in signedness [-Wpointer-sign]
  139 |             snprintf(config.factory, sizeof(config.factory), "%s", m_str_value);
      |                      ~~~~~~^~~~~~~~
      |                            |
      |                            uint8_t * {aka unsigned char *}
../../../third_party/musl/porting/liteos_m/kernel/include/stdio.h:115:14: note: expected 'char * restrict' but argument is of type 'uint8_t *' {aka 'unsigned char *'}
  115 | int snprintf(char *__restrict, size_t, const char *__restrict, ...);
../../../device/rockchip/rk2206/sdk_liteos/shell/src/shell_hwinfo.c:144:38: warning: pointer targets in passing argument 1 of 'strncmp' differ in signedness [-Wpointer-sign]
  144 |                     && strncmp(config.mode, WIFI_CONFIG_KEY_MODE_STA, strlen(WIFI_CONFIG_KEY_MODE_STA)) == 0)
      |                                ~~~~~~^~~~~
      |                                      |
      |                                      uint8_t * {aka unsigned char *}
In file included from ../../../device/rockchip/rk2206/sdk_liteos/shell/src/shell_hwinfo.c:2:
../../../third_party/musl/porting/liteos_m/kernel/include/string.h:42:14: note: expected 'const char *' but argument is of type 'uint8_t *' {aka 'unsigned char *'}
   42 | int strncmp (const char *, const char *, size_t);
      |              ^~~~~~~~~~~~
../../../device/rockchip/rk2206/sdk_liteos/shell/src/shell_hwinfo.c:152:32: warning: pointer targets in passing argument 1 of 'snprintf' differ in signedness [-Wpointer-sign]
  152 |                 snprintf(config.mode, sizeof(config.mode), "%s", m_str_value);
      |                          ~~~~~~^~~~~
      |                                |
      |                                uint8_t * {aka unsigned char *}
../../../third_party/musl/porting/liteos_m/kernel/include/stdio.h:115:14: note: expected 'char * restrict' but argument is of type 'uint8_t *' {aka 'unsigned char *'}
  115 | int snprintf(char *__restrict, size_t, const char *__restrict, ...);
../../../device/rockchip/rk2206/sdk_liteos/shell/src/shell_hwinfo.c:207:28: warning: pointer targets in passing argument 1 of 'snprintf' differ in signedness [-Wpointer-sign]
  207 |             snprintf(config.ssid, sizeof(config.ssid), "%s", m_str_value);
      |                      ~~~~~~^~~~~
      |                            |
      |                            uint8_t * {aka unsigned char *}
../../../third_party/musl/porting/liteos_m/kernel/include/stdio.h:115:14: note: expected 'char * restrict' but argument is of type 'uint8_t *' {aka 'unsigned char *'}
  115 | int snprintf(char *__restrict, size_t, const char *__restrict, ...);
../../../device/rockchip/rk2206/sdk_liteos/shell/src/shell_hwinfo.c:212:28: warning: pointer targets in passing argument 1 of 'snprintf' differ in signedness [-Wpointer-sign]
  212 |             snprintf(config.password, sizeof(config.password), "%s", m_str_value);
      |                      ~~~~~~^~~~~~~~~
      |                            |
      |                            uint8_t * {aka unsigned char *}
../../../third_party/musl/porting/liteos_m/kernel/include/stdio.h:115:14: note: expected 'char * restrict' but argument is of type 'uint8_t *' {aka 'unsigned char *'}
  115 | int snprintf(char *__restrict, size_t, const char *__restrict, ...);
../../../device/rockchip/rk2206/sdk_liteos/shell/src/shell_hwinfo.c:217:28: warning: pointer targets in passing argument 1 of 'snprintf' differ in signedness [-Wpointer-sign]
  217 |             snprintf(config.route_ssid, sizeof(config.route_ssid), "%s", m_str_value);
      |                      ~~~~~~^~~~~~~~~~~
      |                            |
      |                            uint8_t * {aka unsigned char *}
../../../third_party/musl/porting/liteos_m/kernel/include/stdio.h:115:14: note: expected 'char * restrict' but argument is of type 'uint8_t *' {aka 'unsigned char *'}
  115 | int snprintf(char *__restrict, size_t, const char *__restrict, ...);
../../../device/rockchip/rk2206/sdk_liteos/shell/src/shell_hwinfo.c:222:28: warning: pointer targets in passing argument 1 of 'snprintf' differ in signedness [-Wpointer-sign]
  222 |             snprintf(config.route_password, sizeof(config.route_password), "%s", m_str_value);
      |                      ~~~~~~^~~~~~~~~~~~~~~
      |                            |
      |                            uint8_t * {aka unsigned char *}
../../../third_party/musl/porting/liteos_m/kernel/include/stdio.h:115:14: note: expected 'char * restrict' but argument is of type 'uint8_t *' {aka 'unsigned char *'}
  115 | int snprintf(char *__restrict, size_t, const char *__restrict, ...);
[151/849] gcc cross compiler obj/device/rockchip/rk2206/sdk_liteos/shell/src/libshellcmd.shell_cmd.o
In file included from ../../../device/rockchip/rk2206/adapter/include/lz_hardware.h:27,
                 from ../../../device/rockchip/rk2206/sdk_liteos/shell/src/shell_cmd.c:14:
../../../device/rockchip/rk2206/adapter/include/lz_hardware/log.h:77: warning: "PRINT_WARN" redefined
   77 | #define PRINT_WARN(fmt, args...)     do { \
      | 
In file included from ../../../device/rockchip/rk2206/sdk_liteos/shell/src/shell_cmd.c:11:
../../../kernel/liteos_m/utils/los_debug.h:148: note: this is the location of the previous definition
  148 | #define PRINT_WARN(fmt, args...)     LOS_Printf(LOG_MODULE_KERNEL, LOG_WARN_LEVEL, fmt, ##args)
      | 
../../../device/rockchip/rk2206/adapter/include/lz_hardware/log.h:82: warning: "PRINT_ERR" redefined
   82 | #define PRINT_ERR(fmt, args...)     do { \
      | 
../../../kernel/liteos_m/utils/los_debug.h:149: note: this is the location of the previous definition
  149 | #define PRINT_ERR(fmt, args...)      LOS_Printf(LOG_MODULE_KERNEL, LOG_ERR_LEVEL, fmt, ##args)
      | 
[152/849] gcc cross compiler obj/device/rockchip/rk2206/sdk_liteos/shell/src/libshellcmd.shell_test.o
[153/849] gcc cross compiler obj/device/rockchip/rk2206/sdk_liteos/shell/src/libshellcmd.shell_uname.o
[154/849] gcc cross compiler obj/device/rockchip/rk2206/sdk_liteos/board/src/libboard.config_network.o
In file included from ../../../third_party/musl/porting/liteos_m/kernel/include/sys/types.h:70,
                 from ../../../device/rockchip/rk2206/sdk_liteos/board/src/config_network.c:22:
../../../third_party/musl/porting/liteos_m/kernel/include/endian.h: In function '__bswap32':
../../../third_party/musl/porting/liteos_m/kernel/include/endian.h:26:32: warning: suggest parentheses around arithmetic in operand of '|' [-Wparentheses]
   26 |         return __x>>24 | __x>>8&0xff00 | __x<<8&0xff0000 | __x<<24;
      |                          ~~~~~~^~~~~~~
../../../third_party/musl/porting/liteos_m/kernel/include/endian.h:26:48: warning: suggest parentheses around arithmetic in operand of '|' [-Wparentheses]
   26 |         return __x>>24 | __x>>8&0xff00 | __x<<8&0xff0000 | __x<<24;
      |                                          ~~~~~~^~~~~~~~~
../../../third_party/musl/porting/liteos_m/kernel/include/endian.h: In function '__bswap64':
../../../third_party/musl/porting/liteos_m/kernel/include/endian.h:31:30: warning: suggest parentheses around '+' inside '<<' [-Wparentheses]
   31 |         return __bswap32(__x)+0ULL<<32 | __bswap32(__x>>32);
      |                ~~~~~~~~~~~~~~^~~~~
In file included from ../../../device/rockchip/rk2206/adapter/include/lz_hardware.h:27,
                 from ../../../device/rockchip/rk2206/sdk_liteos/board/include/config_network.h:22,
                 from ../../../device/rockchip/rk2206/sdk_liteos/board/src/config_network.c:33:
../../../device/rockchip/rk2206/adapter/include/lz_hardware/log.h: At top level:
../../../device/rockchip/rk2206/adapter/include/lz_hardware/log.h:77: warning: "PRINT_WARN" redefined
   77 | #define PRINT_WARN(fmt, args...)     do { \
      | 
In file included from ../../../device/rockchip/rk2206/sdk_liteos/board/src/config_network.c:30:
../../../kernel/liteos_m/utils/los_debug.h:148: note: this is the location of the previous definition
  148 | #define PRINT_WARN(fmt, args...)     LOS_Printf(LOG_MODULE_KERNEL, LOG_WARN_LEVEL, fmt, ##args)
      | 
../../../device/rockchip/rk2206/adapter/include/lz_hardware/log.h:82: warning: "PRINT_ERR" redefined
   82 | #define PRINT_ERR(fmt, args...)     do { \
      | 
../../../kernel/liteos_m/utils/los_debug.h:149: note: this is the location of the previous definition
  149 | #define PRINT_ERR(fmt, args...)      LOS_Printf(LOG_MODULE_KERNEL, LOG_ERR_LEVEL, fmt, ##args)
      | 
In file included from ../../../device/rockchip/rk2206/adapter/include/lz_hardware.h:45:
../../../device/rockchip/rk2206/adapter/include/lz_hardware/wifi.h:27: warning: "WIFI_MAX_KEY_LEN" redefined
   27 | #define WIFI_MAX_KEY_LEN     64 // 63 + \0
      | 
In file included from ../../../foundation/communication/wifi_lite/interfaces/wifiservice/wifi_linked_info.h:38,
                 from ../../../foundation/communication/wifi_lite/interfaces/wifiservice/wifi_event.h:40,
                 from ../../../foundation/communication/wifi_lite/interfaces/wifiservice/wifi_device.h:39,
                 from ../../../device/rockchip/rk2206/sdk_liteos/board/include/config_network.h:18:
../../../foundation/communication/wifi_lite/interfaces/wifiservice/wifi_device_config.h:66: note: this is the location of the previous definition
   66 | #define WIFI_MAX_KEY_LEN 65 // 64 + \0
      | 
../../../device/rockchip/rk2206/sdk_liteos/board/src/config_network.c: In function 'set_default_wifi_config':
../../../device/rockchip/rk2206/sdk_liteos/board/src/config_network.c:91:20: warning: pointer targets in passing argument 1 of 'snprintf' differ in signedness [-Wpointer-sign]
   91 |     snprintf(config.sn, sizeof(config.sn), "LZ01");
      |              ~~~~~~^~~
      |                    |
      |                    uint8_t * {aka unsigned char *}
In file included from ../../../device/rockchip/rk2206/sdk_liteos/board/src/config_network.c:18:
../../../third_party/musl/porting/liteos_m/kernel/include/stdio.h:115:14: note: expected 'char * restrict' but argument is of type 'uint8_t *' {aka 'unsigned char *'}
  115 | int snprintf(char *__restrict, size_t, const char *__restrict, ...);
../../../device/rockchip/rk2206/sdk_liteos/board/src/config_network.c:92:20: warning: pointer targets in passing argument 1 of 'snprintf' differ in signedness [-Wpointer-sign]
   92 |     snprintf(config.product, sizeof(config.product), "小凌派");
      |              ~~~~~~^~~~~~~~
      |                    |
      |                    uint8_t * {aka unsigned char *}
../../../third_party/musl/porting/liteos_m/kernel/include/stdio.h:115:14: note: expected 'char * restrict' but argument is of type 'uint8_t *' {aka 'unsigned char *'}
  115 | int snprintf(char *__restrict, size_t, const char *__restrict, ...);
../../../device/rockchip/rk2206/sdk_liteos/board/src/config_network.c:93:20: warning: pointer targets in passing argument 1 of 'snprintf' differ in signedness [-Wpointer-sign]
   93 |     snprintf(config.factory, sizeof(config.factory), "凌睿智捷");
      |              ~~~~~~^~~~~~~~
      |                    |
      |                    uint8_t * {aka unsigned char *}
../../../third_party/musl/porting/liteos_m/kernel/include/stdio.h:115:14: note: expected 'char * restrict' but argument is of type 'uint8_t *' {aka 'unsigned char *'}
  115 | int snprintf(char *__restrict, size_t, const char *__restrict, ...);
../../../device/rockchip/rk2206/sdk_liteos/board/src/config_network.c:94:20: warning: pointer targets in passing argument 1 of 'snprintf' differ in signedness [-Wpointer-sign]
   94 |     snprintf(config.mode, sizeof(config.mode), "STA");
      |              ~~~~~~^~~~~
      |                    |
      |                    uint8_t * {aka unsigned char *}
../../../third_party/musl/porting/liteos_m/kernel/include/stdio.h:115:14: note: expected 'char * restrict' but argument is of type 'uint8_t *' {aka 'unsigned char *'}
  115 | int snprintf(char *__restrict, size_t, const char *__restrict, ...);
../../../device/rockchip/rk2206/sdk_liteos/board/src/config_network.c:95:20: warning: pointer targets in passing argument 1 of 'snprintf' differ in signedness [-Wpointer-sign]
   95 |     snprintf(config.ssid, sizeof(config.ssid), AP_SSID);
      |              ~~~~~~^~~~~
      |                    |
      |                    uint8_t * {aka unsigned char *}
../../../third_party/musl/porting/liteos_m/kernel/include/stdio.h:115:14: note: expected 'char * restrict' but argument is of type 'uint8_t *' {aka 'unsigned char *'}
  115 | int snprintf(char *__restrict, size_t, const char *__restrict, ...);
../../../device/rockchip/rk2206/sdk_liteos/board/src/config_network.c:96:20: warning: pointer targets in passing argument 1 of 'snprintf' differ in signedness [-Wpointer-sign]
   96 |     snprintf(config.password, sizeof(config.password), AP_PASSWORD);
      |              ~~~~~~^~~~~~~~~
      |                    |
      |                    uint8_t * {aka unsigned char *}
../../../third_party/musl/porting/liteos_m/kernel/include/stdio.h:115:14: note: expected 'char * restrict' but argument is of type 'uint8_t *' {aka 'unsigned char *'}
  115 | int snprintf(char *__restrict, size_t, const char *__restrict, ...);
../../../device/rockchip/rk2206/sdk_liteos/board/src/config_network.c:97:20: warning: pointer targets in passing argument 1 of 'snprintf' differ in signedness [-Wpointer-sign]
   97 |     snprintf(config.route_ssid, sizeof(config.route_ssid), ROUTE_SSID);
      |              ~~~~~~^~~~~~~~~~~
      |                    |
      |                    uint8_t * {aka unsigned char *}
../../../third_party/musl/porting/liteos_m/kernel/include/stdio.h:115:14: note: expected 'char * restrict' but argument is of type 'uint8_t *' {aka 'unsigned char *'}
  115 | int snprintf(char *__restrict, size_t, const char *__restrict, ...);
../../../device/rockchip/rk2206/sdk_liteos/board/src/config_network.c:98:20: warning: pointer targets in passing argument 1 of 'snprintf' differ in signedness [-Wpointer-sign]
   98 |     snprintf(config.route_password, sizeof(config.route_password), ROUTE_PASSWORD);
      |              ~~~~~~^~~~~~~~~~~~~~~
      |                    |
      |                    uint8_t * {aka unsigned char *}
../../../third_party/musl/porting/liteos_m/kernel/include/stdio.h:115:14: note: expected 'char * restrict' but argument is of type 'uint8_t *' {aka 'unsigned char *'}
  115 | int snprintf(char *__restrict, size_t, const char *__restrict, ...);
../../../device/rockchip/rk2206/sdk_liteos/board/src/config_network.c: In function 'set_wifi_config_mode':
../../../device/rockchip/rk2206/sdk_liteos/board/src/config_network.c:201:20: warning: pointer targets in passing argument 1 of 'strcasecmp' differ in signedness [-Wpointer-sign]
  201 |     if (strcasecmp(md, "AP") == 0)
      |                    ^~
      |                    |
      |                    uint8_t * {aka unsigned char *}
In file included from ../../../third_party/musl/porting/liteos_m/kernel/include/string.h:61,
                 from ../../../device/rockchip/rk2206/sdk_liteos/board/src/config_network.c:16:
../../../third_party/musl/porting/liteos_m/kernel/include/strings.h:29:17: note: expected 'const char *' but argument is of type 'uint8_t *' {aka 'unsigned char *'}
   29 | int strcasecmp (const char *, const char *);
      |                 ^~~~~~~~~~~~
../../../device/rockchip/rk2206/sdk_liteos/board/src/config_network.c: In function 'set_wifi_config_ssid':
../../../device/rockchip/rk2206/sdk_liteos/board/src/config_network.c:323:22: warning: pointer targets in passing argument 1 of 'strlen' differ in signedness [-Wpointer-sign]
  323 |     int len = strlen(s);
      |                      ^
      |                      |
      |                      uint8_t * {aka unsigned char *}
../../../third_party/musl/porting/liteos_m/kernel/include/string.h:56:16: note: expected 'const char *' but argument is of type 'uint8_t *' {aka 'unsigned char *'}
   56 | size_t strlen (const char *);
      |                ^~~~~~~~~~~~
../../../device/rockchip/rk2206/sdk_liteos/board/src/config_network.c: In function 'set_wifi_config_passwd':
../../../device/rockchip/rk2206/sdk_liteos/board/src/config_network.c:348:22: warning: pointer targets in passing argument 1 of 'strlen' differ in signedness [-Wpointer-sign]
  348 |     int len = strlen(p);
      |                      ^
      |                      |
      |                      uint8_t * {aka unsigned char *}
../../../third_party/musl/porting/liteos_m/kernel/include/string.h:56:16: note: expected 'const char *' but argument is of type 'uint8_t *' {aka 'unsigned char *'}
   56 | size_t strlen (const char *);
      |                ^~~~~~~~~~~~
../../../device/rockchip/rk2206/sdk_liteos/board/src/config_network.c: In function 'set_wifi_config_route_ssid':
../../../device/rockchip/rk2206/sdk_liteos/board/src/config_network.c:373:22: warning: pointer targets in passing argument 1 of 'strlen' differ in signedness [-Wpointer-sign]
  373 |     int len = strlen(s);
      |                      ^
      |                      |
      |                      uint8_t * {aka unsigned char *}
../../../third_party/musl/porting/liteos_m/kernel/include/string.h:56:16: note: expected 'const char *' but argument is of type 'uint8_t *' {aka 'unsigned char *'}
   56 | size_t strlen (const char *);
      |                ^~~~~~~~~~~~
../../../device/rockchip/rk2206/sdk_liteos/board/src/config_network.c: In function 'set_wifi_config_route_passwd':
../../../device/rockchip/rk2206/sdk_liteos/board/src/config_network.c:398:22: warning: pointer targets in passing argument 1 of 'strlen' differ in signedness [-Wpointer-sign]
  398 |     int len = strlen(p);
      |                      ^
      |                      |
      |                      uint8_t * {aka unsigned char *}
../../../third_party/musl/porting/liteos_m/kernel/include/string.h:56:16: note: expected 'const char *' but argument is of type 'uint8_t *' {aka 'unsigned char *'}
   56 | size_t strlen (const char *);
      |                ^~~~~~~~~~~~
../../../device/rockchip/rk2206/sdk_liteos/board/src/config_network.c: In function 'SetApModeOn':
../../../device/rockchip/rk2206/sdk_liteos/board/src/config_network.c:422:9: warning: implicit declaration of function 'LOS_MuxCreate'; did you mean 'LOS_HwiCreate'? [-Wimplicit-function-declaration]
  422 |         LOS_MuxCreate(&m_wml.muxlock);
      |         ^~~~~~~~~~~~~
      |         LOS_HwiCreate
../../../device/rockchip/rk2206/sdk_liteos/board/src/config_network.c:424:5: warning: implicit declaration of function 'LOS_MuxPend' [-Wimplicit-function-declaration]
  424 |     LOS_MuxPend(m_wml.muxlock, MUX_LOCK_TO_TIME);
      |     ^~~~~~~~~~~
../../../device/rockchip/rk2206/sdk_liteos/board/src/config_network.c:432:56: warning: pointer targets in passing argument 2 of 'VendorGet' differ in signedness [-Wpointer-sign]
  432 |     if (LZ_HARDWARE_SUCCESS == VendorGet(VENDOR_ID_SN, temp, WIFI_MAX_SN_LEN))
      |                                                        ^~~~
      |                                                        |
      |                                                        char *
In file included from ../../../device/rockchip/rk2206/adapter/include/lz_hardware.h:46:
../../../device/rockchip/rk2206/adapter/include/lz_hardware/vendor.h:73:52: note: expected 'unsigned char *' but argument is of type 'char *'
   73 | unsigned int VendorGet(VendorID id, unsigned char *buf, int len);
      |                                     ~~~~~~~~~~~~~~~^~~
../../../device/rockchip/rk2206/sdk_liteos/board/src/config_network.c:443:42: warning: pointer targets in passing argument 2 of 'VendorGet' differ in signedness [-Wpointer-sign]
  443 |         VendorGet(VENDOR_ID_WIFI_SSID,   temp, WIFI_MAX_SN_LEN);
      |                                          ^~~~
      |                                          |
      |                                          char *
../../../device/rockchip/rk2206/adapter/include/lz_hardware/vendor.h:73:52: note: expected 'unsigned char *' but argument is of type 'char *'
   73 | unsigned int VendorGet(VendorID id, unsigned char *buf, int len);
      |                                     ~~~~~~~~~~~~~~~^~~
../../../device/rockchip/rk2206/sdk_liteos/board/src/config_network.c:446:42: warning: pointer targets in passing argument 2 of 'VendorGet' differ in signedness [-Wpointer-sign]
  446 |         VendorGet(VENDOR_ID_WIFI_PASSWD, temp, WIFI_MAX_SN_LEN);
      |                                          ^~~~
      |                                          |
      |                                          char *
../../../device/rockchip/rk2206/adapter/include/lz_hardware/vendor.h:73:52: note: expected 'unsigned char *' but argument is of type 'char *'
   73 | unsigned int VendorGet(VendorID id, unsigned char *buf, int len);
      |                                     ~~~~~~~~~~~~~~~^~~
../../../device/rockchip/rk2206/sdk_liteos/board/src/config_network.c:476:5: warning: implicit declaration of function 'LOS_MuxPost' [-Wimplicit-function-declaration]
  476 |     LOS_MuxPost(m_wml.muxlock);
      |     ^~~~~~~~~~~
../../../device/rockchip/rk2206/sdk_liteos/board/src/config_network.c: In function 'SetWifiModeOn':
../../../device/rockchip/rk2206/sdk_liteos/board/src/config_network.c:655:56: warning: pointer targets in passing argument 2 of 'VendorGet' differ in signedness [-Wpointer-sign]
  655 |     if (LZ_HARDWARE_SUCCESS == VendorGet(VENDOR_ID_SN, temp, WIFI_MAX_SN_LEN))
      |                                                        ^~~~
      |                                                        |
      |                                                        char *
../../../device/rockchip/rk2206/adapter/include/lz_hardware/vendor.h:73:52: note: expected 'unsigned char *' but argument is of type 'char *'
   73 | unsigned int VendorGet(VendorID id, unsigned char *buf, int len);
      |                                     ~~~~~~~~~~~~~~~^~~
../../../device/rockchip/rk2206/sdk_liteos/board/src/config_network.c:666:48: warning: pointer targets in passing argument 2 of 'VendorGet' differ in signedness [-Wpointer-sign]
  666 |         VendorGet(VENDOR_ID_WIFI_ROUTE_SSID,   temp, WIFI_MAX_SN_LEN);
      |                                                ^~~~
      |                                                |
      |                                                char *
../../../device/rockchip/rk2206/adapter/include/lz_hardware/vendor.h:73:52: note: expected 'unsigned char *' but argument is of type 'char *'
   73 | unsigned int VendorGet(VendorID id, unsigned char *buf, int len);
      |                                     ~~~~~~~~~~~~~~~^~~
../../../device/rockchip/rk2206/sdk_liteos/board/src/config_network.c:669:48: warning: pointer targets in passing argument 2 of 'VendorGet' differ in signedness [-Wpointer-sign]
  669 |         VendorGet(VENDOR_ID_WIFI_ROUTE_PASSWD, temp, WIFI_MAX_SN_LEN);
      |                                                ^~~~
      |                                                |
      |                                                char *
../../../device/rockchip/rk2206/adapter/include/lz_hardware/vendor.h:73:52: note: expected 'unsigned char *' but argument is of type 'char *'
   73 | unsigned int VendorGet(VendorID id, unsigned char *buf, int len);
      |                                     ~~~~~~~~~~~~~~~^~~
../../../device/rockchip/rk2206/sdk_liteos/board/src/config_network.c:704:27: warning: pointer targets in passing argument 1 of 'WifiConnect' differ in signedness [-Wpointer-sign]
  704 |     if (WifiConnect(config.ssid, config.preSharedKey) != LZ_HARDWARE_SUCCESS)
      |                     ~~~~~~^~~~~
      |                           |
      |                           char *
../../../device/rockchip/rk2206/adapter/include/lz_hardware/wifi.h:59:41: note: expected 'unsigned char *' but argument is of type 'char *'
   59 | unsigned int WifiConnect(unsigned char *ssid, unsigned char *passphrase);
      |                          ~~~~~~~~~~~~~~~^~~~
../../../device/rockchip/rk2206/sdk_liteos/board/src/config_network.c:704:40: warning: pointer targets in passing argument 2 of 'WifiConnect' differ in signedness [-Wpointer-sign]
  704 |     if (WifiConnect(config.ssid, config.preSharedKey) != LZ_HARDWARE_SUCCESS)
      |                                  ~~~~~~^~~~~~~~~~~~~
      |                                        |
      |                                        char *
../../../device/rockchip/rk2206/adapter/include/lz_hardware/wifi.h:59:62: note: expected 'unsigned char *' but argument is of type 'char *'
   59 | unsigned int WifiConnect(unsigned char *ssid, unsigned char *passphrase);
      |                                               ~~~~~~~~~~~~~~~^~~~~~~~~~
../../../device/rockchip/rk2206/sdk_liteos/board/src/config_network.c:725:68: warning: implicit declaration of function 'inet_ntoa'; did you mean 'ip_ntoa'? [-Wimplicit-function-declaration]
  725 |                     LZ_HARDWARE_LOGD(LOG_TAG, "rknetwork IP (%s)", inet_ntoa(info.ipAddress));
      |                                                                    ^~~~~~~~~
../../../device/rockchip/rk2206/adapter/include/lz_hardware/log.h:49:57: note: in definition of macro 'LZ_PRINTF'
   49 |     if (LZ_HARDWARE_TRACE_LEVEL >= level) printf(fmt, ##__VA_ARGS__); \
      |                                                         ^~~~~~~~~~~
../../../device/rockchip/rk2206/sdk_liteos/board/src/config_network.c:725:21: note: in expansion of macro 'LZ_HARDWARE_LOGD'
  725 |                     LZ_HARDWARE_LOGD(LOG_TAG, "rknetwork IP (%s)", inet_ntoa(info.ipAddress));
      |                     ^~~~~~~~~~~~~~~~
../../../device/rockchip/rk2206/sdk_liteos/board/src/config_network.c:726:41: warning: implicit declaration of function 'GetLocalWifiGw' [-Wimplicit-function-declaration]
  726 |                     if (WIFI_SUCCESS == GetLocalWifiGw(&gw))
      |                                         ^~~~~~~~~~~~~~
../../../device/rockchip/rk2206/sdk_liteos/board/src/config_network.c:730:41: warning: implicit declaration of function 'GetLocalWifiNetmask' [-Wimplicit-function-declaration]
  730 |                     if (WIFI_SUCCESS == GetLocalWifiNetmask(&netmask))
      |                                         ^~~~~~~~~~~~~~~~~~~
../../../device/rockchip/rk2206/sdk_liteos/board/src/config_network.c:734:41: warning: implicit declaration of function 'SetLocalWifiGw' [-Wimplicit-function-declaration]
  734 |                     if (WIFI_SUCCESS == SetLocalWifiGw())
      |                                         ^~~~~~~~~~~~~~
../../../device/rockchip/rk2206/sdk_liteos/board/src/config_network.c:648:9: warning: unused variable 'netId' [-Wunused-variable]
  648 |     int netId = 0;
      |         ^~~~~
../../../device/rockchip/rk2206/sdk_liteos/board/src/config_network.c: In function 'TaskConfigWifiModeEntry':
../../../device/rockchip/rk2206/sdk_liteos/board/src/config_network.c:781:13: warning: implicit declaration of function 'wifi_get_connect_status_internal' [-Wimplicit-function-declaration]
  781 |         if (wifi_get_connect_status_internal() != 1)
      |             ^~~~~~~~~~~~~~~~~~~~~~~~~~~~~~~~
../../../device/rockchip/rk2206/sdk_liteos/board/src/config_network.c: In function 'ExternalTaskConfigNetwork':
../../../device/rockchip/rk2206/sdk_liteos/board/src/config_network.c:840:24: warning: pointer targets in passing argument 1 of 'strcasecmp' differ in signedness [-Wpointer-sign]
  840 |     if (strcasecmp(wifi.mode, "ap") == 0)
      |                    ~~~~^~~~~
      |                        |
      |                        uint8_t * {aka unsigned char *}
../../../third_party/musl/porting/liteos_m/kernel/include/strings.h:29:17: note: expected 'const char *' but argument is of type 'uint8_t *' {aka 'unsigned char *'}
   29 | int strcasecmp (const char *, const char *);
      |                 ^~~~~~~~~~~~
../../../device/rockchip/rk2206/sdk_liteos/board/src/config_network.c: At top level:
../../../device/rockchip/rk2206/sdk_liteos/board/src/config_network.c:64:15: warning: 'g_softbusliteTask' defined but not used [-Wunused-variable]
   64 | STATIC UINT32 g_softbusliteTask;
      |               ^~~~~~~~~~~~~~~~~
[155/849] gcc cross compiler obj/device/rockchip/rk2206/third_party/littlefs/liblzlittlefs.lfs_util.o
[156/849] gcc cross compiler obj/device/rockchip/rk2206/third_party/littlefs/liblzlittlefs.lfs_api.o
[157/849] gcc cross compiler obj/drivers/framework/ability/sbuf/src/libhdf_core.hdf_sbuf.o
[158/849] gcc cross compiler obj/drivers/framework/core/common/src/libhdf_core.devlite_object_config.o
[159/849] gcc cross compiler obj/drivers/framework/ability/sbuf/src/libhdf_core.hdf_sbuf_impl_raw.o
../../../drivers/framework/ability/sbuf/src/hdf_sbuf_impl_raw.c: In function 'SbufRawImplReadBuffer':
../../../drivers/framework/ability/sbuf/src/hdf_sbuf_impl_raw.c:359:37: warning: passing argument 2 of 'SbufRawImplReadInt32' from incompatible pointer type [-Wincompatible-pointer-types]
  359 |     if (!SbufRawImplReadInt32(impl, &buffSize)) {
      |                                     ^~~~~~~~~
      |                                     |
      |                                     int *
../../../drivers/framework/ability/sbuf/src/hdf_sbuf_impl_raw.c:335:69: note: expected 'int32_t *' {aka 'long int *'} but argument is of type 'int *'
  335 | static bool SbufRawImplReadInt32(struct HdfSbufImpl *impl, int32_t *value)
      |                                                            ~~~~~~~~~^~~~~
[160/849] gcc cross compiler obj/drivers/framework/core/common/src/libhdf_core.hdf_attribute.o
../../../drivers/framework/core/common/src/hdf_attribute.c: In function 'CreateHcsToTree':
../../../drivers/framework/core/common/src/hdf_attribute.c:43:39: warning: passing argument 2 of 'HdfGetBuildInConfigData' from incompatible pointer type [-Wincompatible-pointer-types]
   43 |     HdfGetBuildInConfigData(&hcsBlob, &length);
      |                                       ^~~~~~~
      |                                       |
      |                                       uint32_t * {aka long unsigned int *}
../../../drivers/framework/core/common/src/hdf_attribute.c:37:72: note: expected 'unsigned int *' but argument is of type 'uint32_t *' {aka 'long unsigned int *'}
   37 | void HdfGetBuildInConfigData(const unsigned char **data, unsigned int *size);
      |                                                          ~~~~~~~~~~~~~~^~~~
[161/849] gcc cross compiler obj/drivers/framework/core/common/src/libhdf_core.load_driver_entry.o
[162/849] gcc cross compiler obj/drivers/framework/support/platform/src/libhdf_platform_lite.adc_core.o
In file included from ../../../drivers/framework/include/osal/osal_atomic.h:40,
                 from ../../../drivers/framework/utils/include/hdf_sref.h:12,
                 from ../../../drivers/framework/support/platform/include/common/platform_device.h:14,
                 from ../../../drivers/framework/support/platform/include/common/platform_core.h:14,
                 from ../../../drivers/framework/support/platform/src/adc_core.c:15:
../../../drivers/adapter/khdf/liteos_m/osal/include/osal_atomic_def.h: In function 'OsalTestSetBitWrapper':
../../../drivers/adapter/khdf/liteos_m/osal/include/osal_atomic_def.h:60:24: warning: implicit declaration of function 'LOS_IntLock' [-Wimplicit-function-declaration]
   60 |     uint32_t intSave = LOS_IntLock();
      |                        ^~~~~~~~~~~
../../../drivers/adapter/khdf/liteos_m/osal/include/osal_atomic_def.h:67:5: warning: implicit declaration of function 'LOS_IntRestore' [-Wimplicit-function-declaration]
   67 |     LOS_IntRestore(intSave);
      |     ^~~~~~~~~~~~~~
[163/849] gcc cross compiler obj/drivers/framework/core/host/src/libhdf_core.devhost_service.o
In file included from ../../../drivers/framework/include/osal/osal_atomic.h:40,
                 from ../../../drivers/framework/utils/include/hdf_sref.h:12,
                 from ../../../drivers/framework/core/host/include/power_state_token.h:12,
                 from ../../../drivers/framework/core/host/src/devhost_service.c:17:
../../../drivers/adapter/khdf/liteos_m/osal/include/osal_atomic_def.h: In function 'OsalTestSetBitWrapper':
../../../drivers/adapter/khdf/liteos_m/osal/include/osal_atomic_def.h:60:24: warning: implicit declaration of function 'LOS_IntLock' [-Wimplicit-function-declaration]
   60 |     uint32_t intSave = LOS_IntLock();
      |                        ^~~~~~~~~~~
../../../drivers/adapter/khdf/liteos_m/osal/include/osal_atomic_def.h:67:5: warning: implicit declaration of function 'LOS_IntRestore' [-Wimplicit-function-declaration]
   67 |     LOS_IntRestore(intSave);
      |     ^~~~~~~~~~~~~~
[164/849] gcc cross compiler obj/drivers/framework/support/platform/src/libhdf_platform_lite.adc_if.o
[165/849] gcc cross compiler obj/drivers/framework/support/platform/src/libhdf_platform_lite.spi_if.o
[166/849] gcc cross compiler obj/device/rockchip/rk2206/third_party/littlefs/liblzlittlefs.lfs.o
[167/849] gcc cross compiler obj/drivers/framework/support/platform/src/libhdf_platform_lite.spi_core.o
[168/849] gcc cross compiler obj/drivers/framework/support/platform/src/libhdf_platform_lite.gpio_if.o
[169/849] gcc cross compiler obj/drivers/adapter/khdf/liteos_m/platform/libhdf_platform_lite.plat_common.o
In file included from ../../../drivers/framework/include/osal/osal_atomic.h:40,
                 from ../../../drivers/framework/utils/include/hdf_sref.h:12,
                 from ../../../drivers/framework/support/platform/include/common/platform_device.h:14,
                 from ../../../drivers/framework/support/platform/include/common/platform_core.h:14,
                 from ../../../drivers/adapter/khdf/liteos_m/platform/plat_common.c:31:
../../../drivers/adapter/khdf/liteos_m/osal/include/osal_atomic_def.h: In function 'OsalTestSetBitWrapper':
../../../drivers/adapter/khdf/liteos_m/osal/include/osal_atomic_def.h:60:24: warning: implicit declaration of function 'LOS_IntLock' [-Wimplicit-function-declaration]
   60 |     uint32_t intSave = LOS_IntLock();
      |                        ^~~~~~~~~~~
../../../drivers/adapter/khdf/liteos_m/osal/include/osal_atomic_def.h:67:5: warning: implicit declaration of function 'LOS_IntRestore' [-Wimplicit-function-declaration]
   67 |     LOS_IntRestore(intSave);
      |     ^~~~~~~~~~~~~~
[170/849] gcc cross compiler obj/drivers/framework/support/platform/src/libhdf_platform_lite.i2c_core.o
In file included from ../../../drivers/framework/include/osal/osal_atomic.h:40,
                 from ../../../drivers/framework/utils/include/hdf_sref.h:12,
                 from ../../../drivers/framework/support/platform/include/common/platform_device.h:14,
                 from ../../../drivers/framework/support/platform/include/common/platform_core.h:14,
                 from ../../../drivers/framework/support/platform/src/i2c_core.c:14:
../../../drivers/adapter/khdf/liteos_m/osal/include/osal_atomic_def.h: In function 'OsalTestSetBitWrapper':
../../../drivers/adapter/khdf/liteos_m/osal/include/osal_atomic_def.h:60:24: warning: implicit declaration of function 'LOS_IntLock' [-Wimplicit-function-declaration]
   60 |     uint32_t intSave = LOS_IntLock();
      |                        ^~~~~~~~~~~
../../../drivers/adapter/khdf/liteos_m/osal/include/osal_atomic_def.h:67:5: warning: implicit declaration of function 'LOS_IntRestore' [-Wimplicit-function-declaration]
   67 |     LOS_IntRestore(intSave);
      |     ^~~~~~~~~~~~~~
[171/849] gcc cross compiler obj/drivers/framework/support/platform/src/libhdf_platform_lite.i2c_if.o
[172/849] gcc cross compiler obj/drivers/framework/ability/config/libhdf_core.device_resource_if.o
[173/849] gcc cross compiler obj/drivers/framework/support/platform/src/libhdf_platform_lite.gpio_core.o
[174/849] gcc cross compiler obj/drivers/framework/support/platform/src/libhdf_platform_lite.pwm_core.o
[175/849] gcc cross compiler obj/drivers/framework/ability/config/hcs_parser/src/libhdf_core.hcs_blob_if.o
[176/849] gcc cross compiler obj/drivers/framework/ability/config/hcs_parser/src/libhdf_core.hcs_parser.o
[177/849] gcc cross compiler obj/drivers/framework/ability/config/hcs_parser/src/libhdf_core.hcs_generate_tree.o
[178/849] gcc cross compiler obj/drivers/framework/core/host/src/libhdf_core.devmgr_service_clnt.o
[179/849] gcc cross compiler obj/drivers/framework/core/host/src/libhdf_core.devsvc_manager_clnt.o
[180/849] gcc cross compiler obj/drivers/framework/core/host/src/libhdf_core.hdf_device.o
[181/849] gcc cross compiler obj/drivers/framework/core/host/src/libhdf_core.hdf_device_node.o
In file included from ../../../drivers/framework/include/osal/osal_atomic.h:40,
                 from ../../../drivers/framework/utils/include/hdf_sref.h:12,
                 from ../../../drivers/framework/core/host/include/power_state_token.h:12,
                 from ../../../drivers/framework/core/host/src/hdf_device_node.c:20:
../../../drivers/adapter/khdf/liteos_m/osal/include/osal_atomic_def.h: In function 'OsalTestSetBitWrapper':
../../../drivers/adapter/khdf/liteos_m/osal/include/osal_atomic_def.h:60:24: warning: implicit declaration of function 'LOS_IntLock' [-Wimplicit-function-declaration]
   60 |     uint32_t intSave = LOS_IntLock();
      |                        ^~~~~~~~~~~
../../../drivers/adapter/khdf/liteos_m/osal/include/osal_atomic_def.h:67:5: warning: implicit declaration of function 'LOS_IntRestore' [-Wimplicit-function-declaration]
   67 |     LOS_IntRestore(intSave);
      |     ^~~~~~~~~~~~~~
[182/849] gcc cross compiler obj/drivers/framework/core/host/src/libhdf_core.hdf_device_token.o
[183/849] gcc cross compiler obj/drivers/framework/core/host/src/libhdf_core.hdf_device_object.o
In file included from ../../../drivers/framework/include/osal/osal_atomic.h:40,
                 from ../../../drivers/framework/utils/include/hdf_sref.h:12,
                 from ../../../drivers/framework/core/host/include/power_state_token.h:12,
                 from ../../../drivers/framework/core/host/src/hdf_device_object.c:15:
../../../drivers/adapter/khdf/liteos_m/osal/include/osal_atomic_def.h: In function 'OsalTestSetBitWrapper':
../../../drivers/adapter/khdf/liteos_m/osal/include/osal_atomic_def.h:60:24: warning: implicit declaration of function 'LOS_IntLock' [-Wimplicit-function-declaration]
   60 |     uint32_t intSave = LOS_IntLock();
      |                        ^~~~~~~~~~~
../../../drivers/adapter/khdf/liteos_m/osal/include/osal_atomic_def.h:67:5: warning: implicit declaration of function 'LOS_IntRestore' [-Wimplicit-function-declaration]
   67 |     LOS_IntRestore(intSave);
      |     ^~~~~~~~~~~~~~
[184/849] gcc cross compiler obj/drivers/framework/core/host/src/libhdf_core.hdf_driver_loader.o
[185/849] gcc cross compiler obj/drivers/framework/core/host/src/libhdf_core.hdf_observer_record.o
[186/849] gcc cross compiler obj/drivers/framework/ability/config/hcs_parser/src/libhdf_core.hcs_tree_if.o
[187/849] gcc cross compiler obj/drivers/framework/core/host/src/libhdf_core.hdf_service_subscriber.o
[188/849] gcc cross compiler obj/drivers/framework/core/host/src/libhdf_core.hdf_service_observer.o
[189/849] gcc cross compiler obj/drivers/framework/core/manager/src/libhdf_core.devhost_service_clnt.o
[190/849] gcc cross compiler obj/drivers/framework/core/host/src/libhdf_core.power_state_token.o
In file included from ../../../drivers/framework/include/osal/osal_atomic.h:40,
                 from ../../../drivers/framework/utils/include/hdf_sref.h:12,
                 from ../../../drivers/framework/core/host/include/power_state_token.h:12,
                 from ../../../drivers/framework/core/host/src/power_state_token.c:9:
../../../drivers/adapter/khdf/liteos_m/osal/include/osal_atomic_def.h: In function 'OsalTestSetBitWrapper':
../../../drivers/adapter/khdf/liteos_m/osal/include/osal_atomic_def.h:60:24: warning: implicit declaration of function 'LOS_IntLock' [-Wimplicit-function-declaration]
   60 |     uint32_t intSave = LOS_IntLock();
      |                        ^~~~~~~~~~~
../../../drivers/adapter/khdf/liteos_m/osal/include/osal_atomic_def.h:67:5: warning: implicit declaration of function 'LOS_IntRestore' [-Wimplicit-function-declaration]
   67 |     LOS_IntRestore(intSave);
      |     ^~~~~~~~~~~~~~
[191/849] gcc cross compiler obj/drivers/framework/core/manager/src/libhdf_core.device_token_clnt.o
[192/849] gcc cross compiler obj/drivers/framework/core/manager/src/libhdf_core.hdf_driver_installer.o
[193/849] gcc cross compiler obj/drivers/framework/core/manager/src/libhdf_core.hdf_host_info.o
[194/849] gcc cross compiler obj/drivers/framework/core/manager/src/libhdf_core.power_state_token_clnt.o
[195/849] gcc cross compiler obj/drivers/framework/core/manager/src/libhdf_core.devsvc_manager.o
[196/849] gcc cross compiler obj/drivers/framework/core/shared/src/libhdf_core.hdf_device_info.o
[197/849] gcc cross compiler obj/drivers/framework/core/shared/src/libhdf_core.hdf_service_record.o
[198/849] gcc cross compiler obj/drivers/framework/core/manager/src/libhdf_core.devmgr_service.o
[199/849] gcc cross compiler obj/drivers/framework/core/shared/src/libhdf_core.hdf_object_manager.o
[200/849] gcc cross compiler obj/drivers/framework/utils/src/libhdf_core.hdf_cstring.o
[201/849] gcc cross compiler obj/drivers/framework/utils/src/libhdf_core.hdf_map.o
[202/849] gcc cross compiler obj/drivers/framework/utils/src/libhdf_core.hdf_sref.o
In file included from ../../../drivers/framework/include/osal/osal_atomic.h:40,
                 from ../../../drivers/framework/utils/include/hdf_sref.h:12,
                 from ../../../drivers/framework/utils/src/hdf_sref.c:9:
../../../drivers/adapter/khdf/liteos_m/osal/include/osal_atomic_def.h: In function 'OsalTestSetBitWrapper':
../../../drivers/adapter/khdf/liteos_m/osal/include/osal_atomic_def.h:60:24: warning: implicit declaration of function 'LOS_IntLock' [-Wimplicit-function-declaration]
   60 |     uint32_t intSave = LOS_IntLock();
      |                        ^~~~~~~~~~~
../../../drivers/adapter/khdf/liteos_m/osal/include/osal_atomic_def.h:67:5: warning: implicit declaration of function 'LOS_IntRestore' [-Wimplicit-function-declaration]
   67 |     LOS_IntRestore(intSave);
      |     ^~~~~~~~~~~~~~
[203/849] gcc cross compiler obj/drivers/framework/utils/src/libhdf_core.hdf_slist.o
[204/849] gcc cross compiler obj/drivers/adapter/khdf/liteos_m/core/common/src/libhdf_core.hdf_device_node_ext.o
../../../drivers/adapter/khdf/liteos_m/core/common/src/hdf_device_node_ext.c: In function 'DeviceNodeExtPublishService':
../../../drivers/adapter/khdf/liteos_m/core/common/src/hdf_device_node_ext.c:82:29: warning: unused variable 'deviceObject' [-Wunused-variable]
   82 |     struct HdfDeviceObject *deviceObject = NULL;
      |                             ^~~~~~~~~~~~
../../../drivers/adapter/khdf/liteos_m/core/common/src/hdf_device_node_ext.c:81:33: warning: unused variable 'deviceInfo' [-Wunused-variable]
   81 |     const struct HdfDeviceInfo *deviceInfo = NULL;
      |                                 ^~~~~~~~~~
../../../drivers/adapter/khdf/liteos_m/core/common/src/hdf_device_node_ext.c: At top level:
../../../drivers/adapter/khdf/liteos_m/core/common/src/hdf_device_node_ext.c:42:12: warning: 'DeviceNodeExtDispatch' defined but not used [-Wunused-function]
   42 | static int DeviceNodeExtDispatch(struct HdfObject *stub, int code, struct HdfSBuf *data, struct HdfSBuf *reply)
      |            ^~~~~~~~~~~~~~~~~~~~~
[205/849] gcc cross compiler obj/drivers/adapter/khdf/liteos_m/core/common/src/libhdf_core.devmgr_service_start.o
[206/849] gcc cross compiler obj/drivers/adapter/khdf/liteos_m/osal/src/libhdf_osal_lite.osal_mem.o
In file included from ../../../drivers/adapter/khdf/liteos_m/osal/src/osal_mem.c:34:
../../../drivers/adapter/khdf/liteos_m/osal/include/osal_atomic_def.h: In function 'OsalTestSetBitWrapper':
../../../drivers/adapter/khdf/liteos_m/osal/include/osal_atomic_def.h:60:24: warning: implicit declaration of function 'LOS_IntLock' [-Wimplicit-function-declaration]
   60 |     uint32_t intSave = LOS_IntLock();
      |                        ^~~~~~~~~~~
../../../drivers/adapter/khdf/liteos_m/osal/include/osal_atomic_def.h:67:5: warning: implicit declaration of function 'LOS_IntRestore' [-Wimplicit-function-declaration]
   67 |     LOS_IntRestore(intSave);
      |     ^~~~~~~~~~~~~~
[207/849] gcc cross compiler obj/drivers/adapter/khdf/liteos_m/osal/src/libhdf_osal_lite.osal_spinlock.o
../../../drivers/adapter/khdf/liteos_m/osal/src/osal_spinlock.c: In function 'OsalSpinInit':
../../../drivers/adapter/khdf/liteos_m/osal/src/osal_spinlock.c:49:25: warning: passing argument 1 of 'LOS_MuxCreate' from incompatible pointer type [-Wincompatible-pointer-types]
   49 |     ret = LOS_MuxCreate(&muxId);
      |                         ^~~~~~
      |                         |
      |                         uint32_t * {aka long unsigned int *}
In file included from ../../../drivers/adapter/khdf/liteos_m/osal/src/osal_spinlock.c:33:
../../../kernel/liteos_m/kernel/include/los_mux.h:197:37: note: expected 'UINT32 *' {aka 'unsigned int *'} but argument is of type 'uint32_t *' {aka 'long unsigned int *'}
  197 | extern UINT32 LOS_MuxCreate(UINT32 *muxHandle);
      |                             ~~~~~~~~^~~~~~~~~
[208/849] gcc cross compiler obj/drivers/adapter/khdf/liteos_m/osal/src/libhdf_osal_lite.osal_mutex.o
../../../drivers/adapter/khdf/liteos_m/osal/src/osal_mutex.c: In function 'OsalMutexInit':
../../../drivers/adapter/khdf/liteos_m/osal/src/osal_mutex.c:49:25: warning: passing argument 1 of 'LOS_MuxCreate' from incompatible pointer type [-Wincompatible-pointer-types]
   49 |     ret = LOS_MuxCreate(&muxId);
      |                         ^~~~~~
      |                         |
      |                         uint32_t * {aka long unsigned int *}
In file included from ../../../drivers/adapter/khdf/liteos_m/osal/src/osal_mutex.c:33:
../../../kernel/liteos_m/kernel/include/los_mux.h:197:37: note: expected 'UINT32 *' {aka 'unsigned int *'} but argument is of type 'uint32_t *' {aka 'long unsigned int *'}
  197 | extern UINT32 LOS_MuxCreate(UINT32 *muxHandle);
      |                             ~~~~~~~~^~~~~~~~~
[209/849] gcc cross compiler obj/drivers/adapter/khdf/liteos_m/osal/src/libhdf_osal_lite.osal_sem.o
../../../drivers/adapter/khdf/liteos_m/osal/src/osal_sem.c: In function 'OsalSemInit':
../../../drivers/adapter/khdf/liteos_m/osal/src/osal_sem.c:54:42: warning: passing argument 2 of 'LOS_SemCreate' from incompatible pointer type [-Wincompatible-pointer-types]
   54 |     ret = LOS_SemCreate((uint16_t)value, &semId);
      |                                          ^~~~~~
      |                                          |
      |                                          uint32_t * {aka long unsigned int *}
In file included from ../../../drivers/adapter/khdf/liteos_m/osal/src/osal_sem.c:35:
../../../kernel/liteos_m/kernel/include/los_sem.h:183:51: note: expected 'UINT32 *' {aka 'unsigned int *'} but argument is of type 'uint32_t *' {aka 'long unsigned int *'}
  183 | extern UINT32 LOS_SemCreate(UINT16 count, UINT32 *semHandle);
      |                                           ~~~~~~~~^~~~~~~~~
[210/849] gcc cross compiler obj/drivers/adapter/khdf/liteos_m/osal/src/libhdf_osal_lite.osal_time.o
[211/849] gcc cross compiler obj/drivers/adapter/khdf/liteos_m/osal/src/libhdf_osal_lite.osal_thread.o
../../../drivers/adapter/khdf/liteos_m/osal/src/osal_thread.c: In function 'OsalThreadStart':
../../../drivers/adapter/khdf/liteos_m/osal/src/osal_thread.c:132:26: warning: passing argument 1 of 'LOS_TaskCreate' from incompatible pointer type [-Wincompatible-pointer-types]
  132 |     ret = LOS_TaskCreate(&para->tid, &stTskInitParam);
      |                          ^~~~~~~~~~
      |                          |
      |                          uint32_t * {aka long unsigned int *}
In file included from ../../../drivers/adapter/khdf/liteos_m/osal/src/osal_thread.c:34:
../../../kernel/liteos_m/kernel/include/los_task.h:668:38: note: expected 'UINT32 *' {aka 'unsigned int *'} but argument is of type 'uint32_t *' {aka 'long unsigned int *'}
  668 | extern UINT32 LOS_TaskCreate(UINT32 *taskID, TSK_INIT_PARAM_S *taskInitParam);
      |                              ~~~~~~~~^~~~~~
[212/849] gcc cross compiler obj/foundation/communication/softbus_lite/os_adapter/source/L0/libdiscovery.os_adapter.o
In file included from ../../../third_party/musl/porting/liteos_m/kernel/include/sys/types.h:70,
                 from ../../../third_party/musl/porting/liteos_m/kernel/include/netinet/tcp.h:98,
                 from ../../../kernel/liteos_m/components/net/lwip-2.1/porting/include/lwip/sockets.h:37,
                 from ../../../foundation/communication/softbus_lite/os_adapter/source/L0/os_adapter.c:16:
../../../third_party/musl/porting/liteos_m/kernel/include/endian.h: In function '__bswap32':
../../../third_party/musl/porting/liteos_m/kernel/include/endian.h:26:32: warning: suggest parentheses around arithmetic in operand of '|' [-Wparentheses]
   26 |         return __x>>24 | __x>>8&0xff00 | __x<<8&0xff0000 | __x<<24;
      |                          ~~~~~~^~~~~~~
../../../third_party/musl/porting/liteos_m/kernel/include/endian.h:26:48: warning: suggest parentheses around arithmetic in operand of '|' [-Wparentheses]
   26 |         return __x>>24 | __x>>8&0xff00 | __x<<8&0xff0000 | __x<<24;
      |                                          ~~~~~~^~~~~~~~~
../../../third_party/musl/porting/liteos_m/kernel/include/endian.h: In function '__bswap64':
../../../third_party/musl/porting/liteos_m/kernel/include/endian.h:31:30: warning: suggest parentheses around '+' inside '<<' [-Wparentheses]
   31 |         return __bswap32(__x)+0ULL<<32 | __bswap32(__x>>32);
      |                ~~~~~~~~~~~~~~^~~~~
[213/849] gcc cross compiler obj/drivers/adapter/khdf/liteos_m/osal/src/libhdf_osal_lite.osal_timer.o
../../../drivers/adapter/khdf/liteos_m/osal/src/osal_timer.c: In function 'OsalStartTimer':
../../../drivers/adapter/khdf/liteos_m/osal/src/osal_timer.c:96:77: warning: passing argument 4 of 'LOS_SwtmrCreate' from incompatible pointer type [-Wincompatible-pointer-types]
   96 |     ret = LOS_SwtmrCreate(interval, mode, (SWTMR_PROC_FUNC)liteTimer->func, &timerID, liteTimer->arg);
      |                                                                             ^~~~~~~~
      |                                                                             |
      |                                                                             uint32_t * {aka long unsigned int *}
In file included from ../../../drivers/adapter/khdf/liteos_m/osal/src/osal_timer.c:34:
../../../kernel/liteos_m/kernel/include/los_swtmr.h:406:39: note: expected 'UINT32 *' {aka 'unsigned int *'} but argument is of type 'uint32_t *' {aka 'long unsigned int *'}
  406 |                               UINT32 *swtmrID,
      |                               ~~~~~~~~^~~~~~~
[214/849] gcc cross compiler obj/drivers/adapter/khdf/liteos_m/test/sample_driver/src/libsample_driver.sample_driver.o
../../../drivers/adapter/khdf/liteos_m/test/sample_driver/src/sample_driver.c: In function 'HdfSampleDriverInit':
../../../drivers/adapter/khdf/liteos_m/test/sample_driver/src/sample_driver.c:73:5: warning: implicit declaration of function 'printf' [-Wimplicit-function-declaration]
   73 |     printf("%s, %d: entry!\n\n\n", __FILE__, __LINE__);
      |     ^~~~~~
../../../drivers/adapter/khdf/liteos_m/test/sample_driver/src/sample_driver.c:34:1: note: 'printf' is defined in header '<stdio.h>'; did you forget to '#include <stdio.h>'?
   33 | #include "sample_service.h"
  +++ |+#include <stdio.h>
   34 | 
../../../drivers/adapter/khdf/liteos_m/test/sample_driver/src/sample_driver.c: At top level:
../../../drivers/adapter/khdf/liteos_m/test/sample_driver/src/sample_driver.c:86:13: warning: initialization of 'int32_t (*)(struct HdfDeviceObject *)' {aka 'long int (*)(struct HdfDeviceObject *)'} from incompatible pointer type 'int (*)(struct HdfDeviceObject *)' [-Wincompatible-pointer-types]
   86 |     .Bind = HdfSampleDriverBind,
      |             ^~~~~~~~~~~~~~~~~~~
../../../drivers/adapter/khdf/liteos_m/test/sample_driver/src/sample_driver.c:86:13: note: (near initialization for 'g_sampleDriverEntry.Bind')
../../../drivers/adapter/khdf/liteos_m/test/sample_driver/src/sample_driver.c:87:13: warning: initialization of 'int32_t (*)(struct HdfDeviceObject *)' {aka 'long int (*)(struct HdfDeviceObject *)'} from incompatible pointer type 'int (*)(struct HdfDeviceObject *)' [-Wincompatible-pointer-types]
   87 |     .Init = HdfSampleDriverInit,
      |             ^~~~~~~~~~~~~~~~~~~
../../../drivers/adapter/khdf/liteos_m/test/sample_driver/src/sample_driver.c:87:13: note: (near initialization for 'g_sampleDriverEntry.Init')
[215/849] gcc cross compiler obj/foundation/communication/softbus_lite/trans_service/source/libdistbus/libtrans_service.auth_conn_manager.o
In file included from ../../../third_party/musl/porting/liteos_m/kernel/include/sys/types.h:70,
                 from ../../../third_party/musl/porting/liteos_m/kernel/include/netinet/tcp.h:98,
                 from ../../../kernel/liteos_m/components/net/lwip-2.1/porting/include/lwip/sockets.h:37,
                 from ../../../foundation/communication/softbus_lite/trans_service/source/libdistbus/auth_conn_manager.c:21:
../../../third_party/musl/porting/liteos_m/kernel/include/endian.h: In function '__bswap32':
../../../third_party/musl/porting/liteos_m/kernel/include/endian.h:26:32: warning: suggest parentheses around arithmetic in operand of '|' [-Wparentheses]
   26 |         return __x>>24 | __x>>8&0xff00 | __x<<8&0xff0000 | __x<<24;
      |                          ~~~~~~^~~~~~~
../../../third_party/musl/porting/liteos_m/kernel/include/endian.h:26:48: warning: suggest parentheses around arithmetic in operand of '|' [-Wparentheses]
   26 |         return __x>>24 | __x>>8&0xff00 | __x<<8&0xff0000 | __x<<24;
      |                                          ~~~~~~^~~~~~~~~
../../../third_party/musl/porting/liteos_m/kernel/include/endian.h: In function '__bswap64':
../../../third_party/musl/porting/liteos_m/kernel/include/endian.h:31:30: warning: suggest parentheses around '+' inside '<<' [-Wparentheses]
   31 |         return __bswap32(__x)+0ULL<<32 | __bswap32(__x>>32);
      |                ~~~~~~~~~~~~~~^~~~~
[216/849] gcc cross compiler obj/foundation/communication/softbus_lite/discovery/discovery_service/source/libdiscovery.discovery_service.o
[217/849] gcc cross compiler obj/foundation/communication/softbus_lite/authmanager/source/libauthmanager.auth_conn.o
In file included from ../../../third_party/musl/porting/liteos_m/kernel/include/sys/types.h:70,
                 from ../../../foundation/communication/softbus_lite/trans_service/include/utils/tcp_socket.h:20,
                 from ../../../foundation/communication/softbus_lite/authmanager/source/auth_conn.c:23:
../../../third_party/musl/porting/liteos_m/kernel/include/endian.h: In function '__bswap32':
../../../third_party/musl/porting/liteos_m/kernel/include/endian.h:26:32: warning: suggest parentheses around arithmetic in operand of '|' [-Wparentheses]
   26 |         return __x>>24 | __x>>8&0xff00 | __x<<8&0xff0000 | __x<<24;
      |                          ~~~~~~^~~~~~~
../../../third_party/musl/porting/liteos_m/kernel/include/endian.h:26:48: warning: suggest parentheses around arithmetic in operand of '|' [-Wparentheses]
   26 |         return __x>>24 | __x>>8&0xff00 | __x<<8&0xff0000 | __x<<24;
      |                                          ~~~~~~^~~~~~~~~
../../../third_party/musl/porting/liteos_m/kernel/include/endian.h: In function '__bswap64':
../../../third_party/musl/porting/liteos_m/kernel/include/endian.h:31:30: warning: suggest parentheses around '+' inside '<<' [-Wparentheses]
   31 |         return __bswap32(__x)+0ULL<<32 | __bswap32(__x>>32);
      |                ~~~~~~~~~~~~~~^~~~~
[218/849] gcc cross compiler obj/test/xts/acts/iot_hardware_lite/iot_controller_hal/src/libmodule_ActsWifiIotTest.iot_flash_test.o
[219/849] gcc cross compiler obj/foundation/communication/softbus_lite/discovery/coap/source/libdiscovery.coap_adapter.o
[220/849] gcc cross compiler obj/foundation/communication/softbus_lite/discovery/coap/source/libdiscovery.coap_socket.o
In file included from ../../../third_party/musl/porting/liteos_m/kernel/include/sys/types.h:70,
                 from ../../../third_party/musl/porting/liteos_m/kernel/include/netinet/tcp.h:98,
                 from ../../../kernel/liteos_m/components/net/lwip-2.1/porting/include/lwip/sockets.h:37,
                 from ../../../foundation/communication/softbus_lite/discovery/coap/include/coap_socket.h:18,
                 from ../../../foundation/communication/softbus_lite/discovery/coap/source/coap_socket.c:15:
../../../third_party/musl/porting/liteos_m/kernel/include/endian.h: In function '__bswap32':
../../../third_party/musl/porting/liteos_m/kernel/include/endian.h:26:32: warning: suggest parentheses around arithmetic in operand of '|' [-Wparentheses]
   26 |         return __x>>24 | __x>>8&0xff00 | __x<<8&0xff0000 | __x<<24;
      |                          ~~~~~~^~~~~~~
../../../third_party/musl/porting/liteos_m/kernel/include/endian.h:26:48: warning: suggest parentheses around arithmetic in operand of '|' [-Wparentheses]
   26 |         return __x>>24 | __x>>8&0xff00 | __x<<8&0xff0000 | __x<<24;
      |                                          ~~~~~~^~~~~~~~~
../../../third_party/musl/porting/liteos_m/kernel/include/endian.h: In function '__bswap64':
../../../third_party/musl/porting/liteos_m/kernel/include/endian.h:31:30: warning: suggest parentheses around '+' inside '<<' [-Wparentheses]
   31 |         return __bswap32(__x)+0ULL<<32 | __bswap32(__x>>32);
      |                ~~~~~~~~~~~~~~^~~~~
[221/849] gcc cross compiler obj/foundation/communication/softbus_lite/discovery/coap/source/libdiscovery.coap_discover.o
In file included from ../../../third_party/musl/porting/liteos_m/kernel/include/sys/types.h:70,
                 from ../../../third_party/musl/porting/liteos_m/kernel/include/netinet/tcp.h:98,
                 from ../../../kernel/liteos_m/components/net/lwip-2.1/porting/include/lwip/sockets.h:37,
                 from ../../../foundation/communication/softbus_lite/discovery/coap/include/coap_socket.h:18,
                 from ../../../foundation/communication/softbus_lite/discovery/coap/source/coap_discover.c:17:
../../../third_party/musl/porting/liteos_m/kernel/include/endian.h: In function '__bswap32':
../../../third_party/musl/porting/liteos_m/kernel/include/endian.h:26:32: warning: suggest parentheses around arithmetic in operand of '|' [-Wparentheses]
   26 |         return __x>>24 | __x>>8&0xff00 | __x<<8&0xff0000 | __x<<24;
      |                          ~~~~~~^~~~~~~
../../../third_party/musl/porting/liteos_m/kernel/include/endian.h:26:48: warning: suggest parentheses around arithmetic in operand of '|' [-Wparentheses]
   26 |         return __x>>24 | __x>>8&0xff00 | __x<<8&0xff0000 | __x<<24;
      |                                          ~~~~~~^~~~~~~~~
../../../third_party/musl/porting/liteos_m/kernel/include/endian.h: In function '__bswap64':
../../../third_party/musl/porting/liteos_m/kernel/include/endian.h:31:30: warning: suggest parentheses around '+' inside '<<' [-Wparentheses]
   31 |         return __bswap32(__x)+0ULL<<32 | __bswap32(__x>>32);
      |                ~~~~~~~~~~~~~~^~~~~
../../../foundation/communication/softbus_lite/discovery/coap/source/coap_discover.c: In function 'CoapGetWifiIp':
../../../foundation/communication/softbus_lite/discovery/coap/source/coap_discover.c:454:11: warning: implicit declaration of function 'netifapi_netif_get_addr'; did you mean 'netifapi_netif_set_addr'? [-Wimplicit-function-declaration]
  454 |     ret = netifapi_netif_get_addr(netif, &ipAddr, &netMask, &gateWay);
      |           ^~~~~~~~~~~~~~~~~~~~~~~
      |           netifapi_netif_set_addr
[222/849] gcc cross compiler obj/foundation/distributedschedule/samgr_lite/communication/broadcast/source/libbroadcast.broadcast_service.o
[223/849] gcc cross compiler obj/foundation/distributedschedule/samgr_lite/communication/broadcast/source/libbroadcast.pub_sub_feature.o
[224/849] gcc cross compiler obj/foundation/communication/wifi_aware/frameworks/source/libwifiaware.wifiaware.o
[225/849] gcc cross compiler obj/foundation/communication/softbus_lite/discovery/coap/source/libdiscovery.nstackx_common.o
In file included from ../../../third_party/musl/porting/liteos_m/kernel/include/sys/types.h:70,
                 from ../../../third_party/musl/porting/liteos_m/kernel/include/netinet/tcp.h:98,
                 from ../../../kernel/liteos_m/components/net/lwip-2.1/porting/include/lwip/sockets.h:37,
                 from ../../../foundation/communication/softbus_lite/discovery/coap/include/nstackx_device.h:20,
                 from ../../../foundation/communication/softbus_lite/discovery/coap/source/nstackx_common.c:22:
../../../third_party/musl/porting/liteos_m/kernel/include/endian.h: In function '__bswap32':
../../../third_party/musl/porting/liteos_m/kernel/include/endian.h:26:32: warning: suggest parentheses around arithmetic in operand of '|' [-Wparentheses]
   26 |         return __x>>24 | __x>>8&0xff00 | __x<<8&0xff0000 | __x<<24;
      |                          ~~~~~~^~~~~~~
../../../third_party/musl/porting/liteos_m/kernel/include/endian.h:26:48: warning: suggest parentheses around arithmetic in operand of '|' [-Wparentheses]
   26 |         return __x>>24 | __x>>8&0xff00 | __x<<8&0xff0000 | __x<<24;
      |                                          ~~~~~~^~~~~~~~~
../../../third_party/musl/porting/liteos_m/kernel/include/endian.h: In function '__bswap64':
../../../third_party/musl/porting/liteos_m/kernel/include/endian.h:31:30: warning: suggest parentheses around '+' inside '<<' [-Wparentheses]
   31 |         return __bswap32(__x)+0ULL<<32 | __bswap32(__x>>32);
      |                ~~~~~~~~~~~~~~^~~~~
[226/849] gcc cross compiler obj/foundation/communication/softbus_lite/discovery/coap/source/libdiscovery.json_payload.o
In file included from ../../../third_party/musl/porting/liteos_m/kernel/include/sys/types.h:70,
                 from ../../../third_party/musl/porting/liteos_m/kernel/include/netinet/tcp.h:98,
                 from ../../../kernel/liteos_m/components/net/lwip-2.1/porting/include/lwip/sockets.h:37,
                 from ../../../foundation/communication/softbus_lite/discovery/coap/include/nstackx_device.h:20,
                 from ../../../foundation/communication/softbus_lite/discovery/coap/source/json_payload.c:20:
../../../third_party/musl/porting/liteos_m/kernel/include/endian.h: In function '__bswap32':
../../../third_party/musl/porting/liteos_m/kernel/include/endian.h:26:32: warning: suggest parentheses around arithmetic in operand of '|' [-Wparentheses]
   26 |         return __x>>24 | __x>>8&0xff00 | __x<<8&0xff0000 | __x<<24;
      |                          ~~~~~~^~~~~~~
../../../third_party/musl/porting/liteos_m/kernel/include/endian.h:26:48: warning: suggest parentheses around arithmetic in operand of '|' [-Wparentheses]
   26 |         return __x>>24 | __x>>8&0xff00 | __x<<8&0xff0000 | __x<<24;
      |                                          ~~~~~~^~~~~~~~~
../../../third_party/musl/porting/liteos_m/kernel/include/endian.h: In function '__bswap64':
../../../third_party/musl/porting/liteos_m/kernel/include/endian.h:31:30: warning: suggest parentheses around '+' inside '<<' [-Wparentheses]
   31 |         return __bswap32(__x)+0ULL<<32 | __bswap32(__x>>32);
      |                ~~~~~~~~~~~~~~^~~~~
[227/849] gcc cross compiler obj/foundation/communication/softbus_lite/discovery/discovery_service/source/libdiscovery.coap_service.o
In file included from ../../../third_party/musl/porting/liteos_m/kernel/include/sys/types.h:70,
                 from ../../../third_party/musl/porting/liteos_m/kernel/include/netinet/tcp.h:98,
                 from ../../../kernel/liteos_m/components/net/lwip-2.1/porting/include/lwip/sockets.h:37,
                 from ../../../foundation/communication/softbus_lite/discovery/coap/include/coap_socket.h:18,
                 from ../../../foundation/communication/softbus_lite/discovery/discovery_service/source/coap_service.c:17:
../../../third_party/musl/porting/liteos_m/kernel/include/endian.h: In function '__bswap32':
../../../third_party/musl/porting/liteos_m/kernel/include/endian.h:26:32: warning: suggest parentheses around arithmetic in operand of '|' [-Wparentheses]
   26 |         return __x>>24 | __x>>8&0xff00 | __x<<8&0xff0000 | __x<<24;
      |                          ~~~~~~^~~~~~~
../../../third_party/musl/porting/liteos_m/kernel/include/endian.h:26:48: warning: suggest parentheses around arithmetic in operand of '|' [-Wparentheses]
   26 |         return __x>>24 | __x>>8&0xff00 | __x<<8&0xff0000 | __x<<24;
      |                                          ~~~~~~^~~~~~~~~
../../../third_party/musl/porting/liteos_m/kernel/include/endian.h: In function '__bswap64':
../../../third_party/musl/porting/liteos_m/kernel/include/endian.h:31:30: warning: suggest parentheses around '+' inside '<<' [-Wparentheses]
   31 |         return __bswap32(__x)+0ULL<<32 | __bswap32(__x>>32);
      |                ~~~~~~~~~~~~~~^~~~~
[228/849] gcc cross compiler obj/foundation/communication/softbus_lite/discovery/coap/source/libdiscovery.nstackx_device.o
In file included from ../../../third_party/musl/porting/liteos_m/kernel/include/sys/types.h:70,
                 from ../../../third_party/musl/porting/liteos_m/kernel/include/netinet/tcp.h:98,
                 from ../../../kernel/liteos_m/components/net/lwip-2.1/porting/include/lwip/sockets.h:37,
                 from ../../../foundation/communication/softbus_lite/discovery/coap/include/nstackx_device.h:20,
                 from ../../../foundation/communication/softbus_lite/discovery/coap/source/nstackx_device.c:15:
../../../third_party/musl/porting/liteos_m/kernel/include/endian.h: In function '__bswap32':
../../../third_party/musl/porting/liteos_m/kernel/include/endian.h:26:32: warning: suggest parentheses around arithmetic in operand of '|' [-Wparentheses]
   26 |         return __x>>24 | __x>>8&0xff00 | __x<<8&0xff0000 | __x<<24;
      |                          ~~~~~~^~~~~~~
../../../third_party/musl/porting/liteos_m/kernel/include/endian.h:26:48: warning: suggest parentheses around arithmetic in operand of '|' [-Wparentheses]
   26 |         return __x>>24 | __x>>8&0xff00 | __x<<8&0xff0000 | __x<<24;
      |                                          ~~~~~~^~~~~~~~~
../../../third_party/musl/porting/liteos_m/kernel/include/endian.h: In function '__bswap64':
../../../third_party/musl/porting/liteos_m/kernel/include/endian.h:31:30: warning: suggest parentheses around '+' inside '<<' [-Wparentheses]
   31 |         return __bswap32(__x)+0ULL<<32 | __bswap32(__x>>32);
      |                ~~~~~~~~~~~~~~^~~~~
[229/849] gcc cross compiler obj/foundation/communication/softbus_lite/trans_service/source/libdistbus/libtrans_service.tcp_session.o
[230/849] gcc cross compiler obj/foundation/communication/softbus_lite/discovery/discovery_service/source/libdiscovery.common_info_manager.o
[231/849] gcc cross compiler obj/foundation/communication/softbus_lite/trans_service/source/libdistbus/libtrans_service.trans_lock.o
[232/849] gcc cross compiler obj/foundation/communication/softbus_lite/trans_service/source/utils/libtrans_service.message.o
[233/849] gcc cross compiler obj/foundation/communication/softbus_lite/trans_service/source/utils/libtrans_service.aes_gcm.o
[234/849] COPY ../../../foundation/distributedschedule/samgr_lite/config/system_capability.json obj/foundation/distributedschedule/samgr_lite/config/system_capability.json
[235/849] STAMP obj/foundation/distributedschedule/samgr_lite/ConfigFiles.stamp
[236/849] gcc cross compiler obj/foundation/distributedschedule/samgr_lite/samgr/registry/libsamgr.service_registry.o
[237/849] gcc cross compiler obj/foundation/communication/softbus_lite/trans_service/source/utils/libtrans_service.tcp_socket.o
In file included from ../../../third_party/musl/porting/liteos_m/kernel/include/sys/types.h:70,
                 from ../../../foundation/communication/softbus_lite/trans_service/include/utils/tcp_socket.h:20,
                 from ../../../foundation/communication/softbus_lite/trans_service/source/utils/tcp_socket.c:15:
../../../third_party/musl/porting/liteos_m/kernel/include/endian.h: In function '__bswap32':
../../../third_party/musl/porting/liteos_m/kernel/include/endian.h:26:32: warning: suggest parentheses around arithmetic in operand of '|' [-Wparentheses]
   26 |         return __x>>24 | __x>>8&0xff00 | __x<<8&0xff0000 | __x<<24;
      |                          ~~~~~~^~~~~~~
../../../third_party/musl/porting/liteos_m/kernel/include/endian.h:26:48: warning: suggest parentheses around arithmetic in operand of '|' [-Wparentheses]
   26 |         return __x>>24 | __x>>8&0xff00 | __x<<8&0xff0000 | __x<<24;
      |                                          ~~~~~~^~~~~~~~~
../../../third_party/musl/porting/liteos_m/kernel/include/endian.h: In function '__bswap64':
../../../third_party/musl/porting/liteos_m/kernel/include/endian.h:31:30: warning: suggest parentheses around '+' inside '<<' [-Wparentheses]
   31 |         return __bswap32(__x)+0ULL<<32 | __bswap32(__x>>32);
      |                ~~~~~~~~~~~~~~^~~~~
[238/849] gcc cross compiler obj/foundation/communication/softbus_lite/trans_service/source/libdistbus/libtrans_service.tcp_session_manager.o
In file included from ../../../third_party/musl/porting/liteos_m/kernel/include/sys/types.h:70,
                 from ../../../foundation/communication/softbus_lite/trans_service/source/libdistbus/tcp_session_manager.c:32:
../../../third_party/musl/porting/liteos_m/kernel/include/endian.h: In function '__bswap32':
../../../third_party/musl/porting/liteos_m/kernel/include/endian.h:26:32: warning: suggest parentheses around arithmetic in operand of '|' [-Wparentheses]
   26 |         return __x>>24 | __x>>8&0xff00 | __x<<8&0xff0000 | __x<<24;
      |                          ~~~~~~^~~~~~~
../../../third_party/musl/porting/liteos_m/kernel/include/endian.h:26:48: warning: suggest parentheses around arithmetic in operand of '|' [-Wparentheses]
   26 |         return __x>>24 | __x>>8&0xff00 | __x<<8&0xff0000 | __x<<24;
      |                                          ~~~~~~^~~~~~~~~
../../../third_party/musl/porting/liteos_m/kernel/include/endian.h: In function '__bswap64':
../../../third_party/musl/porting/liteos_m/kernel/include/endian.h:31:30: warning: suggest parentheses around '+' inside '<<' [-Wparentheses]
   31 |         return __bswap32(__x)+0ULL<<32 | __bswap32(__x>>32);
      |                ~~~~~~~~~~~~~~^~~~~
[239/849] gcc cross compiler obj/foundation/distributedschedule/samgr_lite/samgr/source/libsamgr.samgr_lite.o
[240/849] gcc cross compiler obj/foundation/distributedschedule/samgr_lite/communication/broadcast/source/libbroadcast.pub_sub_implement.o
[241/849] gcc cross compiler obj/foundation/distributedschedule/samgr_lite/samgr/source/libsamgr_source.message.o
[242/849] gcc cross compiler obj/foundation/distributedschedule/samgr_lite/samgr/source/libsamgr_source.task_manager.o
[243/849] gcc cross compiler obj/foundation/distributedschedule/samgr_lite/samgr/source/libsamgr_source.service.o
[244/849] gcc cross compiler obj/third_party/bounds_checking_function/src/libsec_static.vswprintf_s.o
[245/849] gcc cross compiler obj/third_party/bounds_checking_function/src/libsec_static.vswscanf_s.o
[246/849] gcc cross compiler obj/third_party/bounds_checking_function/src/libsec_static.vwscanf_s.o
[247/849] gcc cross compiler obj/third_party/bounds_checking_function/src/libsec_static.wcscat_s.o
[248/849] gcc cross compiler obj/third_party/bounds_checking_function/src/libsec_static.wcscpy_s.o
[249/849] gcc cross compiler obj/third_party/bounds_checking_function/src/libsec_static.wcsncat_s.o
[250/849] gcc cross compiler obj/third_party/bounds_checking_function/src/libsec_static.wcsncpy_s.o
[251/849] gcc cross compiler obj/third_party/bounds_checking_function/src/libsec_static.wcstok_s.o
[252/849] gcc cross compiler obj/third_party/bounds_checking_function/src/libsec_static.wmemcpy_s.o
[253/849] gcc cross compiler obj/third_party/bounds_checking_function/src/libsec_static.wmemmove_s.o
[254/849] gcc cross compiler obj/third_party/bounds_checking_function/src/libsec_static.wscanf_s.o
[255/849] gcc cross compiler obj/foundation/distributedschedule/samgr_lite/samgr/source/libsamgr_source.feature.o
[256/849] gcc cross compiler obj/foundation/distributedschedule/samgr_lite/samgr/source/libsamgr_source.iunknown.o
[257/849] gcc cross compiler obj/foundation/distributedschedule/samgr_lite/samgr/source/libsamgr_source.common.o
[258/849] gcc cross compiler obj/kernel/liteos_m/components/backtrace/libbacktrace.los_backtrace.o
[259/849] gcc cross compiler obj/kernel/liteos_m/components/cppsupport/libcppsupport.los_cppsupport.o
[260/849] gcc cross compiler obj/kernel/liteos_m/components/exchook/libexchook.los_exchook.o
[261/849] gcc cross compiler obj/kernel/liteos_m/components/cpup/libcpup.los_cpup.o
[262/849] gcc cross compiler obj/kernel/liteos_m/components/exchook/libexchook.los_exc_info.o
[263/849] gcc cross compiler obj/third_party/FatFs/source/libfatfs.diskio.o
In file included from ../../../third_party/musl/porting/liteos_m/kernel/include/sys/types.h:70,
                 from ../../../third_party/FatFs/source/ff.h:28,
                 from ../../../third_party/FatFs/source/diskio.h:18,
                 from ../../../third_party/FatFs/source/diskio.c:9:
../../../third_party/musl/porting/liteos_m/kernel/include/endian.h: In function '__bswap32':
../../../third_party/musl/porting/liteos_m/kernel/include/endian.h:26:32: warning: suggest parentheses around arithmetic in operand of '|' [-Wparentheses]
   26 |         return __x>>24 | __x>>8&0xff00 | __x<<8&0xff0000 | __x<<24;
      |                          ~~~~~~^~~~~~~
../../../third_party/musl/porting/liteos_m/kernel/include/endian.h:26:48: warning: suggest parentheses around arithmetic in operand of '|' [-Wparentheses]
   26 |         return __x>>24 | __x>>8&0xff00 | __x<<8&0xff0000 | __x<<24;
      |                                          ~~~~~~^~~~~~~~~
../../../third_party/musl/porting/liteos_m/kernel/include/endian.h: In function '__bswap64':
../../../third_party/musl/porting/liteos_m/kernel/include/endian.h:31:30: warning: suggest parentheses around '+' inside '<<' [-Wparentheses]
   31 |         return __bswap32(__x)+0ULL<<32 | __bswap32(__x>>32);
      |                ~~~~~~~~~~~~~~^~~~~
[264/849] gcc cross compiler obj/kernel/liteos_m/components/fs/libfs_operations.fs.o
[265/849] gcc cross compiler obj/third_party/FatFs/source/libfatfs.ffsystem.o
In file included from ../../../third_party/musl/porting/liteos_m/kernel/include/sys/types.h:70,
                 from ../../../third_party/FatFs/source/ff.h:28,
                 from ../../../third_party/FatFs/source/ffsystem.c:7:
../../../third_party/musl/porting/liteos_m/kernel/include/endian.h: In function '__bswap32':
../../../third_party/musl/porting/liteos_m/kernel/include/endian.h:26:32: warning: suggest parentheses around arithmetic in operand of '|' [-Wparentheses]
   26 |         return __x>>24 | __x>>8&0xff00 | __x<<8&0xff0000 | __x<<24;
      |                          ~~~~~~^~~~~~~
../../../third_party/musl/porting/liteos_m/kernel/include/endian.h:26:48: warning: suggest parentheses around arithmetic in operand of '|' [-Wparentheses]
   26 |         return __x>>24 | __x>>8&0xff00 | __x<<8&0xff0000 | __x<<24;
      |                                          ~~~~~~^~~~~~~~~
../../../third_party/musl/porting/liteos_m/kernel/include/endian.h: In function '__bswap64':
../../../third_party/musl/porting/liteos_m/kernel/include/endian.h:31:30: warning: suggest parentheses around '+' inside '<<' [-Wparentheses]
   31 |         return __bswap32(__x)+0ULL<<32 | __bswap32(__x>>32);
      |                ~~~~~~~~~~~~~~^~~~~
[266/849] gcc cross compiler obj/kernel/liteos_m/components/net/lwip-2.1/enhancement/src/liblwip.lwip_ifaddrs.o
In file included from ../../../kernel/liteos_m/components/net/lwip-2.1/porting/include/arch/cc.h:43,
                 from ../../../third_party/lwip/src/include/lwip/arch.h:48,
                 from ../../../third_party/lwip/src/include/lwip/debug.h:40,
                 from ../../../third_party/lwip/src/include/lwip/opt.h:52,
                 from ../../../kernel/liteos_m/components/net/lwip-2.1/enhancement/src/lwip_ifaddrs.c:31:
../../../third_party/musl/porting/liteos_m/kernel/include/endian.h: In function '__bswap32':
../../../third_party/musl/porting/liteos_m/kernel/include/endian.h:26:32: warning: suggest parentheses around arithmetic in operand of '|' [-Wparentheses]
   26 |         return __x>>24 | __x>>8&0xff00 | __x<<8&0xff0000 | __x<<24;
      |                          ~~~~~~^~~~~~~
../../../third_party/musl/porting/liteos_m/kernel/include/endian.h:26:48: warning: suggest parentheses around arithmetic in operand of '|' [-Wparentheses]
   26 |         return __x>>24 | __x>>8&0xff00 | __x<<8&0xff0000 | __x<<24;
      |                                          ~~~~~~^~~~~~~~~
../../../third_party/musl/porting/liteos_m/kernel/include/endian.h: In function '__bswap64':
../../../third_party/musl/porting/liteos_m/kernel/include/endian.h:31:30: warning: suggest parentheses around '+' inside '<<' [-Wparentheses]
   31 |         return __bswap32(__x)+0ULL<<32 | __bswap32(__x>>32);
      |                ~~~~~~~~~~~~~~^~~~~
[267/849] gcc cross compiler obj/third_party/lwip/src/core/liblwip.init.o
In file included from ../../../kernel/liteos_m/components/net/lwip-2.1/porting/include/arch/cc.h:43,
                 from ../../../third_party/lwip/src/include/lwip/arch.h:48,
                 from ../../../third_party/lwip/src/include/lwip/debug.h:40,
                 from ../../../third_party/lwip/src/include/lwip/opt.h:52,
                 from ../../../third_party/lwip/src/core/init.c:38:
../../../third_party/musl/porting/liteos_m/kernel/include/endian.h: In function '__bswap32':
../../../third_party/musl/porting/liteos_m/kernel/include/endian.h:26:32: warning: suggest parentheses around arithmetic in operand of '|' [-Wparentheses]
   26 |         return __x>>24 | __x>>8&0xff00 | __x<<8&0xff0000 | __x<<24;
      |                          ~~~~~~^~~~~~~
../../../third_party/musl/porting/liteos_m/kernel/include/endian.h:26:48: warning: suggest parentheses around arithmetic in operand of '|' [-Wparentheses]
   26 |         return __x>>24 | __x>>8&0xff00 | __x<<8&0xff0000 | __x<<24;
      |                                          ~~~~~~^~~~~~~~~
../../../third_party/musl/porting/liteos_m/kernel/include/endian.h: In function '__bswap64':
../../../third_party/musl/porting/liteos_m/kernel/include/endian.h:31:30: warning: suggest parentheses around '+' inside '<<' [-Wparentheses]
   31 |         return __bswap32(__x)+0ULL<<32 | __bswap32(__x>>32);
      |                ~~~~~~~~~~~~~~^~~~~
[268/849] gcc cross compiler obj/third_party/lwip/src/core/liblwip.def.o
In file included from ../../../kernel/liteos_m/components/net/lwip-2.1/porting/include/arch/cc.h:43,
                 from ../../../third_party/lwip/src/include/lwip/arch.h:48,
                 from ../../../third_party/lwip/src/include/lwip/debug.h:40,
                 from ../../../third_party/lwip/src/include/lwip/opt.h:52,
                 from ../../../third_party/lwip/src/core/def.c:61:
../../../third_party/musl/porting/liteos_m/kernel/include/endian.h: In function '__bswap32':
../../../third_party/musl/porting/liteos_m/kernel/include/endian.h:26:32: warning: suggest parentheses around arithmetic in operand of '|' [-Wparentheses]
   26 |         return __x>>24 | __x>>8&0xff00 | __x<<8&0xff0000 | __x<<24;
      |                          ~~~~~~^~~~~~~
../../../third_party/musl/porting/liteos_m/kernel/include/endian.h:26:48: warning: suggest parentheses around arithmetic in operand of '|' [-Wparentheses]
   26 |         return __x>>24 | __x>>8&0xff00 | __x<<8&0xff0000 | __x<<24;
      |                                          ~~~~~~^~~~~~~~~
../../../third_party/musl/porting/liteos_m/kernel/include/endian.h: In function '__bswap64':
../../../third_party/musl/porting/liteos_m/kernel/include/endian.h:31:30: warning: suggest parentheses around '+' inside '<<' [-Wparentheses]
   31 |         return __bswap32(__x)+0ULL<<32 | __bswap32(__x>>32);
      |                ~~~~~~~~~~~~~~^~~~~
[269/849] gcc cross compiler obj/third_party/FatFs/source/libfatfs.ffunicode.o
In file included from ../../../third_party/musl/porting/liteos_m/kernel/include/sys/types.h:70,
                 from ../../../third_party/FatFs/source/ff.h:28,
                 from ../../../third_party/FatFs/source/ffunicode.c:26:
../../../third_party/musl/porting/liteos_m/kernel/include/endian.h: In function '__bswap32':
../../../third_party/musl/porting/liteos_m/kernel/include/endian.h:26:32: warning: suggest parentheses around arithmetic in operand of '|' [-Wparentheses]
   26 |         return __x>>24 | __x>>8&0xff00 | __x<<8&0xff0000 | __x<<24;
      |                          ~~~~~~^~~~~~~
../../../third_party/musl/porting/liteos_m/kernel/include/endian.h:26:48: warning: suggest parentheses around arithmetic in operand of '|' [-Wparentheses]
   26 |         return __x>>24 | __x>>8&0xff00 | __x<<8&0xff0000 | __x<<24;
      |                                          ~~~~~~^~~~~~~~~
../../../third_party/musl/porting/liteos_m/kernel/include/endian.h: In function '__bswap64':
../../../third_party/musl/porting/liteos_m/kernel/include/endian.h:31:30: warning: suggest parentheses around '+' inside '<<' [-Wparentheses]
   31 |         return __bswap32(__x)+0ULL<<32 | __bswap32(__x>>32);
      |                ~~~~~~~~~~~~~~^~~~~
[270/849] gcc cross compiler obj/kernel/liteos_m/components/net/lwip-2.1/porting/src/liblwip.api_shell.o
In file included from ../../../kernel/liteos_m/components/net/lwip-2.1/porting/include/arch/cc.h:43,
                 from ../../../third_party/lwip/src/include/lwip/arch.h:48,
                 from ../../../third_party/lwip/src/include/lwip/debug.h:40,
                 from ../../../third_party/lwip/src/include/lwip/opt.h:52,
                 from ../../../third_party/lwip/src/include/lwip/api.h:40,
                 from ../../../kernel/liteos_m/components/net/lwip-2.1/porting/src/api_shell.c:36:
../../../third_party/musl/porting/liteos_m/kernel/include/endian.h: In function '__bswap32':
../../../third_party/musl/porting/liteos_m/kernel/include/endian.h:26:32: warning: suggest parentheses around arithmetic in operand of '|' [-Wparentheses]
   26 |         return __x>>24 | __x>>8&0xff00 | __x<<8&0xff0000 | __x<<24;
      |                          ~~~~~~^~~~~~~
../../../third_party/musl/porting/liteos_m/kernel/include/endian.h:26:48: warning: suggest parentheses around arithmetic in operand of '|' [-Wparentheses]
   26 |         return __x>>24 | __x>>8&0xff00 | __x<<8&0xff0000 | __x<<24;
      |                                          ~~~~~~^~~~~~~~~
../../../third_party/musl/porting/liteos_m/kernel/include/endian.h: In function '__bswap64':
../../../third_party/musl/porting/liteos_m/kernel/include/endian.h:31:30: warning: suggest parentheses around '+' inside '<<' [-Wparentheses]
   31 |         return __bswap32(__x)+0ULL<<32 | __bswap32(__x>>32);
      |                ~~~~~~~~~~~~~~^~~~~
../../../kernel/liteos_m/components/net/lwip-2.1/porting/src/api_shell.c: In function 'lwip_ifconfig':
../../../kernel/liteos_m/components/net/lwip-2.1/porting/src/api_shell.c:242:11: warning: implicit declaration of function 'tcpip_callback' [-Wimplicit-function-declaration]
  242 |     ret = tcpip_callback(lwip_ifconfig_show_internal, &ifconfig_cmd);
      |           ^~~~~~~~~~~~~~
../../../kernel/liteos_m/components/net/lwip-2.1/porting/src/api_shell.c:230:11: warning: unused variable 'stat_rx_or_tx_bytes' [-Wunused-variable]
  230 |     u32_t stat_rx_or_tx_bytes;
      |           ^~~~~~~~~~~~~~~~~~~
../../../kernel/liteos_m/components/net/lwip-2.1/porting/src/api_shell.c:229:11: warning: unused variable 'stat_rx_or_tx_cnt' [-Wunused-variable]
  229 |     u32_t stat_rx_or_tx_cnt;
      |           ^~~~~~~~~~~~~~~~~
../../../kernel/liteos_m/components/net/lwip-2.1/porting/src/api_shell.c:228:11: warning: unused variable 'stat_drop_cnt' [-Wunused-variable]
  228 |     u32_t stat_drop_cnt;
      |           ^~~~~~~~~~~~~
../../../kernel/liteos_m/components/net/lwip-2.1/porting/src/api_shell.c:227:11: warning: unused variable 'stat_err_cnt' [-Wunused-variable]
  227 |     u32_t stat_err_cnt;
      |           ^~~~~~~~~~~~
../../../kernel/liteos_m/components/net/lwip-2.1/porting/src/api_shell.c: In function 'get_hostip':
../../../kernel/liteos_m/components/net/lwip-2.1/porting/src/api_shell.c:285:25: warning: implicit declaration of function 'zalloc'; did you mean 'valloc'? [-Wimplicit-function-declaration]
  285 |     tmphstbuf = (char *)zalloc(sizeof(char) * hstbuflen);
      |                         ^~~~~~
      |                         valloc
../../../kernel/liteos_m/components/net/lwip-2.1/porting/src/api_shell.c: In function 'OsPingFunc':
../../../kernel/liteos_m/components/net/lwip-2.1/porting/src/api_shell.c:385:25: warning: implicit declaration of function 'inet_chksum' [-Wimplicit-function-declaration]
  385 |         iecho->chksum = inet_chksum((void *)iecho, iecho_len);
      |                         ^~~~~~~~~~~
[271/849] gcc cross compiler obj/kernel/liteos_m/components/fs/fatfs/libfatfs.fatfs.o
In file included from ../../../third_party/musl/porting/liteos_m/kernel/include/sys/types.h:70,
                 from ../../../third_party/FatFs/source/ff.h:28,
                 from ../../../kernel/liteos_m/components/fs/fatfs/fatfs.c:33:
../../../third_party/musl/porting/liteos_m/kernel/include/endian.h: In function '__bswap32':
../../../third_party/musl/porting/liteos_m/kernel/include/endian.h:26:32: warning: suggest parentheses around arithmetic in operand of '|' [-Wparentheses]
   26 |         return __x>>24 | __x>>8&0xff00 | __x<<8&0xff0000 | __x<<24;
      |                          ~~~~~~^~~~~~~
../../../third_party/musl/porting/liteos_m/kernel/include/endian.h:26:48: warning: suggest parentheses around arithmetic in operand of '|' [-Wparentheses]
   26 |         return __x>>24 | __x>>8&0xff00 | __x<<8&0xff0000 | __x<<24;
      |                                          ~~~~~~^~~~~~~~~
../../../third_party/musl/porting/liteos_m/kernel/include/endian.h: In function '__bswap64':
../../../third_party/musl/porting/liteos_m/kernel/include/endian.h:31:30: warning: suggest parentheses around '+' inside '<<' [-Wparentheses]
   31 |         return __bswap32(__x)+0ULL<<32 | __bswap32(__x>>32);
      |                ~~~~~~~~~~~~~~^~~~~
[272/849] gcc cross compiler obj/third_party/littlefs/liblittlefs.lfs_util.o
[273/849] gcc cross compiler obj/kernel/liteos_m/components/fs/littlefs/liblittlefs.lfs_api.o
../../../kernel/liteos_m/components/fs/littlefs/lfs_api.c:317:13: warning: initialization of 'int (*)(const char *, int, ...)' from incompatible pointer type 'int (*)(const char *, int,  int)' [-Wincompatible-pointer-types]
  317 |     .Open = LfsOpen,
      |             ^~~~~~~
../../../kernel/liteos_m/components/fs/littlefs/lfs_api.c:317:13: note: (near initialization for 'g_lfsFops.Open')
[274/849] gcc cross compiler obj/third_party/FatFs/source/libfatfs.ff.o
In file included from ../../../third_party/musl/porting/liteos_m/kernel/include/sys/types.h:70,
                 from ../../../third_party/FatFs/source/ff.h:28,
                 from ../../../third_party/FatFs/source/ff.c:21:
../../../third_party/musl/porting/liteos_m/kernel/include/endian.h: In function '__bswap32':
../../../third_party/musl/porting/liteos_m/kernel/include/endian.h:26:32: warning: suggest parentheses around arithmetic in operand of '|' [-Wparentheses]
   26 |         return __x>>24 | __x>>8&0xff00 | __x<<8&0xff0000 | __x<<24;
      |                          ~~~~~~^~~~~~~
../../../third_party/musl/porting/liteos_m/kernel/include/endian.h:26:48: warning: suggest parentheses around arithmetic in operand of '|' [-Wparentheses]
   26 |         return __x>>24 | __x>>8&0xff00 | __x<<8&0xff0000 | __x<<24;
      |                                          ~~~~~~^~~~~~~~~
../../../third_party/musl/porting/liteos_m/kernel/include/endian.h: In function '__bswap64':
../../../third_party/musl/porting/liteos_m/kernel/include/endian.h:31:30: warning: suggest parentheses around '+' inside '<<' [-Wparentheses]
   31 |         return __bswap32(__x)+0ULL<<32 | __bswap32(__x>>32);
      |                ~~~~~~~~~~~~~~^~~~~
../../../third_party/FatFs/source/ff.c: In function 'check_fs':
../../../third_party/FatFs/source/ff.c:2662:17: warning: implicit declaration of function 'PRINTK' [-Wimplicit-function-declaration]
 2662 |                 PRINTK("exFAT is not supported!\n");
      |                 ^~~~~~
../../../third_party/FatFs/source/ff.c: In function 'f_unlink':
../../../third_party/FatFs/source/ff.c:4505:15: warning: unused variable 'last_clust' [-Wunused-variable]
 4505 |         DWORD last_clust = 1;
      |               ^~~~~~~~~~
[275/849] gcc cross compiler obj/kernel/liteos_m/components/net/lwip-2.1/porting/src/liblwip.driverif.o
In file included from ../../../kernel/liteos_m/components/net/lwip-2.1/porting/include/arch/cc.h:43,
                 from ../../../third_party/lwip/src/include/lwip/arch.h:48,
                 from ../../../third_party/lwip/src/include/lwip/debug.h:40,
                 from ../../../third_party/lwip/src/include/lwip/opt.h:52,
                 from ../../../third_party/lwip/src/include/lwip/sys.h:40,
                 from ../../../kernel/liteos_m/components/net/lwip-2.1/porting/src/driverif.c:32:
../../../third_party/musl/porting/liteos_m/kernel/include/endian.h: In function '__bswap32':
../../../third_party/musl/porting/liteos_m/kernel/include/endian.h:26:32: warning: suggest parentheses around arithmetic in operand of '|' [-Wparentheses]
   26 |         return __x>>24 | __x>>8&0xff00 | __x<<8&0xff0000 | __x<<24;
      |                          ~~~~~~^~~~~~~
../../../third_party/musl/porting/liteos_m/kernel/include/endian.h:26:48: warning: suggest parentheses around arithmetic in operand of '|' [-Wparentheses]
   26 |         return __x>>24 | __x>>8&0xff00 | __x<<8&0xff0000 | __x<<24;
      |                                          ~~~~~~^~~~~~~~~
../../../third_party/musl/porting/liteos_m/kernel/include/endian.h: In function '__bswap64':
../../../third_party/musl/porting/liteos_m/kernel/include/endian.h:31:30: warning: suggest parentheses around '+' inside '<<' [-Wparentheses]
   31 |         return __bswap32(__x)+0ULL<<32 | __bswap32(__x>>32);
      |                ~~~~~~~~~~~~~~^~~~~
[276/849] gcc cross compiler obj/kernel/liteos_m/components/net/lwip-2.1/porting/src/liblwip.lwip_init.o
In file included from ../../../kernel/liteos_m/components/net/lwip-2.1/porting/include/arch/cc.h:43,
                 from ../../../third_party/lwip/src/include/lwip/arch.h:48,
                 from ../../../third_party/lwip/src/include/lwip/debug.h:40,
                 from ../../../third_party/lwip/src/include/lwip/opt.h:52,
                 from ../../../third_party/lwip/src/include/lwip/tcpip.h:40,
                 from ../../../kernel/liteos_m/components/net/lwip-2.1/porting/src/lwip_init.c:34:
../../../third_party/musl/porting/liteos_m/kernel/include/endian.h: In function '__bswap32':
../../../third_party/musl/porting/liteos_m/kernel/include/endian.h:26:32: warning: suggest parentheses around arithmetic in operand of '|' [-Wparentheses]
   26 |         return __x>>24 | __x>>8&0xff00 | __x<<8&0xff0000 | __x<<24;
      |                          ~~~~~~^~~~~~~
../../../third_party/musl/porting/liteos_m/kernel/include/endian.h:26:48: warning: suggest parentheses around arithmetic in operand of '|' [-Wparentheses]
   26 |         return __x>>24 | __x>>8&0xff00 | __x<<8&0xff0000 | __x<<24;
      |                                          ~~~~~~^~~~~~~~~
../../../third_party/musl/porting/liteos_m/kernel/include/endian.h: In function '__bswap64':
../../../third_party/musl/porting/liteos_m/kernel/include/endian.h:31:30: warning: suggest parentheses around '+' inside '<<' [-Wparentheses]
   31 |         return __bswap32(__x)+0ULL<<32 | __bswap32(__x>>32);
      |                ~~~~~~~~~~~~~~^~~~~
[277/849] gcc cross compiler obj/kernel/liteos_m/components/net/lwip-2.1/porting/src/liblwip.netdb_porting.o
In file included from ../../../kernel/liteos_m/components/net/lwip-2.1/porting/include/arch/cc.h:43,
                 from ../../../third_party/lwip/src/include/lwip/arch.h:48,
                 from ../../../third_party/lwip/src/include/lwip/debug.h:40,
                 from ../../../third_party/lwip/src/include/lwip/opt.h:52,
                 from ../../../third_party/lwip/src/include/lwip/netdb.h:37,
                 from ../../../kernel/liteos_m/components/net/lwip-2.1/porting/include/lwip/netdb.h:36,
                 from ../../../kernel/liteos_m/components/net/lwip-2.1/porting/src/netdb_porting.c:32:
../../../third_party/musl/porting/liteos_m/kernel/include/endian.h: In function '__bswap32':
../../../third_party/musl/porting/liteos_m/kernel/include/endian.h:26:32: warning: suggest parentheses around arithmetic in operand of '|' [-Wparentheses]
   26 |         return __x>>24 | __x>>8&0xff00 | __x<<8&0xff0000 | __x<<24;
      |                          ~~~~~~^~~~~~~
../../../third_party/musl/porting/liteos_m/kernel/include/endian.h:26:48: warning: suggest parentheses around arithmetic in operand of '|' [-Wparentheses]
   26 |         return __x>>24 | __x>>8&0xff00 | __x<<8&0xff0000 | __x<<24;
      |                                          ~~~~~~^~~~~~~~~
../../../third_party/musl/porting/liteos_m/kernel/include/endian.h: In function '__bswap64':
../../../third_party/musl/porting/liteos_m/kernel/include/endian.h:31:30: warning: suggest parentheses around '+' inside '<<' [-Wparentheses]
   31 |         return __bswap32(__x)+0ULL<<32 | __bswap32(__x>>32);
      |                ~~~~~~~~~~~~~~^~~~~
[278/849] gcc cross compiler obj/kernel/liteos_m/components/shell/src/cmds/libshell.date_shell.o
[279/849] gcc cross compiler obj/kernel/liteos_m/components/shell/src/cmds/libshell.mempt_shellcmd.o
../../../kernel/liteos_m/components/shell/src/cmds/mempt_shellcmd.c: In function 'OsShellCmdFreeInfo':
../../../kernel/liteos_m/components/shell/src/cmds/mempt_shellcmd.c:44:22: warning: implicit declaration of function 'LOS_MemTotalUsedGet' [-Wimplicit-function-declaration]
   44 |     UINT32 memUsed = LOS_MemTotalUsedGet(m_aucSysMem0);
      |                      ^~~~~~~~~~~~~~~~~~~
../../../kernel/liteos_m/components/shell/src/cmds/mempt_shellcmd.c:45:23: warning: implicit declaration of function 'LOS_MemPoolSizeGet' [-Wimplicit-function-declaration]
   45 |     UINT32 totalMem = LOS_MemPoolSizeGet(m_aucSysMem0);
      |                       ^~~~~~~~~~~~~~~~~~
[280/849] gcc cross compiler obj/kernel/liteos_m/components/shell/src/cmds/libshell.fullpath.o
../../../kernel/liteos_m/components/shell/src/cmds/fullpath.c: In function 'VfsNotAbsolutePath':
../../../kernel/liteos_m/components/shell/src/cmds/fullpath.c:188:11: warning: implicit declaration of function 'snprintf_s'; did you mean 'snprintf'? [-Wimplicit-function-declaration]
  188 |     ret = snprintf_s(fullpath, strlen(directory) + namelen + 2, strlen(directory) + namelen + 1,
      |           ^~~~~~~~~~
      |           snprintf
[281/849] gcc cross compiler obj/kernel/liteos_m/components/shell/src/cmds/libshell.shell_shellcmd.o
[282/849] gcc cross compiler obj/kernel/liteos_m/components/shell/src/cmds/libshell.task_shellcmd.o
../../../kernel/liteos_m/components/shell/src/cmds/task_shellcmd.c: In function 'OsShellCmdTskInfoGet':
../../../kernel/liteos_m/components/shell/src/cmds/task_shellcmd.c:124:33: warning: implicit declaration of function 'LOS_MemAlloc' [-Wimplicit-function-declaration]
  124 |         tcbArray = (LosTaskCB *)LOS_MemAlloc(m_aucSysMem0, size);
      |                                 ^~~~~~~~~~~~
../../../kernel/liteos_m/components/shell/src/cmds/task_shellcmd.c:131:19: warning: implicit declaration of function 'memcpy_s'; did you mean 'memcpy'? [-Wimplicit-function-declaration]
  131 |             ret = memcpy_s(tcbArray, size, g_taskCBArray, size);
      |                   ^~~~~~~~
      |                   memcpy
../../../kernel/liteos_m/components/shell/src/cmds/task_shellcmd.c:141:19: warning: implicit declaration of function 'LOS_MemFree'; did you mean 'LOS_SemCreate'? [-Wimplicit-function-declaration]
  141 |             (VOID)LOS_MemFree(m_aucSysMem0, tcbArray);
      |                   ^~~~~~~~~~~
      |                   LOS_SemCreate
[283/849] gcc cross compiler obj/third_party/littlefs/liblittlefs.lfs.o
[284/849] gcc cross compiler obj/kernel/liteos_m/kernel/src/libkernel.los_sem.o
[285/849] gcc cross compiler obj/kernel/liteos_m/kernel/src/libkernel.los_sched.o
[286/849] gcc cross compiler obj/kernel/liteos_m/components/shell/src/cmds/libshell.vfs_shellcmd.o
../../../kernel/liteos_m/components/shell/src/cmds/vfs_shellcmd.c: In function 'OsShellCmdPwd':
../../../kernel/liteos_m/components/shell/src/cmds/vfs_shellcmd.c:327:10: warning: unused variable 'dir' [-Wunused-variable]
  327 |     DIR *dir = NULL;
      |          ^~~
[287/849] gcc cross compiler obj/kernel/liteos_m/kernel/src/libkernel.los_sortlink.o
[288/849] gcc cross compiler obj/kernel/liteos_m/kernel/src/libkernel.los_tick.o
[289/849] gcc cross compiler obj/kernel/liteos_m/kernel/src/libkernel.los_swtmr.o
[290/849] gcc cross compiler obj/kernel/liteos_m/kal/posix/src/libposix.errno.o
[291/849] gcc cross compiler obj/kernel/liteos_m/kal/posix/src/libposix.libc.o
[292/849] gcc cross compiler obj/kernel/liteos_m/kal/posix/src/libposix.malloc.o
[293/849] gcc cross compiler obj/kernel/liteos_m/components/net/lwip-2.1/porting/src/liblwip.sockets_porting.o
In file included from ../../../kernel/liteos_m/components/net/lwip-2.1/porting/include/arch/cc.h:43,
                 from ../../../third_party/lwip/src/include/lwip/arch.h:48,
                 from ../../../third_party/lwip/src/include/lwip/debug.h:40,
                 from ../../../third_party/lwip/src/include/lwip/opt.h:52,
                 from ../../../third_party/lwip/src/include/lwip/priv/sockets_priv.h:40,
                 from ../../../kernel/liteos_m/components/net/lwip-2.1/porting/src/sockets_porting.c:32:
../../../third_party/musl/porting/liteos_m/kernel/include/endian.h: In function '__bswap32':
../../../third_party/musl/porting/liteos_m/kernel/include/endian.h:26:32: warning: suggest parentheses around arithmetic in operand of '|' [-Wparentheses]
   26 |         return __x>>24 | __x>>8&0xff00 | __x<<8&0xff0000 | __x<<24;
      |                          ~~~~~~^~~~~~~
../../../third_party/musl/porting/liteos_m/kernel/include/endian.h:26:48: warning: suggest parentheses around arithmetic in operand of '|' [-Wparentheses]
   26 |         return __x>>24 | __x>>8&0xff00 | __x<<8&0xff0000 | __x<<24;
      |                                          ~~~~~~^~~~~~~~~
../../../third_party/musl/porting/liteos_m/kernel/include/endian.h: In function '__bswap64':
../../../third_party/musl/porting/liteos_m/kernel/include/endian.h:31:30: warning: suggest parentheses around '+' inside '<<' [-Wparentheses]
   31 |         return __bswap32(__x)+0ULL<<32 | __bswap32(__x>>32);
      |                ~~~~~~~~~~~~~~^~~~~
../../../kernel/liteos_m/components/net/lwip-2.1/porting/src/sockets_porting.c: In function 'if_nametoindex':
../../../kernel/liteos_m/components/net/lwip-2.1/porting/src/sockets_porting.c:184:12: warning: implicit declaration of function 'lwip_if_nametoindex'; did you mean 'if_nametoindex'? [-Wimplicit-function-declaration]
  184 |     return lwip_if_nametoindex(ifname);
      |            ^~~~~~~~~~~~~~~~~~~
      |            if_nametoindex
[294/849] gcc cross compiler obj/kernel/liteos_m/components/net/lwip-2.1/porting/src/liblwip.sys_arch.o
In file included from ../../../kernel/liteos_m/components/net/lwip-2.1/porting/include/arch/cc.h:43,
                 from ../../../third_party/lwip/src/include/lwip/arch.h:48,
                 from ../../../third_party/lwip/src/include/lwip/debug.h:40,
                 from ../../../third_party/lwip/src/include/lwip/opt.h:52,
                 from ../../../third_party/lwip/src/include/lwip/sys.h:40,
                 from ../../../kernel/liteos_m/components/net/lwip-2.1/porting/src/sys_arch.c:33:
../../../third_party/musl/porting/liteos_m/kernel/include/endian.h: In function '__bswap32':
../../../third_party/musl/porting/liteos_m/kernel/include/endian.h:26:32: warning: suggest parentheses around arithmetic in operand of '|' [-Wparentheses]
   26 |         return __x>>24 | __x>>8&0xff00 | __x<<8&0xff0000 | __x<<24;
      |                          ~~~~~~^~~~~~~
../../../third_party/musl/porting/liteos_m/kernel/include/endian.h:26:48: warning: suggest parentheses around arithmetic in operand of '|' [-Wparentheses]
   26 |         return __x>>24 | __x>>8&0xff00 | __x<<8&0xff0000 | __x<<24;
      |                                          ~~~~~~^~~~~~~~~
../../../third_party/musl/porting/liteos_m/kernel/include/endian.h: In function '__bswap64':
../../../third_party/musl/porting/liteos_m/kernel/include/endian.h:31:30: warning: suggest parentheses around '+' inside '<<' [-Wparentheses]
   31 |         return __bswap32(__x)+0ULL<<32 | __bswap32(__x>>32);
      |                ~~~~~~~~~~~~~~^~~~~
[295/849] gcc cross compiler obj/kernel/liteos_m/components/net/lwip-2.1/enhancement/src/liblwip.fixme.o
In file included from ../../../kernel/liteos_m/components/net/lwip-2.1/porting/include/arch/cc.h:43,
                 from ../../../third_party/lwip/src/include/lwip/arch.h:48,
                 from ../../../third_party/lwip/src/include/lwip/debug.h:40,
                 from ../../../third_party/lwip/src/include/lwip/opt.h:52,
                 from ../../../third_party/lwip/src/include/lwip/sys.h:40,
                 from ../../../kernel/liteos_m/components/net/lwip-2.1/enhancement/src/fixme.c:32:
../../../third_party/musl/porting/liteos_m/kernel/include/endian.h: In function '__bswap32':
../../../third_party/musl/porting/liteos_m/kernel/include/endian.h:26:32: warning: suggest parentheses around arithmetic in operand of '|' [-Wparentheses]
   26 |         return __x>>24 | __x>>8&0xff00 | __x<<8&0xff0000 | __x<<24;
      |                          ~~~~~~^~~~~~~
../../../third_party/musl/porting/liteos_m/kernel/include/endian.h:26:48: warning: suggest parentheses around arithmetic in operand of '|' [-Wparentheses]
   26 |         return __x>>24 | __x>>8&0xff00 | __x<<8&0xff0000 | __x<<24;
      |                                          ~~~~~~^~~~~~~~~
../../../third_party/musl/porting/liteos_m/kernel/include/endian.h: In function '__bswap64':
../../../third_party/musl/porting/liteos_m/kernel/include/endian.h:31:30: warning: suggest parentheses around '+' inside '<<' [-Wparentheses]
   31 |         return __bswap32(__x)+0ULL<<32 | __bswap32(__x>>32);
      |                ~~~~~~~~~~~~~~^~~~~
[296/849] gcc cross compiler obj/kernel/liteos_m/kernel/src/libkernel.los_task.o
[297/849] gcc cross compiler obj/third_party/lwip/src/core/liblwip.ip.o
In file included from ../../../kernel/liteos_m/components/net/lwip-2.1/porting/include/arch/cc.h:43,
                 from ../../../third_party/lwip/src/include/lwip/arch.h:48,
                 from ../../../third_party/lwip/src/include/lwip/debug.h:40,
                 from ../../../third_party/lwip/src/include/lwip/opt.h:52,
                 from ../../../third_party/lwip/src/core/ip.c:56:
../../../third_party/musl/porting/liteos_m/kernel/include/endian.h: In function '__bswap32':
../../../third_party/musl/porting/liteos_m/kernel/include/endian.h:26:32: warning: suggest parentheses around arithmetic in operand of '|' [-Wparentheses]
   26 |         return __x>>24 | __x>>8&0xff00 | __x<<8&0xff0000 | __x<<24;
      |                          ~~~~~~^~~~~~~
../../../third_party/musl/porting/liteos_m/kernel/include/endian.h:26:48: warning: suggest parentheses around arithmetic in operand of '|' [-Wparentheses]
   26 |         return __x>>24 | __x>>8&0xff00 | __x<<8&0xff0000 | __x<<24;
      |                                          ~~~~~~^~~~~~~~~
../../../third_party/musl/porting/liteos_m/kernel/include/endian.h: In function '__bswap64':
../../../third_party/musl/porting/liteos_m/kernel/include/endian.h:31:30: warning: suggest parentheses around '+' inside '<<' [-Wparentheses]
   31 |         return __bswap32(__x)+0ULL<<32 | __bswap32(__x>>32);
      |                ~~~~~~~~~~~~~~^~~~~
[298/849] gcc cross compiler obj/third_party/lwip/src/core/liblwip.inet_chksum.o
In file included from ../../../kernel/liteos_m/components/net/lwip-2.1/porting/include/arch/cc.h:43,
                 from ../../../third_party/lwip/src/include/lwip/arch.h:48,
                 from ../../../third_party/lwip/src/include/lwip/debug.h:40,
                 from ../../../third_party/lwip/src/include/lwip/opt.h:52,
                 from ../../../third_party/lwip/src/core/inet_chksum.c:48:
../../../third_party/musl/porting/liteos_m/kernel/include/endian.h: In function '__bswap32':
../../../third_party/musl/porting/liteos_m/kernel/include/endian.h:26:32: warning: suggest parentheses around arithmetic in operand of '|' [-Wparentheses]
   26 |         return __x>>24 | __x>>8&0xff00 | __x<<8&0xff0000 | __x<<24;
      |                          ~~~~~~^~~~~~~
../../../third_party/musl/porting/liteos_m/kernel/include/endian.h:26:48: warning: suggest parentheses around arithmetic in operand of '|' [-Wparentheses]
   26 |         return __x>>24 | __x>>8&0xff00 | __x<<8&0xff0000 | __x<<24;
      |                                          ~~~~~~^~~~~~~~~
../../../third_party/musl/porting/liteos_m/kernel/include/endian.h: In function '__bswap64':
../../../third_party/musl/porting/liteos_m/kernel/include/endian.h:31:30: warning: suggest parentheses around '+' inside '<<' [-Wparentheses]
   31 |         return __bswap32(__x)+0ULL<<32 | __bswap32(__x>>32);
      |                ~~~~~~~~~~~~~~^~~~~
[299/849] gcc cross compiler obj/third_party/lwip/src/core/liblwip.dns.o
In file included from ../../../kernel/liteos_m/components/net/lwip-2.1/porting/include/arch/cc.h:43,
                 from ../../../third_party/lwip/src/include/lwip/arch.h:48,
                 from ../../../third_party/lwip/src/include/lwip/debug.h:40,
                 from ../../../third_party/lwip/src/include/lwip/opt.h:52,
                 from ../../../third_party/lwip/src/core/dns.c:87:
../../../third_party/musl/porting/liteos_m/kernel/include/endian.h: In function '__bswap32':
../../../third_party/musl/porting/liteos_m/kernel/include/endian.h:26:32: warning: suggest parentheses around arithmetic in operand of '|' [-Wparentheses]
   26 |         return __x>>24 | __x>>8&0xff00 | __x<<8&0xff0000 | __x<<24;
      |                          ~~~~~~^~~~~~~
../../../third_party/musl/porting/liteos_m/kernel/include/endian.h:26:48: warning: suggest parentheses around arithmetic in operand of '|' [-Wparentheses]
   26 |         return __x>>24 | __x>>8&0xff00 | __x<<8&0xff0000 | __x<<24;
      |                                          ~~~~~~^~~~~~~~~
../../../third_party/musl/porting/liteos_m/kernel/include/endian.h: In function '__bswap64':
../../../third_party/musl/porting/liteos_m/kernel/include/endian.h:31:30: warning: suggest parentheses around '+' inside '<<' [-Wparentheses]
   31 |         return __bswap32(__x)+0ULL<<32 | __bswap32(__x>>32);
      |                ~~~~~~~~~~~~~~^~~~~
[300/849] gcc cross compiler obj/third_party/lwip/src/core/liblwip.mem.o
In file included from ../../../kernel/liteos_m/components/net/lwip-2.1/porting/include/arch/cc.h:43,
                 from ../../../third_party/lwip/src/include/lwip/arch.h:48,
                 from ../../../third_party/lwip/src/include/lwip/debug.h:40,
                 from ../../../third_party/lwip/src/include/lwip/opt.h:52,
                 from ../../../third_party/lwip/src/core/mem.c:56:
../../../third_party/musl/porting/liteos_m/kernel/include/endian.h: In function '__bswap32':
../../../third_party/musl/porting/liteos_m/kernel/include/endian.h:26:32: warning: suggest parentheses around arithmetic in operand of '|' [-Wparentheses]
   26 |         return __x>>24 | __x>>8&0xff00 | __x<<8&0xff0000 | __x<<24;
      |                          ~~~~~~^~~~~~~
../../../third_party/musl/porting/liteos_m/kernel/include/endian.h:26:48: warning: suggest parentheses around arithmetic in operand of '|' [-Wparentheses]
   26 |         return __x>>24 | __x>>8&0xff00 | __x<<8&0xff0000 | __x<<24;
      |                                          ~~~~~~^~~~~~~~~
../../../third_party/musl/porting/liteos_m/kernel/include/endian.h: In function '__bswap64':
../../../third_party/musl/porting/liteos_m/kernel/include/endian.h:31:30: warning: suggest parentheses around '+' inside '<<' [-Wparentheses]
   31 |         return __bswap32(__x)+0ULL<<32 | __bswap32(__x>>32);
      |                ~~~~~~~~~~~~~~^~~~~
[301/849] gcc cross compiler obj/third_party/lwip/src/core/liblwip.memp.o
In file included from ../../../kernel/liteos_m/components/net/lwip-2.1/porting/include/arch/cc.h:43,
                 from ../../../third_party/lwip/src/include/lwip/arch.h:48,
                 from ../../../third_party/lwip/src/include/lwip/debug.h:40,
                 from ../../../third_party/lwip/src/include/lwip/opt.h:52,
                 from ../../../third_party/lwip/src/core/memp.c:46:
../../../third_party/musl/porting/liteos_m/kernel/include/endian.h: In function '__bswap32':
../../../third_party/musl/porting/liteos_m/kernel/include/endian.h:26:32: warning: suggest parentheses around arithmetic in operand of '|' [-Wparentheses]
   26 |         return __x>>24 | __x>>8&0xff00 | __x<<8&0xff0000 | __x<<24;
      |                          ~~~~~~^~~~~~~
../../../third_party/musl/porting/liteos_m/kernel/include/endian.h:26:48: warning: suggest parentheses around arithmetic in operand of '|' [-Wparentheses]
   26 |         return __x>>24 | __x>>8&0xff00 | __x<<8&0xff0000 | __x<<24;
      |                                          ~~~~~~^~~~~~~~~
../../../third_party/musl/porting/liteos_m/kernel/include/endian.h: In function '__bswap64':
../../../third_party/musl/porting/liteos_m/kernel/include/endian.h:31:30: warning: suggest parentheses around '+' inside '<<' [-Wparentheses]
   31 |         return __bswap32(__x)+0ULL<<32 | __bswap32(__x>>32);
      |                ~~~~~~~~~~~~~~^~~~~
[302/849] gcc cross compiler obj/third_party/lwip/src/core/liblwip.raw.o
In file included from ../../../kernel/liteos_m/components/net/lwip-2.1/porting/include/arch/cc.h:43,
                 from ../../../third_party/lwip/src/include/lwip/arch.h:48,
                 from ../../../third_party/lwip/src/include/lwip/debug.h:40,
                 from ../../../third_party/lwip/src/include/lwip/opt.h:52,
                 from ../../../third_party/lwip/src/core/raw.c:48:
../../../third_party/musl/porting/liteos_m/kernel/include/endian.h: In function '__bswap32':
../../../third_party/musl/porting/liteos_m/kernel/include/endian.h:26:32: warning: suggest parentheses around arithmetic in operand of '|' [-Wparentheses]
   26 |         return __x>>24 | __x>>8&0xff00 | __x<<8&0xff0000 | __x<<24;
      |                          ~~~~~~^~~~~~~
../../../third_party/musl/porting/liteos_m/kernel/include/endian.h:26:48: warning: suggest parentheses around arithmetic in operand of '|' [-Wparentheses]
   26 |         return __x>>24 | __x>>8&0xff00 | __x<<8&0xff0000 | __x<<24;
      |                                          ~~~~~~^~~~~~~~~
../../../third_party/musl/porting/liteos_m/kernel/include/endian.h: In function '__bswap64':
../../../third_party/musl/porting/liteos_m/kernel/include/endian.h:31:30: warning: suggest parentheses around '+' inside '<<' [-Wparentheses]
   31 |         return __bswap32(__x)+0ULL<<32 | __bswap32(__x>>32);
      |                ~~~~~~~~~~~~~~^~~~~
[303/849] gcc cross compiler obj/third_party/lwip/src/core/liblwip.stats.o
In file included from ../../../kernel/liteos_m/components/net/lwip-2.1/porting/include/arch/cc.h:43,
                 from ../../../third_party/lwip/src/include/lwip/arch.h:48,
                 from ../../../third_party/lwip/src/include/lwip/debug.h:40,
                 from ../../../third_party/lwip/src/include/lwip/opt.h:52,
                 from ../../../third_party/lwip/src/core/stats.c:39:
../../../third_party/musl/porting/liteos_m/kernel/include/endian.h: In function '__bswap32':
../../../third_party/musl/porting/liteos_m/kernel/include/endian.h:26:32: warning: suggest parentheses around arithmetic in operand of '|' [-Wparentheses]
   26 |         return __x>>24 | __x>>8&0xff00 | __x<<8&0xff0000 | __x<<24;
      |                          ~~~~~~^~~~~~~
../../../third_party/musl/porting/liteos_m/kernel/include/endian.h:26:48: warning: suggest parentheses around arithmetic in operand of '|' [-Wparentheses]
   26 |         return __x>>24 | __x>>8&0xff00 | __x<<8&0xff0000 | __x<<24;
      |                                          ~~~~~~^~~~~~~~~
../../../third_party/musl/porting/liteos_m/kernel/include/endian.h: In function '__bswap64':
../../../third_party/musl/porting/liteos_m/kernel/include/endian.h:31:30: warning: suggest parentheses around '+' inside '<<' [-Wparentheses]
   31 |         return __bswap32(__x)+0ULL<<32 | __bswap32(__x>>32);
      |                ~~~~~~~~~~~~~~^~~~~
[304/849] gcc cross compiler obj/third_party/lwip/src/core/liblwip.netif.o
In file included from ../../../kernel/liteos_m/components/net/lwip-2.1/porting/include/arch/cc.h:43,
                 from ../../../third_party/lwip/src/include/lwip/arch.h:48,
                 from ../../../third_party/lwip/src/include/lwip/debug.h:40,
                 from ../../../third_party/lwip/src/include/lwip/opt.h:52,
                 from ../../../third_party/lwip/src/core/netif.c:51:
../../../third_party/musl/porting/liteos_m/kernel/include/endian.h: In function '__bswap32':
../../../third_party/musl/porting/liteos_m/kernel/include/endian.h:26:32: warning: suggest parentheses around arithmetic in operand of '|' [-Wparentheses]
   26 |         return __x>>24 | __x>>8&0xff00 | __x<<8&0xff0000 | __x<<24;
      |                          ~~~~~~^~~~~~~
../../../third_party/musl/porting/liteos_m/kernel/include/endian.h:26:48: warning: suggest parentheses around arithmetic in operand of '|' [-Wparentheses]
   26 |         return __x>>24 | __x>>8&0xff00 | __x<<8&0xff0000 | __x<<24;
      |                                          ~~~~~~^~~~~~~~~
../../../third_party/musl/porting/liteos_m/kernel/include/endian.h: In function '__bswap64':
../../../third_party/musl/porting/liteos_m/kernel/include/endian.h:31:30: warning: suggest parentheses around '+' inside '<<' [-Wparentheses]
   31 |         return __bswap32(__x)+0ULL<<32 | __bswap32(__x>>32);
      |                ~~~~~~~~~~~~~~^~~~~
[305/849] gcc cross compiler obj/third_party/lwip/src/core/liblwip.sys.o
In file included from ../../../kernel/liteos_m/components/net/lwip-2.1/porting/include/arch/cc.h:43,
                 from ../../../third_party/lwip/src/include/lwip/arch.h:48,
                 from ../../../third_party/lwip/src/include/lwip/debug.h:40,
                 from ../../../third_party/lwip/src/include/lwip/opt.h:52,
                 from ../../../third_party/lwip/src/core/sys.c:119:
../../../third_party/musl/porting/liteos_m/kernel/include/endian.h: In function '__bswap32':
../../../third_party/musl/porting/liteos_m/kernel/include/endian.h:26:32: warning: suggest parentheses around arithmetic in operand of '|' [-Wparentheses]
   26 |         return __x>>24 | __x>>8&0xff00 | __x<<8&0xff0000 | __x<<24;
      |                          ~~~~~~^~~~~~~
../../../third_party/musl/porting/liteos_m/kernel/include/endian.h:26:48: warning: suggest parentheses around arithmetic in operand of '|' [-Wparentheses]
   26 |         return __x>>24 | __x>>8&0xff00 | __x<<8&0xff0000 | __x<<24;
      |                                          ~~~~~~^~~~~~~~~
../../../third_party/musl/porting/liteos_m/kernel/include/endian.h: In function '__bswap64':
../../../third_party/musl/porting/liteos_m/kernel/include/endian.h:31:30: warning: suggest parentheses around '+' inside '<<' [-Wparentheses]
   31 |         return __bswap32(__x)+0ULL<<32 | __bswap32(__x>>32);
      |                ~~~~~~~~~~~~~~^~~~~
[306/849] gcc cross compiler obj/third_party/lwip/src/core/liblwip.altcp.o
In file included from ../../../kernel/liteos_m/components/net/lwip-2.1/porting/include/arch/cc.h:43,
                 from ../../../third_party/lwip/src/include/lwip/arch.h:48,
                 from ../../../third_party/lwip/src/include/lwip/debug.h:40,
                 from ../../../third_party/lwip/src/include/lwip/opt.h:52,
                 from ../../../third_party/lwip/src/core/altcp.c:117:
../../../third_party/musl/porting/liteos_m/kernel/include/endian.h: In function '__bswap32':
../../../third_party/musl/porting/liteos_m/kernel/include/endian.h:26:32: warning: suggest parentheses around arithmetic in operand of '|' [-Wparentheses]
   26 |         return __x>>24 | __x>>8&0xff00 | __x<<8&0xff0000 | __x<<24;
      |                          ~~~~~~^~~~~~~
../../../third_party/musl/porting/liteos_m/kernel/include/endian.h:26:48: warning: suggest parentheses around arithmetic in operand of '|' [-Wparentheses]
   26 |         return __x>>24 | __x>>8&0xff00 | __x<<8&0xff0000 | __x<<24;
      |                                          ~~~~~~^~~~~~~~~
../../../third_party/musl/porting/liteos_m/kernel/include/endian.h: In function '__bswap64':
../../../third_party/musl/porting/liteos_m/kernel/include/endian.h:31:30: warning: suggest parentheses around '+' inside '<<' [-Wparentheses]
   31 |         return __bswap32(__x)+0ULL<<32 | __bswap32(__x>>32);
      |                ~~~~~~~~~~~~~~^~~~~
[307/849] gcc cross compiler obj/third_party/lwip/src/core/liblwip.altcp_alloc.o
In file included from ../../../kernel/liteos_m/components/net/lwip-2.1/porting/include/arch/cc.h:43,
                 from ../../../third_party/lwip/src/include/lwip/arch.h:48,
                 from ../../../third_party/lwip/src/include/lwip/debug.h:40,
                 from ../../../third_party/lwip/src/include/lwip/opt.h:52,
                 from ../../../third_party/lwip/src/core/altcp_alloc.c:44:
../../../third_party/musl/porting/liteos_m/kernel/include/endian.h: In function '__bswap32':
../../../third_party/musl/porting/liteos_m/kernel/include/endian.h:26:32: warning: suggest parentheses around arithmetic in operand of '|' [-Wparentheses]
   26 |         return __x>>24 | __x>>8&0xff00 | __x<<8&0xff0000 | __x<<24;
      |                          ~~~~~~^~~~~~~
../../../third_party/musl/porting/liteos_m/kernel/include/endian.h:26:48: warning: suggest parentheses around arithmetic in operand of '|' [-Wparentheses]
   26 |         return __x>>24 | __x>>8&0xff00 | __x<<8&0xff0000 | __x<<24;
      |                                          ~~~~~~^~~~~~~~~
../../../third_party/musl/porting/liteos_m/kernel/include/endian.h: In function '__bswap64':
../../../third_party/musl/porting/liteos_m/kernel/include/endian.h:31:30: warning: suggest parentheses around '+' inside '<<' [-Wparentheses]
   31 |         return __bswap32(__x)+0ULL<<32 | __bswap32(__x>>32);
      |                ~~~~~~~~~~~~~~^~~~~
[308/849] gcc cross compiler obj/third_party/lwip/src/core/liblwip.altcp_tcp.o
In file included from ../../../kernel/liteos_m/components/net/lwip-2.1/porting/include/arch/cc.h:43,
                 from ../../../third_party/lwip/src/include/lwip/arch.h:48,
                 from ../../../third_party/lwip/src/include/lwip/debug.h:40,
                 from ../../../third_party/lwip/src/include/lwip/opt.h:52,
                 from ../../../third_party/lwip/src/core/altcp_tcp.c:44:
../../../third_party/musl/porting/liteos_m/kernel/include/endian.h: In function '__bswap32':
../../../third_party/musl/porting/liteos_m/kernel/include/endian.h:26:32: warning: suggest parentheses around arithmetic in operand of '|' [-Wparentheses]
   26 |         return __x>>24 | __x>>8&0xff00 | __x<<8&0xff0000 | __x<<24;
      |                          ~~~~~~^~~~~~~
../../../third_party/musl/porting/liteos_m/kernel/include/endian.h:26:48: warning: suggest parentheses around arithmetic in operand of '|' [-Wparentheses]
   26 |         return __x>>24 | __x>>8&0xff00 | __x<<8&0xff0000 | __x<<24;
      |                                          ~~~~~~^~~~~~~~~
../../../third_party/musl/porting/liteos_m/kernel/include/endian.h: In function '__bswap64':
../../../third_party/musl/porting/liteos_m/kernel/include/endian.h:31:30: warning: suggest parentheses around '+' inside '<<' [-Wparentheses]
   31 |         return __bswap32(__x)+0ULL<<32 | __bswap32(__x>>32);
      |                ~~~~~~~~~~~~~~^~~~~
[309/849] gcc cross compiler obj/third_party/lwip/src/core/liblwip.pbuf.o
In file included from ../../../kernel/liteos_m/components/net/lwip-2.1/porting/include/arch/cc.h:43,
                 from ../../../third_party/lwip/src/include/lwip/arch.h:48,
                 from ../../../third_party/lwip/src/include/lwip/debug.h:40,
                 from ../../../third_party/lwip/src/include/lwip/opt.h:52,
                 from ../../../third_party/lwip/src/core/pbuf.c:71:
../../../third_party/musl/porting/liteos_m/kernel/include/endian.h: In function '__bswap32':
../../../third_party/musl/porting/liteos_m/kernel/include/endian.h:26:32: warning: suggest parentheses around arithmetic in operand of '|' [-Wparentheses]
   26 |         return __x>>24 | __x>>8&0xff00 | __x<<8&0xff0000 | __x<<24;
      |                          ~~~~~~^~~~~~~
../../../third_party/musl/porting/liteos_m/kernel/include/endian.h:26:48: warning: suggest parentheses around arithmetic in operand of '|' [-Wparentheses]
   26 |         return __x>>24 | __x>>8&0xff00 | __x<<8&0xff0000 | __x<<24;
      |                                          ~~~~~~^~~~~~~~~
../../../third_party/musl/porting/liteos_m/kernel/include/endian.h: In function '__bswap64':
../../../third_party/musl/porting/liteos_m/kernel/include/endian.h:31:30: warning: suggest parentheses around '+' inside '<<' [-Wparentheses]
   31 |         return __bswap32(__x)+0ULL<<32 | __bswap32(__x>>32);
      |                ~~~~~~~~~~~~~~^~~~~
[310/849] gcc cross compiler obj/third_party/lwip/src/core/liblwip.tcp_out.o
In file included from ../../../kernel/liteos_m/components/net/lwip-2.1/porting/include/arch/cc.h:43,
                 from ../../../third_party/lwip/src/include/lwip/arch.h:48,
                 from ../../../third_party/lwip/src/include/lwip/debug.h:40,
                 from ../../../third_party/lwip/src/include/lwip/opt.h:52,
                 from ../../../third_party/lwip/src/core/tcp_out.c:63:
../../../third_party/musl/porting/liteos_m/kernel/include/endian.h: In function '__bswap32':
../../../third_party/musl/porting/liteos_m/kernel/include/endian.h:26:32: warning: suggest parentheses around arithmetic in operand of '|' [-Wparentheses]
   26 |         return __x>>24 | __x>>8&0xff00 | __x<<8&0xff0000 | __x<<24;
      |                          ~~~~~~^~~~~~~
../../../third_party/musl/porting/liteos_m/kernel/include/endian.h:26:48: warning: suggest parentheses around arithmetic in operand of '|' [-Wparentheses]
   26 |         return __x>>24 | __x>>8&0xff00 | __x<<8&0xff0000 | __x<<24;
      |                                          ~~~~~~^~~~~~~~~
../../../third_party/musl/porting/liteos_m/kernel/include/endian.h: In function '__bswap64':
../../../third_party/musl/porting/liteos_m/kernel/include/endian.h:31:30: warning: suggest parentheses around '+' inside '<<' [-Wparentheses]
   31 |         return __bswap32(__x)+0ULL<<32 | __bswap32(__x>>32);
      |                ~~~~~~~~~~~~~~^~~~~
[311/849] gcc cross compiler obj/third_party/lwip/src/core/liblwip.tcp_in.o
In file included from ../../../kernel/liteos_m/components/net/lwip-2.1/porting/include/arch/cc.h:43,
                 from ../../../third_party/lwip/src/include/lwip/arch.h:48,
                 from ../../../third_party/lwip/src/include/lwip/debug.h:40,
                 from ../../../third_party/lwip/src/include/lwip/opt.h:52,
                 from ../../../third_party/lwip/src/core/tcp_in.c:44:
../../../third_party/musl/porting/liteos_m/kernel/include/endian.h: In function '__bswap32':
../../../third_party/musl/porting/liteos_m/kernel/include/endian.h:26:32: warning: suggest parentheses around arithmetic in operand of '|' [-Wparentheses]
   26 |         return __x>>24 | __x>>8&0xff00 | __x<<8&0xff0000 | __x<<24;
      |                          ~~~~~~^~~~~~~
../../../third_party/musl/porting/liteos_m/kernel/include/endian.h:26:48: warning: suggest parentheses around arithmetic in operand of '|' [-Wparentheses]
   26 |         return __x>>24 | __x>>8&0xff00 | __x<<8&0xff0000 | __x<<24;
      |                                          ~~~~~~^~~~~~~~~
../../../third_party/musl/porting/liteos_m/kernel/include/endian.h: In function '__bswap64':
../../../third_party/musl/porting/liteos_m/kernel/include/endian.h:31:30: warning: suggest parentheses around '+' inside '<<' [-Wparentheses]
   31 |         return __bswap32(__x)+0ULL<<32 | __bswap32(__x>>32);
      |                ~~~~~~~~~~~~~~^~~~~
[312/849] gcc cross compiler obj/third_party/lwip/src/core/liblwip.tcp.o
In file included from ../../../kernel/liteos_m/components/net/lwip-2.1/porting/include/arch/cc.h:43,
                 from ../../../third_party/lwip/src/include/lwip/arch.h:48,
                 from ../../../third_party/lwip/src/include/lwip/debug.h:40,
                 from ../../../third_party/lwip/src/include/lwip/opt.h:52,
                 from ../../../third_party/lwip/src/core/tcp.c:100:
../../../third_party/musl/porting/liteos_m/kernel/include/endian.h: In function '__bswap32':
../../../third_party/musl/porting/liteos_m/kernel/include/endian.h:26:32: warning: suggest parentheses around arithmetic in operand of '|' [-Wparentheses]
   26 |         return __x>>24 | __x>>8&0xff00 | __x<<8&0xff0000 | __x<<24;
      |                          ~~~~~~^~~~~~~
../../../third_party/musl/porting/liteos_m/kernel/include/endian.h:26:48: warning: suggest parentheses around arithmetic in operand of '|' [-Wparentheses]
   26 |         return __x>>24 | __x>>8&0xff00 | __x<<8&0xff0000 | __x<<24;
      |                                          ~~~~~~^~~~~~~~~
../../../third_party/musl/porting/liteos_m/kernel/include/endian.h: In function '__bswap64':
../../../third_party/musl/porting/liteos_m/kernel/include/endian.h:31:30: warning: suggest parentheses around '+' inside '<<' [-Wparentheses]
   31 |         return __bswap32(__x)+0ULL<<32 | __bswap32(__x>>32);
      |                ~~~~~~~~~~~~~~^~~~~
[313/849] gcc cross compiler obj/third_party/lwip/src/core/ipv4/liblwip.autoip.o
In file included from ../../../kernel/liteos_m/components/net/lwip-2.1/porting/include/arch/cc.h:43,
                 from ../../../third_party/lwip/src/include/lwip/arch.h:48,
                 from ../../../third_party/lwip/src/include/lwip/debug.h:40,
                 from ../../../third_party/lwip/src/include/lwip/opt.h:52,
                 from ../../../third_party/lwip/src/core/ipv4/autoip.c:59:
../../../third_party/musl/porting/liteos_m/kernel/include/endian.h: In function '__bswap32':
../../../third_party/musl/porting/liteos_m/kernel/include/endian.h:26:32: warning: suggest parentheses around arithmetic in operand of '|' [-Wparentheses]
   26 |         return __x>>24 | __x>>8&0xff00 | __x<<8&0xff0000 | __x<<24;
      |                          ~~~~~~^~~~~~~
../../../third_party/musl/porting/liteos_m/kernel/include/endian.h:26:48: warning: suggest parentheses around arithmetic in operand of '|' [-Wparentheses]
   26 |         return __x>>24 | __x>>8&0xff00 | __x<<8&0xff0000 | __x<<24;
      |                                          ~~~~~~^~~~~~~~~
../../../third_party/musl/porting/liteos_m/kernel/include/endian.h: In function '__bswap64':
../../../third_party/musl/porting/liteos_m/kernel/include/endian.h:31:30: warning: suggest parentheses around '+' inside '<<' [-Wparentheses]
   31 |         return __bswap32(__x)+0ULL<<32 | __bswap32(__x>>32);
      |                ~~~~~~~~~~~~~~^~~~~
[314/849] gcc cross compiler obj/third_party/lwip/src/core/liblwip.timeouts.o
In file included from ../../../kernel/liteos_m/components/net/lwip-2.1/porting/include/arch/cc.h:43,
                 from ../../../third_party/lwip/src/include/lwip/arch.h:48,
                 from ../../../third_party/lwip/src/include/lwip/debug.h:40,
                 from ../../../third_party/lwip/src/include/lwip/opt.h:52,
                 from ../../../third_party/lwip/src/core/timeouts.c:42:
../../../third_party/musl/porting/liteos_m/kernel/include/endian.h: In function '__bswap32':
../../../third_party/musl/porting/liteos_m/kernel/include/endian.h:26:32: warning: suggest parentheses around arithmetic in operand of '|' [-Wparentheses]
   26 |         return __x>>24 | __x>>8&0xff00 | __x<<8&0xff0000 | __x<<24;
      |                          ~~~~~~^~~~~~~
../../../third_party/musl/porting/liteos_m/kernel/include/endian.h:26:48: warning: suggest parentheses around arithmetic in operand of '|' [-Wparentheses]
   26 |         return __x>>24 | __x>>8&0xff00 | __x<<8&0xff0000 | __x<<24;
      |                                          ~~~~~~^~~~~~~~~
../../../third_party/musl/porting/liteos_m/kernel/include/endian.h: In function '__bswap64':
../../../third_party/musl/porting/liteos_m/kernel/include/endian.h:31:30: warning: suggest parentheses around '+' inside '<<' [-Wparentheses]
   31 |         return __bswap32(__x)+0ULL<<32 | __bswap32(__x>>32);
      |                ~~~~~~~~~~~~~~^~~~~
[315/849] gcc cross compiler obj/third_party/lwip/src/core/liblwip.udp.o
In file included from ../../../kernel/liteos_m/components/net/lwip-2.1/porting/include/arch/cc.h:43,
                 from ../../../third_party/lwip/src/include/lwip/arch.h:48,
                 from ../../../third_party/lwip/src/include/lwip/debug.h:40,
                 from ../../../third_party/lwip/src/include/lwip/opt.h:52,
                 from ../../../third_party/lwip/src/core/udp.c:48:
../../../third_party/musl/porting/liteos_m/kernel/include/endian.h: In function '__bswap32':
../../../third_party/musl/porting/liteos_m/kernel/include/endian.h:26:32: warning: suggest parentheses around arithmetic in operand of '|' [-Wparentheses]
   26 |         return __x>>24 | __x>>8&0xff00 | __x<<8&0xff0000 | __x<<24;
      |                          ~~~~~~^~~~~~~
../../../third_party/musl/porting/liteos_m/kernel/include/endian.h:26:48: warning: suggest parentheses around arithmetic in operand of '|' [-Wparentheses]
   26 |         return __x>>24 | __x>>8&0xff00 | __x<<8&0xff0000 | __x<<24;
      |                                          ~~~~~~^~~~~~~~~
../../../third_party/musl/porting/liteos_m/kernel/include/endian.h: In function '__bswap64':
../../../third_party/musl/porting/liteos_m/kernel/include/endian.h:31:30: warning: suggest parentheses around '+' inside '<<' [-Wparentheses]
   31 |         return __bswap32(__x)+0ULL<<32 | __bswap32(__x>>32);
      |                ~~~~~~~~~~~~~~^~~~~
[316/849] gcc cross compiler obj/third_party/lwip/src/core/ipv4/liblwip.etharp.o
In file included from ../../../kernel/liteos_m/components/net/lwip-2.1/porting/include/arch/cc.h:43,
                 from ../../../third_party/lwip/src/include/lwip/arch.h:48,
                 from ../../../third_party/lwip/src/include/lwip/debug.h:40,
                 from ../../../third_party/lwip/src/include/lwip/opt.h:52,
                 from ../../../third_party/lwip/src/core/ipv4/etharp.c:46:
../../../third_party/musl/porting/liteos_m/kernel/include/endian.h: In function '__bswap32':
../../../third_party/musl/porting/liteos_m/kernel/include/endian.h:26:32: warning: suggest parentheses around arithmetic in operand of '|' [-Wparentheses]
   26 |         return __x>>24 | __x>>8&0xff00 | __x<<8&0xff0000 | __x<<24;
      |                          ~~~~~~^~~~~~~
../../../third_party/musl/porting/liteos_m/kernel/include/endian.h:26:48: warning: suggest parentheses around arithmetic in operand of '|' [-Wparentheses]
   26 |         return __x>>24 | __x>>8&0xff00 | __x<<8&0xff0000 | __x<<24;
      |                                          ~~~~~~^~~~~~~~~
../../../third_party/musl/porting/liteos_m/kernel/include/endian.h: In function '__bswap64':
../../../third_party/musl/porting/liteos_m/kernel/include/endian.h:31:30: warning: suggest parentheses around '+' inside '<<' [-Wparentheses]
   31 |         return __bswap32(__x)+0ULL<<32 | __bswap32(__x>>32);
      |                ~~~~~~~~~~~~~~^~~~~
[317/849] gcc cross compiler obj/third_party/lwip/src/core/ipv4/liblwip.icmp.o
In file included from ../../../kernel/liteos_m/components/net/lwip-2.1/porting/include/arch/cc.h:43,
                 from ../../../third_party/lwip/src/include/lwip/arch.h:48,
                 from ../../../third_party/lwip/src/include/lwip/debug.h:40,
                 from ../../../third_party/lwip/src/include/lwip/opt.h:52,
                 from ../../../third_party/lwip/src/core/ipv4/icmp.c:42:
../../../third_party/musl/porting/liteos_m/kernel/include/endian.h: In function '__bswap32':
../../../third_party/musl/porting/liteos_m/kernel/include/endian.h:26:32: warning: suggest parentheses around arithmetic in operand of '|' [-Wparentheses]
   26 |         return __x>>24 | __x>>8&0xff00 | __x<<8&0xff0000 | __x<<24;
      |                          ~~~~~~^~~~~~~
../../../third_party/musl/porting/liteos_m/kernel/include/endian.h:26:48: warning: suggest parentheses around arithmetic in operand of '|' [-Wparentheses]
   26 |         return __x>>24 | __x>>8&0xff00 | __x<<8&0xff0000 | __x<<24;
      |                                          ~~~~~~^~~~~~~~~
../../../third_party/musl/porting/liteos_m/kernel/include/endian.h: In function '__bswap64':
../../../third_party/musl/porting/liteos_m/kernel/include/endian.h:31:30: warning: suggest parentheses around '+' inside '<<' [-Wparentheses]
   31 |         return __bswap32(__x)+0ULL<<32 | __bswap32(__x>>32);
      |                ~~~~~~~~~~~~~~^~~~~
[318/849] gcc cross compiler obj/third_party/lwip/src/core/ipv4/liblwip.igmp.o
In file included from ../../../kernel/liteos_m/components/net/lwip-2.1/porting/include/arch/cc.h:43,
                 from ../../../third_party/lwip/src/include/lwip/arch.h:48,
                 from ../../../third_party/lwip/src/include/lwip/debug.h:40,
                 from ../../../third_party/lwip/src/include/lwip/opt.h:52,
                 from ../../../third_party/lwip/src/core/ipv4/igmp.c:83:
../../../third_party/musl/porting/liteos_m/kernel/include/endian.h: In function '__bswap32':
../../../third_party/musl/porting/liteos_m/kernel/include/endian.h:26:32: warning: suggest parentheses around arithmetic in operand of '|' [-Wparentheses]
   26 |         return __x>>24 | __x>>8&0xff00 | __x<<8&0xff0000 | __x<<24;
      |                          ~~~~~~^~~~~~~
../../../third_party/musl/porting/liteos_m/kernel/include/endian.h:26:48: warning: suggest parentheses around arithmetic in operand of '|' [-Wparentheses]
   26 |         return __x>>24 | __x>>8&0xff00 | __x<<8&0xff0000 | __x<<24;
      |                                          ~~~~~~^~~~~~~~~
../../../third_party/musl/porting/liteos_m/kernel/include/endian.h: In function '__bswap64':
../../../third_party/musl/porting/liteos_m/kernel/include/endian.h:31:30: warning: suggest parentheses around '+' inside '<<' [-Wparentheses]
   31 |         return __bswap32(__x)+0ULL<<32 | __bswap32(__x>>32);
      |                ~~~~~~~~~~~~~~^~~~~
[319/849] gcc cross compiler obj/third_party/lwip/src/core/ipv4/liblwip.dhcp.o
In file included from ../../../kernel/liteos_m/components/net/lwip-2.1/porting/include/arch/cc.h:43,
                 from ../../../third_party/lwip/src/include/lwip/arch.h:48,
                 from ../../../third_party/lwip/src/include/lwip/debug.h:40,
                 from ../../../third_party/lwip/src/include/lwip/opt.h:52,
                 from ../../../third_party/lwip/src/core/ipv4/dhcp.c:66:
../../../third_party/musl/porting/liteos_m/kernel/include/endian.h: In function '__bswap32':
../../../third_party/musl/porting/liteos_m/kernel/include/endian.h:26:32: warning: suggest parentheses around arithmetic in operand of '|' [-Wparentheses]
   26 |         return __x>>24 | __x>>8&0xff00 | __x<<8&0xff0000 | __x<<24;
      |                          ~~~~~~^~~~~~~
../../../third_party/musl/porting/liteos_m/kernel/include/endian.h:26:48: warning: suggest parentheses around arithmetic in operand of '|' [-Wparentheses]
   26 |         return __x>>24 | __x>>8&0xff00 | __x<<8&0xff0000 | __x<<24;
      |                                          ~~~~~~^~~~~~~~~
../../../third_party/musl/porting/liteos_m/kernel/include/endian.h: In function '__bswap64':
../../../third_party/musl/porting/liteos_m/kernel/include/endian.h:31:30: warning: suggest parentheses around '+' inside '<<' [-Wparentheses]
   31 |         return __bswap32(__x)+0ULL<<32 | __bswap32(__x>>32);
      |                ~~~~~~~~~~~~~~^~~~~
[320/849] gcc cross compiler obj/third_party/lwip/src/core/ipv4/liblwip.ip4_frag.o
In file included from ../../../kernel/liteos_m/components/net/lwip-2.1/porting/include/arch/cc.h:43,
                 from ../../../third_party/lwip/src/include/lwip/arch.h:48,
                 from ../../../third_party/lwip/src/include/lwip/debug.h:40,
                 from ../../../third_party/lwip/src/include/lwip/opt.h:52,
                 from ../../../third_party/lwip/src/core/ipv4/ip4_frag.c:41:
../../../third_party/musl/porting/liteos_m/kernel/include/endian.h: In function '__bswap32':
../../../third_party/musl/porting/liteos_m/kernel/include/endian.h:26:32: warning: suggest parentheses around arithmetic in operand of '|' [-Wparentheses]
   26 |         return __x>>24 | __x>>8&0xff00 | __x<<8&0xff0000 | __x<<24;
      |                          ~~~~~~^~~~~~~
../../../third_party/musl/porting/liteos_m/kernel/include/endian.h:26:48: warning: suggest parentheses around arithmetic in operand of '|' [-Wparentheses]
   26 |         return __x>>24 | __x>>8&0xff00 | __x<<8&0xff0000 | __x<<24;
      |                                          ~~~~~~^~~~~~~~~
../../../third_party/musl/porting/liteos_m/kernel/include/endian.h: In function '__bswap64':
../../../third_party/musl/porting/liteos_m/kernel/include/endian.h:31:30: warning: suggest parentheses around '+' inside '<<' [-Wparentheses]
   31 |         return __bswap32(__x)+0ULL<<32 | __bswap32(__x>>32);
      |                ~~~~~~~~~~~~~~^~~~~
[321/849] gcc cross compiler obj/third_party/lwip/src/core/ipv4/liblwip.ip4.o
In file included from ../../../kernel/liteos_m/components/net/lwip-2.1/porting/include/arch/cc.h:43,
                 from ../../../third_party/lwip/src/include/lwip/arch.h:48,
                 from ../../../third_party/lwip/src/include/lwip/debug.h:40,
                 from ../../../third_party/lwip/src/include/lwip/opt.h:52,
                 from ../../../third_party/lwip/src/core/ipv4/ip4.c:41:
../../../third_party/musl/porting/liteos_m/kernel/include/endian.h: In function '__bswap32':
../../../third_party/musl/porting/liteos_m/kernel/include/endian.h:26:32: warning: suggest parentheses around arithmetic in operand of '|' [-Wparentheses]
   26 |         return __x>>24 | __x>>8&0xff00 | __x<<8&0xff0000 | __x<<24;
      |                          ~~~~~~^~~~~~~
../../../third_party/musl/porting/liteos_m/kernel/include/endian.h:26:48: warning: suggest parentheses around arithmetic in operand of '|' [-Wparentheses]
   26 |         return __x>>24 | __x>>8&0xff00 | __x<<8&0xff0000 | __x<<24;
      |                                          ~~~~~~^~~~~~~~~
../../../third_party/musl/porting/liteos_m/kernel/include/endian.h: In function '__bswap64':
../../../third_party/musl/porting/liteos_m/kernel/include/endian.h:31:30: warning: suggest parentheses around '+' inside '<<' [-Wparentheses]
   31 |         return __bswap32(__x)+0ULL<<32 | __bswap32(__x>>32);
      |                ~~~~~~~~~~~~~~^~~~~
[322/849] gcc cross compiler obj/third_party/lwip/src/core/ipv6/liblwip.dhcp6.o
In file included from ../../../kernel/liteos_m/components/net/lwip-2.1/porting/include/arch/cc.h:43,
                 from ../../../third_party/lwip/src/include/lwip/arch.h:48,
                 from ../../../third_party/lwip/src/include/lwip/debug.h:40,
                 from ../../../third_party/lwip/src/include/lwip/opt.h:52,
                 from ../../../third_party/lwip/src/core/ipv6/dhcp6.c:58:
../../../third_party/musl/porting/liteos_m/kernel/include/endian.h: In function '__bswap32':
../../../third_party/musl/porting/liteos_m/kernel/include/endian.h:26:32: warning: suggest parentheses around arithmetic in operand of '|' [-Wparentheses]
   26 |         return __x>>24 | __x>>8&0xff00 | __x<<8&0xff0000 | __x<<24;
      |                          ~~~~~~^~~~~~~
../../../third_party/musl/porting/liteos_m/kernel/include/endian.h:26:48: warning: suggest parentheses around arithmetic in operand of '|' [-Wparentheses]
   26 |         return __x>>24 | __x>>8&0xff00 | __x<<8&0xff0000 | __x<<24;
      |                                          ~~~~~~^~~~~~~~~
../../../third_party/musl/porting/liteos_m/kernel/include/endian.h: In function '__bswap64':
../../../third_party/musl/porting/liteos_m/kernel/include/endian.h:31:30: warning: suggest parentheses around '+' inside '<<' [-Wparentheses]
   31 |         return __bswap32(__x)+0ULL<<32 | __bswap32(__x>>32);
      |                ~~~~~~~~~~~~~~^~~~~
[323/849] gcc cross compiler obj/third_party/lwip/src/core/ipv6/liblwip.icmp6.o
In file included from ../../../kernel/liteos_m/components/net/lwip-2.1/porting/include/arch/cc.h:43,
                 from ../../../third_party/lwip/src/include/lwip/arch.h:48,
                 from ../../../third_party/lwip/src/include/lwip/debug.h:40,
                 from ../../../third_party/lwip/src/include/lwip/opt.h:52,
                 from ../../../third_party/lwip/src/core/ipv6/icmp6.c:42:
../../../third_party/musl/porting/liteos_m/kernel/include/endian.h: In function '__bswap32':
../../../third_party/musl/porting/liteos_m/kernel/include/endian.h:26:32: warning: suggest parentheses around arithmetic in operand of '|' [-Wparentheses]
   26 |         return __x>>24 | __x>>8&0xff00 | __x<<8&0xff0000 | __x<<24;
      |                          ~~~~~~^~~~~~~
../../../third_party/musl/porting/liteos_m/kernel/include/endian.h:26:48: warning: suggest parentheses around arithmetic in operand of '|' [-Wparentheses]
   26 |         return __x>>24 | __x>>8&0xff00 | __x<<8&0xff0000 | __x<<24;
      |                                          ~~~~~~^~~~~~~~~
../../../third_party/musl/porting/liteos_m/kernel/include/endian.h: In function '__bswap64':
../../../third_party/musl/porting/liteos_m/kernel/include/endian.h:31:30: warning: suggest parentheses around '+' inside '<<' [-Wparentheses]
   31 |         return __bswap32(__x)+0ULL<<32 | __bswap32(__x>>32);
      |                ~~~~~~~~~~~~~~^~~~~
[324/849] gcc cross compiler obj/third_party/lwip/src/core/ipv6/liblwip.ethip6.o
In file included from ../../../kernel/liteos_m/components/net/lwip-2.1/porting/include/arch/cc.h:43,
                 from ../../../third_party/lwip/src/include/lwip/arch.h:48,
                 from ../../../third_party/lwip/src/include/lwip/debug.h:40,
                 from ../../../third_party/lwip/src/include/lwip/opt.h:52,
                 from ../../../third_party/lwip/src/core/ipv6/ethip6.c:42:
../../../third_party/musl/porting/liteos_m/kernel/include/endian.h: In function '__bswap32':
../../../third_party/musl/porting/liteos_m/kernel/include/endian.h:26:32: warning: suggest parentheses around arithmetic in operand of '|' [-Wparentheses]
   26 |         return __x>>24 | __x>>8&0xff00 | __x<<8&0xff0000 | __x<<24;
      |                          ~~~~~~^~~~~~~
../../../third_party/musl/porting/liteos_m/kernel/include/endian.h:26:48: warning: suggest parentheses around arithmetic in operand of '|' [-Wparentheses]
   26 |         return __x>>24 | __x>>8&0xff00 | __x<<8&0xff0000 | __x<<24;
      |                                          ~~~~~~^~~~~~~~~
../../../third_party/musl/porting/liteos_m/kernel/include/endian.h: In function '__bswap64':
../../../third_party/musl/porting/liteos_m/kernel/include/endian.h:31:30: warning: suggest parentheses around '+' inside '<<' [-Wparentheses]
   31 |         return __bswap32(__x)+0ULL<<32 | __bswap32(__x>>32);
      |                ~~~~~~~~~~~~~~^~~~~
[325/849] gcc cross compiler obj/third_party/lwip/src/core/ipv6/liblwip.inet6.o
In file included from ../../../kernel/liteos_m/components/net/lwip-2.1/porting/include/arch/cc.h:43,
                 from ../../../third_party/lwip/src/include/lwip/arch.h:48,
                 from ../../../third_party/lwip/src/include/lwip/debug.h:40,
                 from ../../../third_party/lwip/src/include/lwip/opt.h:52,
                 from ../../../third_party/lwip/src/core/ipv6/inet6.c:42:
../../../third_party/musl/porting/liteos_m/kernel/include/endian.h: In function '__bswap32':
../../../third_party/musl/porting/liteos_m/kernel/include/endian.h:26:32: warning: suggest parentheses around arithmetic in operand of '|' [-Wparentheses]
   26 |         return __x>>24 | __x>>8&0xff00 | __x<<8&0xff0000 | __x<<24;
      |                          ~~~~~~^~~~~~~
../../../third_party/musl/porting/liteos_m/kernel/include/endian.h:26:48: warning: suggest parentheses around arithmetic in operand of '|' [-Wparentheses]
   26 |         return __x>>24 | __x>>8&0xff00 | __x<<8&0xff0000 | __x<<24;
      |                                          ~~~~~~^~~~~~~~~
../../../third_party/musl/porting/liteos_m/kernel/include/endian.h: In function '__bswap64':
../../../third_party/musl/porting/liteos_m/kernel/include/endian.h:31:30: warning: suggest parentheses around '+' inside '<<' [-Wparentheses]
   31 |         return __bswap32(__x)+0ULL<<32 | __bswap32(__x>>32);
      |                ~~~~~~~~~~~~~~^~~~~
[326/849] gcc cross compiler obj/third_party/lwip/src/core/ipv4/liblwip.ip4_addr.o
In file included from ../../../kernel/liteos_m/components/net/lwip-2.1/porting/include/arch/cc.h:43,
                 from ../../../third_party/lwip/src/include/lwip/arch.h:48,
                 from ../../../third_party/lwip/src/include/lwip/debug.h:40,
                 from ../../../third_party/lwip/src/include/lwip/opt.h:52,
                 from ../../../third_party/lwip/src/core/ipv4/ip4_addr.c:39:
../../../third_party/musl/porting/liteos_m/kernel/include/endian.h: In function '__bswap32':
../../../third_party/musl/porting/liteos_m/kernel/include/endian.h:26:32: warning: suggest parentheses around arithmetic in operand of '|' [-Wparentheses]
   26 |         return __x>>24 | __x>>8&0xff00 | __x<<8&0xff0000 | __x<<24;
      |                          ~~~~~~^~~~~~~
../../../third_party/musl/porting/liteos_m/kernel/include/endian.h:26:48: warning: suggest parentheses around arithmetic in operand of '|' [-Wparentheses]
   26 |         return __x>>24 | __x>>8&0xff00 | __x<<8&0xff0000 | __x<<24;
      |                                          ~~~~~~^~~~~~~~~
../../../third_party/musl/porting/liteos_m/kernel/include/endian.h: In function '__bswap64':
../../../third_party/musl/porting/liteos_m/kernel/include/endian.h:31:30: warning: suggest parentheses around '+' inside '<<' [-Wparentheses]
   31 |         return __bswap32(__x)+0ULL<<32 | __bswap32(__x>>32);
      |                ~~~~~~~~~~~~~~^~~~~
[327/849] gcc cross compiler obj/third_party/lwip/src/core/ipv6/liblwip.ip6.o
In file included from ../../../kernel/liteos_m/components/net/lwip-2.1/porting/include/arch/cc.h:43,
                 from ../../../third_party/lwip/src/include/lwip/arch.h:48,
                 from ../../../third_party/lwip/src/include/lwip/debug.h:40,
                 from ../../../third_party/lwip/src/include/lwip/opt.h:52,
                 from ../../../third_party/lwip/src/core/ipv6/ip6.c:42:
../../../third_party/musl/porting/liteos_m/kernel/include/endian.h: In function '__bswap32':
../../../third_party/musl/porting/liteos_m/kernel/include/endian.h:26:32: warning: suggest parentheses around arithmetic in operand of '|' [-Wparentheses]
   26 |         return __x>>24 | __x>>8&0xff00 | __x<<8&0xff0000 | __x<<24;
      |                          ~~~~~~^~~~~~~
../../../third_party/musl/porting/liteos_m/kernel/include/endian.h:26:48: warning: suggest parentheses around arithmetic in operand of '|' [-Wparentheses]
   26 |         return __x>>24 | __x>>8&0xff00 | __x<<8&0xff0000 | __x<<24;
      |                                          ~~~~~~^~~~~~~~~
../../../third_party/musl/porting/liteos_m/kernel/include/endian.h: In function '__bswap64':
../../../third_party/musl/porting/liteos_m/kernel/include/endian.h:31:30: warning: suggest parentheses around '+' inside '<<' [-Wparentheses]
   31 |         return __bswap32(__x)+0ULL<<32 | __bswap32(__x>>32);
      |                ~~~~~~~~~~~~~~^~~~~
[328/849] gcc cross compiler obj/third_party/lwip/src/core/ipv6/liblwip.ip6_addr.o
In file included from ../../../kernel/liteos_m/components/net/lwip-2.1/porting/include/arch/cc.h:43,
                 from ../../../third_party/lwip/src/include/lwip/arch.h:48,
                 from ../../../third_party/lwip/src/include/lwip/debug.h:40,
                 from ../../../third_party/lwip/src/include/lwip/opt.h:52,
                 from ../../../third_party/lwip/src/core/ipv6/ip6_addr.c:43:
../../../third_party/musl/porting/liteos_m/kernel/include/endian.h: In function '__bswap32':
../../../third_party/musl/porting/liteos_m/kernel/include/endian.h:26:32: warning: suggest parentheses around arithmetic in operand of '|' [-Wparentheses]
   26 |         return __x>>24 | __x>>8&0xff00 | __x<<8&0xff0000 | __x<<24;
      |                          ~~~~~~^~~~~~~
../../../third_party/musl/porting/liteos_m/kernel/include/endian.h:26:48: warning: suggest parentheses around arithmetic in operand of '|' [-Wparentheses]
   26 |         return __x>>24 | __x>>8&0xff00 | __x<<8&0xff0000 | __x<<24;
      |                                          ~~~~~~^~~~~~~~~
../../../third_party/musl/porting/liteos_m/kernel/include/endian.h: In function '__bswap64':
../../../third_party/musl/porting/liteos_m/kernel/include/endian.h:31:30: warning: suggest parentheses around '+' inside '<<' [-Wparentheses]
   31 |         return __bswap32(__x)+0ULL<<32 | __bswap32(__x>>32);
      |                ~~~~~~~~~~~~~~^~~~~
[329/849] gcc cross compiler obj/third_party/lwip/src/core/ipv6/liblwip.ip6_frag.o
In file included from ../../../kernel/liteos_m/components/net/lwip-2.1/porting/include/arch/cc.h:43,
                 from ../../../third_party/lwip/src/include/lwip/arch.h:48,
                 from ../../../third_party/lwip/src/include/lwip/debug.h:40,
                 from ../../../third_party/lwip/src/include/lwip/opt.h:52,
                 from ../../../third_party/lwip/src/core/ipv6/ip6_frag.c:42:
../../../third_party/musl/porting/liteos_m/kernel/include/endian.h: In function '__bswap32':
../../../third_party/musl/porting/liteos_m/kernel/include/endian.h:26:32: warning: suggest parentheses around arithmetic in operand of '|' [-Wparentheses]
   26 |         return __x>>24 | __x>>8&0xff00 | __x<<8&0xff0000 | __x<<24;
      |                          ~~~~~~^~~~~~~
../../../third_party/musl/porting/liteos_m/kernel/include/endian.h:26:48: warning: suggest parentheses around arithmetic in operand of '|' [-Wparentheses]
   26 |         return __x>>24 | __x>>8&0xff00 | __x<<8&0xff0000 | __x<<24;
      |                                          ~~~~~~^~~~~~~~~
../../../third_party/musl/porting/liteos_m/kernel/include/endian.h: In function '__bswap64':
../../../third_party/musl/porting/liteos_m/kernel/include/endian.h:31:30: warning: suggest parentheses around '+' inside '<<' [-Wparentheses]
   31 |         return __bswap32(__x)+0ULL<<32 | __bswap32(__x>>32);
      |                ~~~~~~~~~~~~~~^~~~~
[330/849] gcc cross compiler obj/third_party/lwip/src/core/ipv6/liblwip.nd6.o
In file included from ../../../kernel/liteos_m/components/net/lwip-2.1/porting/include/arch/cc.h:43,
                 from ../../../third_party/lwip/src/include/lwip/arch.h:48,
                 from ../../../third_party/lwip/src/include/lwip/debug.h:40,
                 from ../../../third_party/lwip/src/include/lwip/opt.h:52,
                 from ../../../third_party/lwip/src/core/ipv6/nd6.c:44:
../../../third_party/musl/porting/liteos_m/kernel/include/endian.h: In function '__bswap32':
../../../third_party/musl/porting/liteos_m/kernel/include/endian.h:26:32: warning: suggest parentheses around arithmetic in operand of '|' [-Wparentheses]
   26 |         return __x>>24 | __x>>8&0xff00 | __x<<8&0xff0000 | __x<<24;
      |                          ~~~~~~^~~~~~~
../../../third_party/musl/porting/liteos_m/kernel/include/endian.h:26:48: warning: suggest parentheses around arithmetic in operand of '|' [-Wparentheses]
   26 |         return __x>>24 | __x>>8&0xff00 | __x<<8&0xff0000 | __x<<24;
      |                                          ~~~~~~^~~~~~~~~
../../../third_party/musl/porting/liteos_m/kernel/include/endian.h: In function '__bswap64':
../../../third_party/musl/porting/liteos_m/kernel/include/endian.h:31:30: warning: suggest parentheses around '+' inside '<<' [-Wparentheses]
   31 |         return __bswap32(__x)+0ULL<<32 | __bswap32(__x>>32);
      |                ~~~~~~~~~~~~~~^~~~~
[331/849] gcc cross compiler obj/third_party/lwip/src/core/ipv6/liblwip.mld6.o
In file included from ../../../kernel/liteos_m/components/net/lwip-2.1/porting/include/arch/cc.h:43,
                 from ../../../third_party/lwip/src/include/lwip/arch.h:48,
                 from ../../../third_party/lwip/src/include/lwip/debug.h:40,
                 from ../../../third_party/lwip/src/include/lwip/opt.h:52,
                 from ../../../third_party/lwip/src/core/ipv6/mld6.c:54:
../../../third_party/musl/porting/liteos_m/kernel/include/endian.h: In function '__bswap32':
../../../third_party/musl/porting/liteos_m/kernel/include/endian.h:26:32: warning: suggest parentheses around arithmetic in operand of '|' [-Wparentheses]
   26 |         return __x>>24 | __x>>8&0xff00 | __x<<8&0xff0000 | __x<<24;
      |                          ~~~~~~^~~~~~~
../../../third_party/musl/porting/liteos_m/kernel/include/endian.h:26:48: warning: suggest parentheses around arithmetic in operand of '|' [-Wparentheses]
   26 |         return __x>>24 | __x>>8&0xff00 | __x<<8&0xff0000 | __x<<24;
      |                                          ~~~~~~^~~~~~~~~
../../../third_party/musl/porting/liteos_m/kernel/include/endian.h: In function '__bswap64':
../../../third_party/musl/porting/liteos_m/kernel/include/endian.h:31:30: warning: suggest parentheses around '+' inside '<<' [-Wparentheses]
   31 |         return __bswap32(__x)+0ULL<<32 | __bswap32(__x>>32);
      |                ~~~~~~~~~~~~~~^~~~~
[332/849] gcc cross compiler obj/third_party/lwip/src/api/liblwip.err.o
In file included from ../../../kernel/liteos_m/components/net/lwip-2.1/porting/include/arch/cc.h:43,
                 from ../../../third_party/lwip/src/include/lwip/arch.h:48,
                 from ../../../third_party/lwip/src/include/lwip/debug.h:40,
                 from ../../../third_party/lwip/src/include/lwip/opt.h:52,
                 from ../../../third_party/lwip/src/include/lwip/err.h:39,
                 from ../../../third_party/lwip/src/api/err.c:39:
../../../third_party/musl/porting/liteos_m/kernel/include/endian.h: In function '__bswap32':
../../../third_party/musl/porting/liteos_m/kernel/include/endian.h:26:32: warning: suggest parentheses around arithmetic in operand of '|' [-Wparentheses]
   26 |         return __x>>24 | __x>>8&0xff00 | __x<<8&0xff0000 | __x<<24;
      |                          ~~~~~~^~~~~~~
../../../third_party/musl/porting/liteos_m/kernel/include/endian.h:26:48: warning: suggest parentheses around arithmetic in operand of '|' [-Wparentheses]
   26 |         return __x>>24 | __x>>8&0xff00 | __x<<8&0xff0000 | __x<<24;
      |                                          ~~~~~~^~~~~~~~~
../../../third_party/musl/porting/liteos_m/kernel/include/endian.h: In function '__bswap64':
../../../third_party/musl/porting/liteos_m/kernel/include/endian.h:31:30: warning: suggest parentheses around '+' inside '<<' [-Wparentheses]
   31 |         return __bswap32(__x)+0ULL<<32 | __bswap32(__x>>32);
      |                ~~~~~~~~~~~~~~^~~~~
[333/849] gcc cross compiler obj/third_party/lwip/src/api/liblwip.if_api.o
In file included from ../../../kernel/liteos_m/components/net/lwip-2.1/porting/include/arch/cc.h:43,
                 from ../../../third_party/lwip/src/include/lwip/arch.h:48,
                 from ../../../third_party/lwip/src/include/lwip/debug.h:40,
                 from ../../../third_party/lwip/src/include/lwip/opt.h:52,
                 from ../../../third_party/lwip/src/api/if_api.c:42:
../../../third_party/musl/porting/liteos_m/kernel/include/endian.h: In function '__bswap32':
../../../third_party/musl/porting/liteos_m/kernel/include/endian.h:26:32: warning: suggest parentheses around arithmetic in operand of '|' [-Wparentheses]
   26 |         return __x>>24 | __x>>8&0xff00 | __x<<8&0xff0000 | __x<<24;
      |                          ~~~~~~^~~~~~~
../../../third_party/musl/porting/liteos_m/kernel/include/endian.h:26:48: warning: suggest parentheses around arithmetic in operand of '|' [-Wparentheses]
   26 |         return __x>>24 | __x>>8&0xff00 | __x<<8&0xff0000 | __x<<24;
      |                                          ~~~~~~^~~~~~~~~
../../../third_party/musl/porting/liteos_m/kernel/include/endian.h: In function '__bswap64':
../../../third_party/musl/porting/liteos_m/kernel/include/endian.h:31:30: warning: suggest parentheses around '+' inside '<<' [-Wparentheses]
   31 |         return __bswap32(__x)+0ULL<<32 | __bswap32(__x>>32);
      |                ~~~~~~~~~~~~~~^~~~~
[334/849] gcc cross compiler obj/third_party/lwip/src/api/liblwip.api_lib.o
In file included from ../../../kernel/liteos_m/components/net/lwip-2.1/porting/include/arch/cc.h:43,
                 from ../../../third_party/lwip/src/include/lwip/arch.h:48,
                 from ../../../third_party/lwip/src/include/lwip/debug.h:40,
                 from ../../../third_party/lwip/src/include/lwip/opt.h:52,
                 from ../../../third_party/lwip/src/api/api_lib.c:58:
../../../third_party/musl/porting/liteos_m/kernel/include/endian.h: In function '__bswap32':
../../../third_party/musl/porting/liteos_m/kernel/include/endian.h:26:32: warning: suggest parentheses around arithmetic in operand of '|' [-Wparentheses]
   26 |         return __x>>24 | __x>>8&0xff00 | __x<<8&0xff0000 | __x<<24;
      |                          ~~~~~~^~~~~~~
../../../third_party/musl/porting/liteos_m/kernel/include/endian.h:26:48: warning: suggest parentheses around arithmetic in operand of '|' [-Wparentheses]
   26 |         return __x>>24 | __x>>8&0xff00 | __x<<8&0xff0000 | __x<<24;
      |                                          ~~~~~~^~~~~~~~~
../../../third_party/musl/porting/liteos_m/kernel/include/endian.h: In function '__bswap64':
../../../third_party/musl/porting/liteos_m/kernel/include/endian.h:31:30: warning: suggest parentheses around '+' inside '<<' [-Wparentheses]
   31 |         return __bswap32(__x)+0ULL<<32 | __bswap32(__x>>32);
      |                ~~~~~~~~~~~~~~^~~~~
[335/849] gcc cross compiler obj/third_party/lwip/src/api/liblwip.netbuf.o
In file included from ../../../kernel/liteos_m/components/net/lwip-2.1/porting/include/arch/cc.h:43,
                 from ../../../third_party/lwip/src/include/lwip/arch.h:48,
                 from ../../../third_party/lwip/src/include/lwip/debug.h:40,
                 from ../../../third_party/lwip/src/include/lwip/opt.h:52,
                 from ../../../third_party/lwip/src/api/netbuf.c:45:
../../../third_party/musl/porting/liteos_m/kernel/include/endian.h: In function '__bswap32':
../../../third_party/musl/porting/liteos_m/kernel/include/endian.h:26:32: warning: suggest parentheses around arithmetic in operand of '|' [-Wparentheses]
   26 |         return __x>>24 | __x>>8&0xff00 | __x<<8&0xff0000 | __x<<24;
      |                          ~~~~~~^~~~~~~
../../../third_party/musl/porting/liteos_m/kernel/include/endian.h:26:48: warning: suggest parentheses around arithmetic in operand of '|' [-Wparentheses]
   26 |         return __x>>24 | __x>>8&0xff00 | __x<<8&0xff0000 | __x<<24;
      |                                          ~~~~~~^~~~~~~~~
../../../third_party/musl/porting/liteos_m/kernel/include/endian.h: In function '__bswap64':
../../../third_party/musl/porting/liteos_m/kernel/include/endian.h:31:30: warning: suggest parentheses around '+' inside '<<' [-Wparentheses]
   31 |         return __bswap32(__x)+0ULL<<32 | __bswap32(__x>>32);
      |                ~~~~~~~~~~~~~~^~~~~
[336/849] gcc cross compiler obj/third_party/lwip/src/api/liblwip.api_msg.o
In file included from ../../../kernel/liteos_m/components/net/lwip-2.1/porting/include/arch/cc.h:43,
                 from ../../../third_party/lwip/src/include/lwip/arch.h:48,
                 from ../../../third_party/lwip/src/include/lwip/debug.h:40,
                 from ../../../third_party/lwip/src/include/lwip/opt.h:52,
                 from ../../../third_party/lwip/src/api/api_msg.c:39:
../../../third_party/musl/porting/liteos_m/kernel/include/endian.h: In function '__bswap32':
../../../third_party/musl/porting/liteos_m/kernel/include/endian.h:26:32: warning: suggest parentheses around arithmetic in operand of '|' [-Wparentheses]
   26 |         return __x>>24 | __x>>8&0xff00 | __x<<8&0xff0000 | __x<<24;
      |                          ~~~~~~^~~~~~~
../../../third_party/musl/porting/liteos_m/kernel/include/endian.h:26:48: warning: suggest parentheses around arithmetic in operand of '|' [-Wparentheses]
   26 |         return __x>>24 | __x>>8&0xff00 | __x<<8&0xff0000 | __x<<24;
      |                                          ~~~~~~^~~~~~~~~
../../../third_party/musl/porting/liteos_m/kernel/include/endian.h: In function '__bswap64':
../../../third_party/musl/porting/liteos_m/kernel/include/endian.h:31:30: warning: suggest parentheses around '+' inside '<<' [-Wparentheses]
   31 |         return __bswap32(__x)+0ULL<<32 | __bswap32(__x>>32);
      |                ~~~~~~~~~~~~~~^~~~~
[337/849] gcc cross compiler obj/third_party/lwip/src/api/liblwip.netdb.o
In file included from ../../../kernel/liteos_m/components/net/lwip-2.1/porting/include/arch/cc.h:43,
                 from ../../../third_party/lwip/src/include/lwip/arch.h:48,
                 from ../../../third_party/lwip/src/include/lwip/debug.h:40,
                 from ../../../third_party/lwip/src/include/lwip/opt.h:52,
                 from ../../../third_party/lwip/src/include/lwip/netdb.h:37,
                 from ../../../kernel/liteos_m/components/net/lwip-2.1/porting/include/lwip/netdb.h:36,
                 from ../../../third_party/lwip/src/api/netdb.c:38:
../../../third_party/musl/porting/liteos_m/kernel/include/endian.h: In function '__bswap32':
../../../third_party/musl/porting/liteos_m/kernel/include/endian.h:26:32: warning: suggest parentheses around arithmetic in operand of '|' [-Wparentheses]
   26 |         return __x>>24 | __x>>8&0xff00 | __x<<8&0xff0000 | __x<<24;
      |                          ~~~~~~^~~~~~~
../../../third_party/musl/porting/liteos_m/kernel/include/endian.h:26:48: warning: suggest parentheses around arithmetic in operand of '|' [-Wparentheses]
   26 |         return __x>>24 | __x>>8&0xff00 | __x<<8&0xff0000 | __x<<24;
      |                                          ~~~~~~^~~~~~~~~
../../../third_party/musl/porting/liteos_m/kernel/include/endian.h: In function '__bswap64':
../../../third_party/musl/porting/liteos_m/kernel/include/endian.h:31:30: warning: suggest parentheses around '+' inside '<<' [-Wparentheses]
   31 |         return __bswap32(__x)+0ULL<<32 | __bswap32(__x>>32);
      |                ~~~~~~~~~~~~~~^~~~~
[338/849] gcc cross compiler obj/third_party/lwip/src/api/liblwip.netifapi.o
In file included from ../../../kernel/liteos_m/components/net/lwip-2.1/porting/include/arch/cc.h:43,
                 from ../../../third_party/lwip/src/include/lwip/arch.h:48,
                 from ../../../third_party/lwip/src/include/lwip/debug.h:40,
                 from ../../../third_party/lwip/src/include/lwip/opt.h:52,
                 from ../../../third_party/lwip/src/api/netifapi.c:41:
../../../third_party/musl/porting/liteos_m/kernel/include/endian.h: In function '__bswap32':
../../../third_party/musl/porting/liteos_m/kernel/include/endian.h:26:32: warning: suggest parentheses around arithmetic in operand of '|' [-Wparentheses]
   26 |         return __x>>24 | __x>>8&0xff00 | __x<<8&0xff0000 | __x<<24;
      |                          ~~~~~~^~~~~~~
../../../third_party/musl/porting/liteos_m/kernel/include/endian.h:26:48: warning: suggest parentheses around arithmetic in operand of '|' [-Wparentheses]
   26 |         return __x>>24 | __x>>8&0xff00 | __x<<8&0xff0000 | __x<<24;
      |                                          ~~~~~~^~~~~~~~~
../../../third_party/musl/porting/liteos_m/kernel/include/endian.h: In function '__bswap64':
../../../third_party/musl/porting/liteos_m/kernel/include/endian.h:31:30: warning: suggest parentheses around '+' inside '<<' [-Wparentheses]
   31 |         return __bswap32(__x)+0ULL<<32 | __bswap32(__x>>32);
      |                ~~~~~~~~~~~~~~^~~~~
[339/849] gcc cross compiler obj/third_party/lwip/src/api/liblwip.tcpip.o
In file included from ../../../kernel/liteos_m/components/net/lwip-2.1/porting/include/arch/cc.h:43,
                 from ../../../third_party/lwip/src/include/lwip/arch.h:48,
                 from ../../../third_party/lwip/src/include/lwip/debug.h:40,
                 from ../../../third_party/lwip/src/include/lwip/opt.h:52,
                 from ../../../third_party/lwip/src/api/tcpip.c:39:
../../../third_party/musl/porting/liteos_m/kernel/include/endian.h: In function '__bswap32':
../../../third_party/musl/porting/liteos_m/kernel/include/endian.h:26:32: warning: suggest parentheses around arithmetic in operand of '|' [-Wparentheses]
   26 |         return __x>>24 | __x>>8&0xff00 | __x<<8&0xff0000 | __x<<24;
      |                          ~~~~~~^~~~~~~
../../../third_party/musl/porting/liteos_m/kernel/include/endian.h:26:48: warning: suggest parentheses around arithmetic in operand of '|' [-Wparentheses]
   26 |         return __x>>24 | __x>>8&0xff00 | __x<<8&0xff0000 | __x<<24;
      |                                          ~~~~~~^~~~~~~~~
../../../third_party/musl/porting/liteos_m/kernel/include/endian.h: In function '__bswap64':
../../../third_party/musl/porting/liteos_m/kernel/include/endian.h:31:30: warning: suggest parentheses around '+' inside '<<' [-Wparentheses]
   31 |         return __bswap32(__x)+0ULL<<32 | __bswap32(__x>>32);
      |                ~~~~~~~~~~~~~~^~~~~
[340/849] gcc cross compiler obj/third_party/lwip/src/netif/liblwip.ethernet.o
In file included from ../../../kernel/liteos_m/components/net/lwip-2.1/porting/include/arch/cc.h:43,
                 from ../../../third_party/lwip/src/include/lwip/arch.h:48,
                 from ../../../third_party/lwip/src/include/lwip/debug.h:40,
                 from ../../../third_party/lwip/src/include/lwip/opt.h:52,
                 from ../../../third_party/lwip/src/netif/ethernet.c:41:
../../../third_party/musl/porting/liteos_m/kernel/include/endian.h: In function '__bswap32':
../../../third_party/musl/porting/liteos_m/kernel/include/endian.h:26:32: warning: suggest parentheses around arithmetic in operand of '|' [-Wparentheses]
   26 |         return __x>>24 | __x>>8&0xff00 | __x<<8&0xff0000 | __x<<24;
      |                          ~~~~~~^~~~~~~
../../../third_party/musl/porting/liteos_m/kernel/include/endian.h:26:48: warning: suggest parentheses around arithmetic in operand of '|' [-Wparentheses]
   26 |         return __x>>24 | __x>>8&0xff00 | __x<<8&0xff0000 | __x<<24;
      |                                          ~~~~~~^~~~~~~~~
../../../third_party/musl/porting/liteos_m/kernel/include/endian.h: In function '__bswap64':
../../../third_party/musl/porting/liteos_m/kernel/include/endian.h:31:30: warning: suggest parentheses around '+' inside '<<' [-Wparentheses]
   31 |         return __bswap32(__x)+0ULL<<32 | __bswap32(__x>>32);
      |                ~~~~~~~~~~~~~~^~~~~
[341/849] gcc cross compiler obj/third_party/lwip/src/netif/liblwip.bridgeif.o
In file included from ../../../kernel/liteos_m/components/net/lwip-2.1/porting/include/arch/cc.h:43,
                 from ../../../third_party/lwip/src/include/lwip/arch.h:48,
                 from ../../../third_party/lwip/src/include/lwip/debug.h:40,
                 from ../../../third_party/lwip/src/include/lwip/opt.h:52,
                 from ../../../third_party/lwip/src/include/netif/bridgeif_opts.h:41,
                 from ../../../third_party/lwip/src/include/netif/bridgeif.h:40,
                 from ../../../third_party/lwip/src/netif/bridgeif.c:82:
../../../third_party/musl/porting/liteos_m/kernel/include/endian.h: In function '__bswap32':
../../../third_party/musl/porting/liteos_m/kernel/include/endian.h:26:32: warning: suggest parentheses around arithmetic in operand of '|' [-Wparentheses]
   26 |         return __x>>24 | __x>>8&0xff00 | __x<<8&0xff0000 | __x<<24;
      |                          ~~~~~~^~~~~~~
../../../third_party/musl/porting/liteos_m/kernel/include/endian.h:26:48: warning: suggest parentheses around arithmetic in operand of '|' [-Wparentheses]
   26 |         return __x>>24 | __x>>8&0xff00 | __x<<8&0xff0000 | __x<<24;
      |                                          ~~~~~~^~~~~~~~~
../../../third_party/musl/porting/liteos_m/kernel/include/endian.h: In function '__bswap64':
../../../third_party/musl/porting/liteos_m/kernel/include/endian.h:31:30: warning: suggest parentheses around '+' inside '<<' [-Wparentheses]
   31 |         return __bswap32(__x)+0ULL<<32 | __bswap32(__x>>32);
      |                ~~~~~~~~~~~~~~^~~~~
[342/849] gcc cross compiler obj/third_party/lwip/src/netif/liblwip.slipif.o
In file included from ../../../kernel/liteos_m/components/net/lwip-2.1/porting/include/arch/cc.h:43,
                 from ../../../third_party/lwip/src/include/lwip/arch.h:48,
                 from ../../../third_party/lwip/src/include/lwip/debug.h:40,
                 from ../../../third_party/lwip/src/include/lwip/opt.h:52,
                 from ../../../third_party/lwip/src/include/netif/slipif.h:43,
                 from ../../../third_party/lwip/src/netif/slipif.c:62:
../../../third_party/musl/porting/liteos_m/kernel/include/endian.h: In function '__bswap32':
../../../third_party/musl/porting/liteos_m/kernel/include/endian.h:26:32: warning: suggest parentheses around arithmetic in operand of '|' [-Wparentheses]
   26 |         return __x>>24 | __x>>8&0xff00 | __x<<8&0xff0000 | __x<<24;
      |                          ~~~~~~^~~~~~~
../../../third_party/musl/porting/liteos_m/kernel/include/endian.h:26:48: warning: suggest parentheses around arithmetic in operand of '|' [-Wparentheses]
   26 |         return __x>>24 | __x>>8&0xff00 | __x<<8&0xff0000 | __x<<24;
      |                                          ~~~~~~^~~~~~~~~
../../../third_party/musl/porting/liteos_m/kernel/include/endian.h: In function '__bswap64':
../../../third_party/musl/porting/liteos_m/kernel/include/endian.h:31:30: warning: suggest parentheses around '+' inside '<<' [-Wparentheses]
   31 |         return __bswap32(__x)+0ULL<<32 | __bswap32(__x>>32);
      |                ~~~~~~~~~~~~~~^~~~~
[343/849] gcc cross compiler obj/third_party/lwip/src/netif/liblwip.bridgeif_fdb.o
In file included from ../../../kernel/liteos_m/components/net/lwip-2.1/porting/include/arch/cc.h:43,
                 from ../../../third_party/lwip/src/include/lwip/arch.h:48,
                 from ../../../third_party/lwip/src/include/lwip/debug.h:40,
                 from ../../../third_party/lwip/src/include/lwip/opt.h:52,
                 from ../../../third_party/lwip/src/include/netif/bridgeif_opts.h:41,
                 from ../../../third_party/lwip/src/include/netif/bridgeif.h:40,
                 from ../../../third_party/lwip/src/netif/bridgeif_fdb.c:44:
../../../third_party/musl/porting/liteos_m/kernel/include/endian.h: In function '__bswap32':
../../../third_party/musl/porting/liteos_m/kernel/include/endian.h:26:32: warning: suggest parentheses around arithmetic in operand of '|' [-Wparentheses]
   26 |         return __x>>24 | __x>>8&0xff00 | __x<<8&0xff0000 | __x<<24;
      |                          ~~~~~~^~~~~~~
../../../third_party/musl/porting/liteos_m/kernel/include/endian.h:26:48: warning: suggest parentheses around arithmetic in operand of '|' [-Wparentheses]
   26 |         return __x>>24 | __x>>8&0xff00 | __x<<8&0xff0000 | __x<<24;
      |                                          ~~~~~~^~~~~~~~~
../../../third_party/musl/porting/liteos_m/kernel/include/endian.h: In function '__bswap64':
../../../third_party/musl/porting/liteos_m/kernel/include/endian.h:31:30: warning: suggest parentheses around '+' inside '<<' [-Wparentheses]
   31 |         return __bswap32(__x)+0ULL<<32 | __bswap32(__x>>32);
      |                ~~~~~~~~~~~~~~^~~~~
[344/849] gcc cross compiler obj/third_party/lwip/src/netif/ppp/liblwip.ccp.o
In file included from ../../../kernel/liteos_m/components/net/lwip-2.1/porting/include/arch/cc.h:43,
                 from ../../../third_party/lwip/src/include/lwip/arch.h:48,
                 from ../../../third_party/lwip/src/include/lwip/debug.h:40,
                 from ../../../third_party/lwip/src/include/lwip/opt.h:52,
                 from ../../../third_party/lwip/src/include/netif/ppp/ppp_opts.h:31,
                 from ../../../third_party/lwip/src/netif/ppp/ccp.c:31:
../../../third_party/musl/porting/liteos_m/kernel/include/endian.h: In function '__bswap32':
../../../third_party/musl/porting/liteos_m/kernel/include/endian.h:26:32: warning: suggest parentheses around arithmetic in operand of '|' [-Wparentheses]
   26 |         return __x>>24 | __x>>8&0xff00 | __x<<8&0xff0000 | __x<<24;
      |                          ~~~~~~^~~~~~~
../../../third_party/musl/porting/liteos_m/kernel/include/endian.h:26:48: warning: suggest parentheses around arithmetic in operand of '|' [-Wparentheses]
   26 |         return __x>>24 | __x>>8&0xff00 | __x<<8&0xff0000 | __x<<24;
      |                                          ~~~~~~^~~~~~~~~
../../../third_party/musl/porting/liteos_m/kernel/include/endian.h: In function '__bswap64':
../../../third_party/musl/porting/liteos_m/kernel/include/endian.h:31:30: warning: suggest parentheses around '+' inside '<<' [-Wparentheses]
   31 |         return __bswap32(__x)+0ULL<<32 | __bswap32(__x>>32);
      |                ~~~~~~~~~~~~~~^~~~~
[345/849] gcc cross compiler obj/third_party/lwip/src/netif/ppp/liblwip.auth.o
In file included from ../../../kernel/liteos_m/components/net/lwip-2.1/porting/include/arch/cc.h:43,
                 from ../../../third_party/lwip/src/include/lwip/arch.h:48,
                 from ../../../third_party/lwip/src/include/lwip/debug.h:40,
                 from ../../../third_party/lwip/src/include/lwip/opt.h:52,
                 from ../../../third_party/lwip/src/include/netif/ppp/ppp_opts.h:31,
                 from ../../../third_party/lwip/src/netif/ppp/auth.c:71:
../../../third_party/musl/porting/liteos_m/kernel/include/endian.h: In function '__bswap32':
../../../third_party/musl/porting/liteos_m/kernel/include/endian.h:26:32: warning: suggest parentheses around arithmetic in operand of '|' [-Wparentheses]
   26 |         return __x>>24 | __x>>8&0xff00 | __x<<8&0xff0000 | __x<<24;
      |                          ~~~~~~^~~~~~~
../../../third_party/musl/porting/liteos_m/kernel/include/endian.h:26:48: warning: suggest parentheses around arithmetic in operand of '|' [-Wparentheses]
   26 |         return __x>>24 | __x>>8&0xff00 | __x<<8&0xff0000 | __x<<24;
      |                                          ~~~~~~^~~~~~~~~
../../../third_party/musl/porting/liteos_m/kernel/include/endian.h: In function '__bswap64':
../../../third_party/musl/porting/liteos_m/kernel/include/endian.h:31:30: warning: suggest parentheses around '+' inside '<<' [-Wparentheses]
   31 |         return __bswap32(__x)+0ULL<<32 | __bswap32(__x>>32);
      |                ~~~~~~~~~~~~~~^~~~~
[346/849] gcc cross compiler obj/third_party/lwip/src/netif/ppp/liblwip.chap-md5.o
In file included from ../../../kernel/liteos_m/components/net/lwip-2.1/porting/include/arch/cc.h:43,
                 from ../../../third_party/lwip/src/include/lwip/arch.h:48,
                 from ../../../third_party/lwip/src/include/lwip/debug.h:40,
                 from ../../../third_party/lwip/src/include/lwip/opt.h:52,
                 from ../../../third_party/lwip/src/include/netif/ppp/ppp_opts.h:31,
                 from ../../../third_party/lwip/src/netif/ppp/chap-md5.c:31:
../../../third_party/musl/porting/liteos_m/kernel/include/endian.h: In function '__bswap32':
../../../third_party/musl/porting/liteos_m/kernel/include/endian.h:26:32: warning: suggest parentheses around arithmetic in operand of '|' [-Wparentheses]
   26 |         return __x>>24 | __x>>8&0xff00 | __x<<8&0xff0000 | __x<<24;
      |                          ~~~~~~^~~~~~~
../../../third_party/musl/porting/liteos_m/kernel/include/endian.h:26:48: warning: suggest parentheses around arithmetic in operand of '|' [-Wparentheses]
   26 |         return __x>>24 | __x>>8&0xff00 | __x<<8&0xff0000 | __x<<24;
      |                                          ~~~~~~^~~~~~~~~
../../../third_party/musl/porting/liteos_m/kernel/include/endian.h: In function '__bswap64':
../../../third_party/musl/porting/liteos_m/kernel/include/endian.h:31:30: warning: suggest parentheses around '+' inside '<<' [-Wparentheses]
   31 |         return __bswap32(__x)+0ULL<<32 | __bswap32(__x>>32);
      |                ~~~~~~~~~~~~~~^~~~~
[347/849] gcc cross compiler obj/third_party/lwip/src/netif/ppp/liblwip.chap-new.o
In file included from ../../../kernel/liteos_m/components/net/lwip-2.1/porting/include/arch/cc.h:43,
                 from ../../../third_party/lwip/src/include/lwip/arch.h:48,
                 from ../../../third_party/lwip/src/include/lwip/debug.h:40,
                 from ../../../third_party/lwip/src/include/lwip/opt.h:52,
                 from ../../../third_party/lwip/src/include/netif/ppp/ppp_opts.h:31,
                 from ../../../third_party/lwip/src/netif/ppp/chap-new.c:31:
../../../third_party/musl/porting/liteos_m/kernel/include/endian.h: In function '__bswap32':
../../../third_party/musl/porting/liteos_m/kernel/include/endian.h:26:32: warning: suggest parentheses around arithmetic in operand of '|' [-Wparentheses]
   26 |         return __x>>24 | __x>>8&0xff00 | __x<<8&0xff0000 | __x<<24;
      |                          ~~~~~~^~~~~~~
../../../third_party/musl/porting/liteos_m/kernel/include/endian.h:26:48: warning: suggest parentheses around arithmetic in operand of '|' [-Wparentheses]
   26 |         return __x>>24 | __x>>8&0xff00 | __x<<8&0xff0000 | __x<<24;
      |                                          ~~~~~~^~~~~~~~~
../../../third_party/musl/porting/liteos_m/kernel/include/endian.h: In function '__bswap64':
../../../third_party/musl/porting/liteos_m/kernel/include/endian.h:31:30: warning: suggest parentheses around '+' inside '<<' [-Wparentheses]
   31 |         return __bswap32(__x)+0ULL<<32 | __bswap32(__x>>32);
      |                ~~~~~~~~~~~~~~^~~~~
[348/849] gcc cross compiler obj/third_party/lwip/src/netif/ppp/liblwip.chap_ms.o
In file included from ../../../kernel/liteos_m/components/net/lwip-2.1/porting/include/arch/cc.h:43,
                 from ../../../third_party/lwip/src/include/lwip/arch.h:48,
                 from ../../../third_party/lwip/src/include/lwip/debug.h:40,
                 from ../../../third_party/lwip/src/include/lwip/opt.h:52,
                 from ../../../third_party/lwip/src/include/netif/ppp/ppp_opts.h:31,
                 from ../../../third_party/lwip/src/netif/ppp/chap_ms.c:77:
../../../third_party/musl/porting/liteos_m/kernel/include/endian.h: In function '__bswap32':
../../../third_party/musl/porting/liteos_m/kernel/include/endian.h:26:32: warning: suggest parentheses around arithmetic in operand of '|' [-Wparentheses]
   26 |         return __x>>24 | __x>>8&0xff00 | __x<<8&0xff0000 | __x<<24;
      |                          ~~~~~~^~~~~~~
../../../third_party/musl/porting/liteos_m/kernel/include/endian.h:26:48: warning: suggest parentheses around arithmetic in operand of '|' [-Wparentheses]
   26 |         return __x>>24 | __x>>8&0xff00 | __x<<8&0xff0000 | __x<<24;
      |                                          ~~~~~~^~~~~~~~~
../../../third_party/musl/porting/liteos_m/kernel/include/endian.h: In function '__bswap64':
../../../third_party/musl/porting/liteos_m/kernel/include/endian.h:31:30: warning: suggest parentheses around '+' inside '<<' [-Wparentheses]
   31 |         return __bswap32(__x)+0ULL<<32 | __bswap32(__x>>32);
      |                ~~~~~~~~~~~~~~^~~~~
[349/849] gcc cross compiler obj/third_party/lwip/src/netif/ppp/liblwip.demand.o
In file included from ../../../kernel/liteos_m/components/net/lwip-2.1/porting/include/arch/cc.h:43,
                 from ../../../third_party/lwip/src/include/lwip/arch.h:48,
                 from ../../../third_party/lwip/src/include/lwip/debug.h:40,
                 from ../../../third_party/lwip/src/include/lwip/opt.h:52,
                 from ../../../third_party/lwip/src/include/netif/ppp/ppp_opts.h:31,
                 from ../../../third_party/lwip/src/netif/ppp/demand.c:31:
../../../third_party/musl/porting/liteos_m/kernel/include/endian.h: In function '__bswap32':
../../../third_party/musl/porting/liteos_m/kernel/include/endian.h:26:32: warning: suggest parentheses around arithmetic in operand of '|' [-Wparentheses]
   26 |         return __x>>24 | __x>>8&0xff00 | __x<<8&0xff0000 | __x<<24;
      |                          ~~~~~~^~~~~~~
../../../third_party/musl/porting/liteos_m/kernel/include/endian.h:26:48: warning: suggest parentheses around arithmetic in operand of '|' [-Wparentheses]
   26 |         return __x>>24 | __x>>8&0xff00 | __x<<8&0xff0000 | __x<<24;
      |                                          ~~~~~~^~~~~~~~~
../../../third_party/musl/porting/liteos_m/kernel/include/endian.h: In function '__bswap64':
../../../third_party/musl/porting/liteos_m/kernel/include/endian.h:31:30: warning: suggest parentheses around '+' inside '<<' [-Wparentheses]
   31 |         return __bswap32(__x)+0ULL<<32 | __bswap32(__x>>32);
      |                ~~~~~~~~~~~~~~^~~~~
[350/849] gcc cross compiler obj/third_party/lwip/src/netif/ppp/liblwip.ecp.o
In file included from ../../../kernel/liteos_m/components/net/lwip-2.1/porting/include/arch/cc.h:43,
                 from ../../../third_party/lwip/src/include/lwip/arch.h:48,
                 from ../../../third_party/lwip/src/include/lwip/debug.h:40,
                 from ../../../third_party/lwip/src/include/lwip/opt.h:52,
                 from ../../../third_party/lwip/src/include/netif/ppp/ppp_opts.h:31,
                 from ../../../third_party/lwip/src/netif/ppp/ecp.c:60:
../../../third_party/musl/porting/liteos_m/kernel/include/endian.h: In function '__bswap32':
../../../third_party/musl/porting/liteos_m/kernel/include/endian.h:26:32: warning: suggest parentheses around arithmetic in operand of '|' [-Wparentheses]
   26 |         return __x>>24 | __x>>8&0xff00 | __x<<8&0xff0000 | __x<<24;
      |                          ~~~~~~^~~~~~~
../../../third_party/musl/porting/liteos_m/kernel/include/endian.h:26:48: warning: suggest parentheses around arithmetic in operand of '|' [-Wparentheses]
   26 |         return __x>>24 | __x>>8&0xff00 | __x<<8&0xff0000 | __x<<24;
      |                                          ~~~~~~^~~~~~~~~
../../../third_party/musl/porting/liteos_m/kernel/include/endian.h: In function '__bswap64':
../../../third_party/musl/porting/liteos_m/kernel/include/endian.h:31:30: warning: suggest parentheses around '+' inside '<<' [-Wparentheses]
   31 |         return __bswap32(__x)+0ULL<<32 | __bswap32(__x>>32);
      |                ~~~~~~~~~~~~~~^~~~~
[351/849] gcc cross compiler obj/third_party/lwip/src/netif/ppp/liblwip.eap.o
In file included from ../../../kernel/liteos_m/components/net/lwip-2.1/porting/include/arch/cc.h:43,
                 from ../../../third_party/lwip/src/include/lwip/arch.h:48,
                 from ../../../third_party/lwip/src/include/lwip/debug.h:40,
                 from ../../../third_party/lwip/src/include/lwip/opt.h:52,
                 from ../../../third_party/lwip/src/include/netif/ppp/ppp_opts.h:31,
                 from ../../../third_party/lwip/src/netif/ppp/eap.c:46:
../../../third_party/musl/porting/liteos_m/kernel/include/endian.h: In function '__bswap32':
../../../third_party/musl/porting/liteos_m/kernel/include/endian.h:26:32: warning: suggest parentheses around arithmetic in operand of '|' [-Wparentheses]
   26 |         return __x>>24 | __x>>8&0xff00 | __x<<8&0xff0000 | __x<<24;
      |                          ~~~~~~^~~~~~~
../../../third_party/musl/porting/liteos_m/kernel/include/endian.h:26:48: warning: suggest parentheses around arithmetic in operand of '|' [-Wparentheses]
   26 |         return __x>>24 | __x>>8&0xff00 | __x<<8&0xff0000 | __x<<24;
      |                                          ~~~~~~^~~~~~~~~
../../../third_party/musl/porting/liteos_m/kernel/include/endian.h: In function '__bswap64':
../../../third_party/musl/porting/liteos_m/kernel/include/endian.h:31:30: warning: suggest parentheses around '+' inside '<<' [-Wparentheses]
   31 |         return __bswap32(__x)+0ULL<<32 | __bswap32(__x>>32);
      |                ~~~~~~~~~~~~~~^~~~~
[352/849] gcc cross compiler obj/third_party/lwip/src/netif/ppp/liblwip.fsm.o
In file included from ../../../kernel/liteos_m/components/net/lwip-2.1/porting/include/arch/cc.h:43,
                 from ../../../third_party/lwip/src/include/lwip/arch.h:48,
                 from ../../../third_party/lwip/src/include/lwip/debug.h:40,
                 from ../../../third_party/lwip/src/include/lwip/opt.h:52,
                 from ../../../third_party/lwip/src/include/netif/ppp/ppp_opts.h:31,
                 from ../../../third_party/lwip/src/netif/ppp/fsm.c:43:
../../../third_party/musl/porting/liteos_m/kernel/include/endian.h: In function '__bswap32':
../../../third_party/musl/porting/liteos_m/kernel/include/endian.h:26:32: warning: suggest parentheses around arithmetic in operand of '|' [-Wparentheses]
   26 |         return __x>>24 | __x>>8&0xff00 | __x<<8&0xff0000 | __x<<24;
      |                          ~~~~~~^~~~~~~
../../../third_party/musl/porting/liteos_m/kernel/include/endian.h:26:48: warning: suggest parentheses around arithmetic in operand of '|' [-Wparentheses]
   26 |         return __x>>24 | __x>>8&0xff00 | __x<<8&0xff0000 | __x<<24;
      |                                          ~~~~~~^~~~~~~~~
../../../third_party/musl/porting/liteos_m/kernel/include/endian.h: In function '__bswap64':
../../../third_party/musl/porting/liteos_m/kernel/include/endian.h:31:30: warning: suggest parentheses around '+' inside '<<' [-Wparentheses]
   31 |         return __bswap32(__x)+0ULL<<32 | __bswap32(__x>>32);
      |                ~~~~~~~~~~~~~~^~~~~
[353/849] gcc cross compiler obj/third_party/lwip/src/netif/ppp/liblwip.ipcp.o
In file included from ../../../kernel/liteos_m/components/net/lwip-2.1/porting/include/arch/cc.h:43,
                 from ../../../third_party/lwip/src/include/lwip/arch.h:48,
                 from ../../../third_party/lwip/src/include/lwip/debug.h:40,
                 from ../../../third_party/lwip/src/include/lwip/opt.h:52,
                 from ../../../third_party/lwip/src/include/netif/ppp/ppp_opts.h:31,
                 from ../../../third_party/lwip/src/netif/ppp/ipcp.c:43:
../../../third_party/musl/porting/liteos_m/kernel/include/endian.h: In function '__bswap32':
../../../third_party/musl/porting/liteos_m/kernel/include/endian.h:26:32: warning: suggest parentheses around arithmetic in operand of '|' [-Wparentheses]
   26 |         return __x>>24 | __x>>8&0xff00 | __x<<8&0xff0000 | __x<<24;
      |                          ~~~~~~^~~~~~~
../../../third_party/musl/porting/liteos_m/kernel/include/endian.h:26:48: warning: suggest parentheses around arithmetic in operand of '|' [-Wparentheses]
   26 |         return __x>>24 | __x>>8&0xff00 | __x<<8&0xff0000 | __x<<24;
      |                                          ~~~~~~^~~~~~~~~
../../../third_party/musl/porting/liteos_m/kernel/include/endian.h: In function '__bswap64':
../../../third_party/musl/porting/liteos_m/kernel/include/endian.h:31:30: warning: suggest parentheses around '+' inside '<<' [-Wparentheses]
   31 |         return __bswap32(__x)+0ULL<<32 | __bswap32(__x>>32);
      |                ~~~~~~~~~~~~~~^~~~~
[354/849] gcc cross compiler obj/third_party/lwip/src/netif/ppp/liblwip.eui64.o
In file included from ../../../kernel/liteos_m/components/net/lwip-2.1/porting/include/arch/cc.h:43,
                 from ../../../third_party/lwip/src/include/lwip/arch.h:48,
                 from ../../../third_party/lwip/src/include/lwip/debug.h:40,
                 from ../../../third_party/lwip/src/include/lwip/opt.h:52,
                 from ../../../third_party/lwip/src/include/netif/ppp/ppp_opts.h:31,
                 from ../../../third_party/lwip/src/netif/ppp/eui64.c:38:
../../../third_party/musl/porting/liteos_m/kernel/include/endian.h: In function '__bswap32':
../../../third_party/musl/porting/liteos_m/kernel/include/endian.h:26:32: warning: suggest parentheses around arithmetic in operand of '|' [-Wparentheses]
   26 |         return __x>>24 | __x>>8&0xff00 | __x<<8&0xff0000 | __x<<24;
      |                          ~~~~~~^~~~~~~
../../../third_party/musl/porting/liteos_m/kernel/include/endian.h:26:48: warning: suggest parentheses around arithmetic in operand of '|' [-Wparentheses]
   26 |         return __x>>24 | __x>>8&0xff00 | __x<<8&0xff0000 | __x<<24;
      |                                          ~~~~~~^~~~~~~~~
../../../third_party/musl/porting/liteos_m/kernel/include/endian.h: In function '__bswap64':
../../../third_party/musl/porting/liteos_m/kernel/include/endian.h:31:30: warning: suggest parentheses around '+' inside '<<' [-Wparentheses]
   31 |         return __bswap32(__x)+0ULL<<32 | __bswap32(__x>>32);
      |                ~~~~~~~~~~~~~~^~~~~
[355/849] gcc cross compiler obj/third_party/lwip/src/netif/ppp/liblwip.ipv6cp.o
In file included from ../../../kernel/liteos_m/components/net/lwip-2.1/porting/include/arch/cc.h:43,
                 from ../../../third_party/lwip/src/include/lwip/arch.h:48,
                 from ../../../third_party/lwip/src/include/lwip/debug.h:40,
                 from ../../../third_party/lwip/src/include/lwip/opt.h:52,
                 from ../../../third_party/lwip/src/include/netif/ppp/ppp_opts.h:31,
                 from ../../../third_party/lwip/src/netif/ppp/ipv6cp.c:150:
../../../third_party/musl/porting/liteos_m/kernel/include/endian.h: In function '__bswap32':
../../../third_party/musl/porting/liteos_m/kernel/include/endian.h:26:32: warning: suggest parentheses around arithmetic in operand of '|' [-Wparentheses]
   26 |         return __x>>24 | __x>>8&0xff00 | __x<<8&0xff0000 | __x<<24;
      |                          ~~~~~~^~~~~~~
../../../third_party/musl/porting/liteos_m/kernel/include/endian.h:26:48: warning: suggest parentheses around arithmetic in operand of '|' [-Wparentheses]
   26 |         return __x>>24 | __x>>8&0xff00 | __x<<8&0xff0000 | __x<<24;
      |                                          ~~~~~~^~~~~~~~~
../../../third_party/musl/porting/liteos_m/kernel/include/endian.h: In function '__bswap64':
../../../third_party/musl/porting/liteos_m/kernel/include/endian.h:31:30: warning: suggest parentheses around '+' inside '<<' [-Wparentheses]
   31 |         return __bswap32(__x)+0ULL<<32 | __bswap32(__x>>32);
      |                ~~~~~~~~~~~~~~^~~~~
[356/849] gcc cross compiler obj/third_party/lwip/src/netif/ppp/liblwip.magic.o
In file included from ../../../kernel/liteos_m/components/net/lwip-2.1/porting/include/arch/cc.h:43,
                 from ../../../third_party/lwip/src/include/lwip/arch.h:48,
                 from ../../../third_party/lwip/src/include/lwip/debug.h:40,
                 from ../../../third_party/lwip/src/include/lwip/opt.h:52,
                 from ../../../third_party/lwip/src/include/netif/ppp/ppp_opts.h:31,
                 from ../../../third_party/lwip/src/netif/ppp/magic.c:75:
../../../third_party/musl/porting/liteos_m/kernel/include/endian.h: In function '__bswap32':
../../../third_party/musl/porting/liteos_m/kernel/include/endian.h:26:32: warning: suggest parentheses around arithmetic in operand of '|' [-Wparentheses]
   26 |         return __x>>24 | __x>>8&0xff00 | __x<<8&0xff0000 | __x<<24;
      |                          ~~~~~~^~~~~~~
../../../third_party/musl/porting/liteos_m/kernel/include/endian.h:26:48: warning: suggest parentheses around arithmetic in operand of '|' [-Wparentheses]
   26 |         return __x>>24 | __x>>8&0xff00 | __x<<8&0xff0000 | __x<<24;
      |                                          ~~~~~~^~~~~~~~~
../../../third_party/musl/porting/liteos_m/kernel/include/endian.h: In function '__bswap64':
../../../third_party/musl/porting/liteos_m/kernel/include/endian.h:31:30: warning: suggest parentheses around '+' inside '<<' [-Wparentheses]
   31 |         return __bswap32(__x)+0ULL<<32 | __bswap32(__x>>32);
      |                ~~~~~~~~~~~~~~^~~~~
[357/849] gcc cross compiler obj/third_party/lwip/src/netif/ppp/liblwip.lcp.o
In file included from ../../../kernel/liteos_m/components/net/lwip-2.1/porting/include/arch/cc.h:43,
                 from ../../../third_party/lwip/src/include/lwip/arch.h:48,
                 from ../../../third_party/lwip/src/include/lwip/debug.h:40,
                 from ../../../third_party/lwip/src/include/lwip/opt.h:52,
                 from ../../../third_party/lwip/src/include/netif/ppp/ppp_opts.h:31,
                 from ../../../third_party/lwip/src/netif/ppp/lcp.c:43:
../../../third_party/musl/porting/liteos_m/kernel/include/endian.h: In function '__bswap32':
../../../third_party/musl/porting/liteos_m/kernel/include/endian.h:26:32: warning: suggest parentheses around arithmetic in operand of '|' [-Wparentheses]
   26 |         return __x>>24 | __x>>8&0xff00 | __x<<8&0xff0000 | __x<<24;
      |                          ~~~~~~^~~~~~~
../../../third_party/musl/porting/liteos_m/kernel/include/endian.h:26:48: warning: suggest parentheses around arithmetic in operand of '|' [-Wparentheses]
   26 |         return __x>>24 | __x>>8&0xff00 | __x<<8&0xff0000 | __x<<24;
      |                                          ~~~~~~^~~~~~~~~
../../../third_party/musl/porting/liteos_m/kernel/include/endian.h: In function '__bswap64':
../../../third_party/musl/porting/liteos_m/kernel/include/endian.h:31:30: warning: suggest parentheses around '+' inside '<<' [-Wparentheses]
   31 |         return __bswap32(__x)+0ULL<<32 | __bswap32(__x>>32);
      |                ~~~~~~~~~~~~~~^~~~~
[358/849] gcc cross compiler obj/third_party/lwip/src/netif/ppp/liblwip.mppe.o
In file included from ../../../kernel/liteos_m/components/net/lwip-2.1/porting/include/arch/cc.h:43,
                 from ../../../third_party/lwip/src/include/lwip/arch.h:48,
                 from ../../../third_party/lwip/src/include/lwip/debug.h:40,
                 from ../../../third_party/lwip/src/include/lwip/opt.h:52,
                 from ../../../third_party/lwip/src/include/netif/ppp/ppp_opts.h:31,
                 from ../../../third_party/lwip/src/netif/ppp/mppe.c:26:
../../../third_party/musl/porting/liteos_m/kernel/include/endian.h: In function '__bswap32':
../../../third_party/musl/porting/liteos_m/kernel/include/endian.h:26:32: warning: suggest parentheses around arithmetic in operand of '|' [-Wparentheses]
   26 |         return __x>>24 | __x>>8&0xff00 | __x<<8&0xff0000 | __x<<24;
      |                          ~~~~~~^~~~~~~
../../../third_party/musl/porting/liteos_m/kernel/include/endian.h:26:48: warning: suggest parentheses around arithmetic in operand of '|' [-Wparentheses]
   26 |         return __x>>24 | __x>>8&0xff00 | __x<<8&0xff0000 | __x<<24;
      |                                          ~~~~~~^~~~~~~~~
../../../third_party/musl/porting/liteos_m/kernel/include/endian.h: In function '__bswap64':
../../../third_party/musl/porting/liteos_m/kernel/include/endian.h:31:30: warning: suggest parentheses around '+' inside '<<' [-Wparentheses]
   31 |         return __bswap32(__x)+0ULL<<32 | __bswap32(__x>>32);
      |                ~~~~~~~~~~~~~~^~~~~
[359/849] gcc cross compiler obj/third_party/lwip/src/netif/ppp/liblwip.multilink.o
In file included from ../../../kernel/liteos_m/components/net/lwip-2.1/porting/include/arch/cc.h:43,
                 from ../../../third_party/lwip/src/include/lwip/arch.h:48,
                 from ../../../third_party/lwip/src/include/lwip/debug.h:40,
                 from ../../../third_party/lwip/src/include/lwip/opt.h:52,
                 from ../../../third_party/lwip/src/include/netif/ppp/ppp_opts.h:31,
                 from ../../../third_party/lwip/src/netif/ppp/multilink.c:31:
../../../third_party/musl/porting/liteos_m/kernel/include/endian.h: In function '__bswap32':
../../../third_party/musl/porting/liteos_m/kernel/include/endian.h:26:32: warning: suggest parentheses around arithmetic in operand of '|' [-Wparentheses]
   26 |         return __x>>24 | __x>>8&0xff00 | __x<<8&0xff0000 | __x<<24;
      |                          ~~~~~~^~~~~~~
../../../third_party/musl/porting/liteos_m/kernel/include/endian.h:26:48: warning: suggest parentheses around arithmetic in operand of '|' [-Wparentheses]
   26 |         return __x>>24 | __x>>8&0xff00 | __x<<8&0xff0000 | __x<<24;
      |                                          ~~~~~~^~~~~~~~~
../../../third_party/musl/porting/liteos_m/kernel/include/endian.h: In function '__bswap64':
../../../third_party/musl/porting/liteos_m/kernel/include/endian.h:31:30: warning: suggest parentheses around '+' inside '<<' [-Wparentheses]
   31 |         return __bswap32(__x)+0ULL<<32 | __bswap32(__x>>32);
      |                ~~~~~~~~~~~~~~^~~~~
[360/849] gcc cross compiler obj/third_party/lwip/src/netif/ppp/liblwip.ppp.o
In file included from ../../../kernel/liteos_m/components/net/lwip-2.1/porting/include/arch/cc.h:43,
                 from ../../../third_party/lwip/src/include/lwip/arch.h:48,
                 from ../../../third_party/lwip/src/include/lwip/debug.h:40,
                 from ../../../third_party/lwip/src/include/lwip/opt.h:52,
                 from ../../../third_party/lwip/src/include/netif/ppp/ppp_opts.h:31,
                 from ../../../third_party/lwip/src/netif/ppp/ppp.c:88:
../../../third_party/musl/porting/liteos_m/kernel/include/endian.h: In function '__bswap32':
../../../third_party/musl/porting/liteos_m/kernel/include/endian.h:26:32: warning: suggest parentheses around arithmetic in operand of '|' [-Wparentheses]
   26 |         return __x>>24 | __x>>8&0xff00 | __x<<8&0xff0000 | __x<<24;
      |                          ~~~~~~^~~~~~~
../../../third_party/musl/porting/liteos_m/kernel/include/endian.h:26:48: warning: suggest parentheses around arithmetic in operand of '|' [-Wparentheses]
   26 |         return __x>>24 | __x>>8&0xff00 | __x<<8&0xff0000 | __x<<24;
      |                                          ~~~~~~^~~~~~~~~
../../../third_party/musl/porting/liteos_m/kernel/include/endian.h: In function '__bswap64':
../../../third_party/musl/porting/liteos_m/kernel/include/endian.h:31:30: warning: suggest parentheses around '+' inside '<<' [-Wparentheses]
   31 |         return __bswap32(__x)+0ULL<<32 | __bswap32(__x>>32);
      |                ~~~~~~~~~~~~~~^~~~~
[361/849] gcc cross compiler obj/third_party/lwip/src/netif/ppp/liblwip.pppapi.o
In file included from ../../../kernel/liteos_m/components/net/lwip-2.1/porting/include/arch/cc.h:43,
                 from ../../../third_party/lwip/src/include/lwip/arch.h:48,
                 from ../../../third_party/lwip/src/include/lwip/debug.h:40,
                 from ../../../third_party/lwip/src/include/lwip/opt.h:52,
                 from ../../../third_party/lwip/src/include/netif/ppp/ppp_opts.h:31,
                 from ../../../third_party/lwip/src/netif/ppp/pppapi.c:34:
../../../third_party/musl/porting/liteos_m/kernel/include/endian.h: In function '__bswap32':
../../../third_party/musl/porting/liteos_m/kernel/include/endian.h:26:32: warning: suggest parentheses around arithmetic in operand of '|' [-Wparentheses]
   26 |         return __x>>24 | __x>>8&0xff00 | __x<<8&0xff0000 | __x<<24;
      |                          ~~~~~~^~~~~~~
../../../third_party/musl/porting/liteos_m/kernel/include/endian.h:26:48: warning: suggest parentheses around arithmetic in operand of '|' [-Wparentheses]
   26 |         return __x>>24 | __x>>8&0xff00 | __x<<8&0xff0000 | __x<<24;
      |                                          ~~~~~~^~~~~~~~~
../../../third_party/musl/porting/liteos_m/kernel/include/endian.h: In function '__bswap64':
../../../third_party/musl/porting/liteos_m/kernel/include/endian.h:31:30: warning: suggest parentheses around '+' inside '<<' [-Wparentheses]
   31 |         return __bswap32(__x)+0ULL<<32 | __bswap32(__x>>32);
      |                ~~~~~~~~~~~~~~^~~~~
[362/849] gcc cross compiler obj/third_party/lwip/src/netif/ppp/liblwip.pppcrypt.o
In file included from ../../../kernel/liteos_m/components/net/lwip-2.1/porting/include/arch/cc.h:43,
                 from ../../../third_party/lwip/src/include/lwip/arch.h:48,
                 from ../../../third_party/lwip/src/include/lwip/debug.h:40,
                 from ../../../third_party/lwip/src/include/lwip/opt.h:52,
                 from ../../../third_party/lwip/src/include/netif/ppp/ppp_opts.h:31,
                 from ../../../third_party/lwip/src/netif/ppp/pppcrypt.c:33:
../../../third_party/musl/porting/liteos_m/kernel/include/endian.h: In function '__bswap32':
../../../third_party/musl/porting/liteos_m/kernel/include/endian.h:26:32: warning: suggest parentheses around arithmetic in operand of '|' [-Wparentheses]
   26 |         return __x>>24 | __x>>8&0xff00 | __x<<8&0xff0000 | __x<<24;
      |                          ~~~~~~^~~~~~~
../../../third_party/musl/porting/liteos_m/kernel/include/endian.h:26:48: warning: suggest parentheses around arithmetic in operand of '|' [-Wparentheses]
   26 |         return __x>>24 | __x>>8&0xff00 | __x<<8&0xff0000 | __x<<24;
      |                                          ~~~~~~^~~~~~~~~
../../../third_party/musl/porting/liteos_m/kernel/include/endian.h: In function '__bswap64':
../../../third_party/musl/porting/liteos_m/kernel/include/endian.h:31:30: warning: suggest parentheses around '+' inside '<<' [-Wparentheses]
   31 |         return __bswap32(__x)+0ULL<<32 | __bswap32(__x>>32);
      |                ~~~~~~~~~~~~~~^~~~~
[363/849] gcc cross compiler obj/third_party/lwip/src/netif/ppp/liblwip.pppoe.o
In file included from ../../../kernel/liteos_m/components/net/lwip-2.1/porting/include/arch/cc.h:43,
                 from ../../../third_party/lwip/src/include/lwip/arch.h:48,
                 from ../../../third_party/lwip/src/include/lwip/debug.h:40,
                 from ../../../third_party/lwip/src/include/lwip/opt.h:52,
                 from ../../../third_party/lwip/src/include/netif/ppp/ppp_opts.h:31,
                 from ../../../third_party/lwip/src/netif/ppp/pppoe.c:71:
../../../third_party/musl/porting/liteos_m/kernel/include/endian.h: In function '__bswap32':
../../../third_party/musl/porting/liteos_m/kernel/include/endian.h:26:32: warning: suggest parentheses around arithmetic in operand of '|' [-Wparentheses]
   26 |         return __x>>24 | __x>>8&0xff00 | __x<<8&0xff0000 | __x<<24;
      |                          ~~~~~~^~~~~~~
../../../third_party/musl/porting/liteos_m/kernel/include/endian.h:26:48: warning: suggest parentheses around arithmetic in operand of '|' [-Wparentheses]
   26 |         return __x>>24 | __x>>8&0xff00 | __x<<8&0xff0000 | __x<<24;
      |                                          ~~~~~~^~~~~~~~~
../../../third_party/musl/porting/liteos_m/kernel/include/endian.h: In function '__bswap64':
../../../third_party/musl/porting/liteos_m/kernel/include/endian.h:31:30: warning: suggest parentheses around '+' inside '<<' [-Wparentheses]
   31 |         return __bswap32(__x)+0ULL<<32 | __bswap32(__x>>32);
      |                ~~~~~~~~~~~~~~^~~~~
[364/849] gcc cross compiler obj/third_party/lwip/src/netif/ppp/liblwip.pppos.o
In file included from ../../../kernel/liteos_m/components/net/lwip-2.1/porting/include/arch/cc.h:43,
                 from ../../../third_party/lwip/src/include/lwip/arch.h:48,
                 from ../../../third_party/lwip/src/include/lwip/debug.h:40,
                 from ../../../third_party/lwip/src/include/lwip/opt.h:52,
                 from ../../../third_party/lwip/src/include/netif/ppp/ppp_opts.h:31,
                 from ../../../third_party/lwip/src/netif/ppp/pppos.c:34:
../../../third_party/musl/porting/liteos_m/kernel/include/endian.h: In function '__bswap32':
../../../third_party/musl/porting/liteos_m/kernel/include/endian.h:26:32: warning: suggest parentheses around arithmetic in operand of '|' [-Wparentheses]
   26 |         return __x>>24 | __x>>8&0xff00 | __x<<8&0xff0000 | __x<<24;
      |                          ~~~~~~^~~~~~~
../../../third_party/musl/porting/liteos_m/kernel/include/endian.h:26:48: warning: suggest parentheses around arithmetic in operand of '|' [-Wparentheses]
   26 |         return __x>>24 | __x>>8&0xff00 | __x<<8&0xff0000 | __x<<24;
      |                                          ~~~~~~^~~~~~~~~
../../../third_party/musl/porting/liteos_m/kernel/include/endian.h: In function '__bswap64':
../../../third_party/musl/porting/liteos_m/kernel/include/endian.h:31:30: warning: suggest parentheses around '+' inside '<<' [-Wparentheses]
   31 |         return __bswap32(__x)+0ULL<<32 | __bswap32(__x>>32);
      |                ~~~~~~~~~~~~~~^~~~~
[365/849] gcc cross compiler obj/third_party/lwip/src/api/liblwip.sockets.o
In file included from ../../../kernel/liteos_m/components/net/lwip-2.1/porting/include/arch/cc.h:43,
                 from ../../../third_party/lwip/src/include/lwip/arch.h:48,
                 from ../../../third_party/lwip/src/include/lwip/debug.h:40,
                 from ../../../third_party/lwip/src/include/lwip/opt.h:52,
                 from ../../../third_party/lwip/src/api/sockets.c:40:
../../../third_party/musl/porting/liteos_m/kernel/include/endian.h: In function '__bswap32':
../../../third_party/musl/porting/liteos_m/kernel/include/endian.h:26:32: warning: suggest parentheses around arithmetic in operand of '|' [-Wparentheses]
   26 |         return __x>>24 | __x>>8&0xff00 | __x<<8&0xff0000 | __x<<24;
      |                          ~~~~~~^~~~~~~
../../../third_party/musl/porting/liteos_m/kernel/include/endian.h:26:48: warning: suggest parentheses around arithmetic in operand of '|' [-Wparentheses]
   26 |         return __x>>24 | __x>>8&0xff00 | __x<<8&0xff0000 | __x<<24;
      |                                          ~~~~~~^~~~~~~~~
../../../third_party/musl/porting/liteos_m/kernel/include/endian.h: In function '__bswap64':
../../../third_party/musl/porting/liteos_m/kernel/include/endian.h:31:30: warning: suggest parentheses around '+' inside '<<' [-Wparentheses]
   31 |         return __bswap32(__x)+0ULL<<32 | __bswap32(__x>>32);
      |                ~~~~~~~~~~~~~~^~~~~
[366/849] gcc cross compiler obj/third_party/lwip/src/netif/ppp/liblwip.pppol2tp.o
In file included from ../../../kernel/liteos_m/components/net/lwip-2.1/porting/include/arch/cc.h:43,
                 from ../../../third_party/lwip/src/include/lwip/arch.h:48,
                 from ../../../third_party/lwip/src/include/lwip/debug.h:40,
                 from ../../../third_party/lwip/src/include/lwip/opt.h:52,
                 from ../../../third_party/lwip/src/include/netif/ppp/ppp_opts.h:31,
                 from ../../../third_party/lwip/src/netif/ppp/pppol2tp.c:53:
../../../third_party/musl/porting/liteos_m/kernel/include/endian.h: In function '__bswap32':
../../../third_party/musl/porting/liteos_m/kernel/include/endian.h:26:32: warning: suggest parentheses around arithmetic in operand of '|' [-Wparentheses]
   26 |         return __x>>24 | __x>>8&0xff00 | __x<<8&0xff0000 | __x<<24;
      |                          ~~~~~~^~~~~~~
../../../third_party/musl/porting/liteos_m/kernel/include/endian.h:26:48: warning: suggest parentheses around arithmetic in operand of '|' [-Wparentheses]
   26 |         return __x>>24 | __x>>8&0xff00 | __x<<8&0xff0000 | __x<<24;
      |                                          ~~~~~~^~~~~~~~~
../../../third_party/musl/porting/liteos_m/kernel/include/endian.h: In function '__bswap64':
../../../third_party/musl/porting/liteos_m/kernel/include/endian.h:31:30: warning: suggest parentheses around '+' inside '<<' [-Wparentheses]
   31 |         return __bswap32(__x)+0ULL<<32 | __bswap32(__x>>32);
      |                ~~~~~~~~~~~~~~^~~~~
[367/849] gcc cross compiler obj/third_party/lwip/src/netif/ppp/liblwip.upap.o
In file included from ../../../kernel/liteos_m/components/net/lwip-2.1/porting/include/arch/cc.h:43,
                 from ../../../third_party/lwip/src/include/lwip/arch.h:48,
                 from ../../../third_party/lwip/src/include/lwip/debug.h:40,
                 from ../../../third_party/lwip/src/include/lwip/opt.h:52,
                 from ../../../third_party/lwip/src/include/netif/ppp/ppp_opts.h:31,
                 from ../../../third_party/lwip/src/netif/ppp/upap.c:43:
../../../third_party/musl/porting/liteos_m/kernel/include/endian.h: In function '__bswap32':
../../../third_party/musl/porting/liteos_m/kernel/include/endian.h:26:32: warning: suggest parentheses around arithmetic in operand of '|' [-Wparentheses]
   26 |         return __x>>24 | __x>>8&0xff00 | __x<<8&0xff0000 | __x<<24;
      |                          ~~~~~~^~~~~~~
../../../third_party/musl/porting/liteos_m/kernel/include/endian.h:26:48: warning: suggest parentheses around arithmetic in operand of '|' [-Wparentheses]
   26 |         return __x>>24 | __x>>8&0xff00 | __x<<8&0xff0000 | __x<<24;
      |                                          ~~~~~~^~~~~~~~~
../../../third_party/musl/porting/liteos_m/kernel/include/endian.h: In function '__bswap64':
../../../third_party/musl/porting/liteos_m/kernel/include/endian.h:31:30: warning: suggest parentheses around '+' inside '<<' [-Wparentheses]
   31 |         return __bswap32(__x)+0ULL<<32 | __bswap32(__x>>32);
      |                ~~~~~~~~~~~~~~^~~~~
[368/849] gcc cross compiler obj/third_party/lwip/src/netif/ppp/liblwip.vj.o
In file included from ../../../kernel/liteos_m/components/net/lwip-2.1/porting/include/arch/cc.h:43,
                 from ../../../third_party/lwip/src/include/lwip/arch.h:48,
                 from ../../../third_party/lwip/src/include/lwip/debug.h:40,
                 from ../../../third_party/lwip/src/include/lwip/opt.h:52,
                 from ../../../third_party/lwip/src/include/netif/ppp/ppp_opts.h:31,
                 from ../../../third_party/lwip/src/netif/ppp/vj.c:31:
../../../third_party/musl/porting/liteos_m/kernel/include/endian.h: In function '__bswap32':
../../../third_party/musl/porting/liteos_m/kernel/include/endian.h:26:32: warning: suggest parentheses around arithmetic in operand of '|' [-Wparentheses]
   26 |         return __x>>24 | __x>>8&0xff00 | __x<<8&0xff0000 | __x<<24;
      |                          ~~~~~~^~~~~~~
../../../third_party/musl/porting/liteos_m/kernel/include/endian.h:26:48: warning: suggest parentheses around arithmetic in operand of '|' [-Wparentheses]
   26 |         return __x>>24 | __x>>8&0xff00 | __x<<8&0xff0000 | __x<<24;
      |                                          ~~~~~~^~~~~~~~~
../../../third_party/musl/porting/liteos_m/kernel/include/endian.h: In function '__bswap64':
../../../third_party/musl/porting/liteos_m/kernel/include/endian.h:31:30: warning: suggest parentheses around '+' inside '<<' [-Wparentheses]
   31 |         return __bswap32(__x)+0ULL<<32 | __bswap32(__x>>32);
      |                ~~~~~~~~~~~~~~^~~~~
[369/849] gcc cross compiler obj/third_party/lwip/src/netif/ppp/liblwip.utils.o
In file included from ../../../kernel/liteos_m/components/net/lwip-2.1/porting/include/arch/cc.h:43,
                 from ../../../third_party/lwip/src/include/lwip/arch.h:48,
                 from ../../../third_party/lwip/src/include/lwip/debug.h:40,
                 from ../../../third_party/lwip/src/include/lwip/opt.h:52,
                 from ../../../third_party/lwip/src/include/netif/ppp/ppp_opts.h:31,
                 from ../../../third_party/lwip/src/netif/ppp/utils.c:31:
../../../third_party/musl/porting/liteos_m/kernel/include/endian.h: In function '__bswap32':
../../../third_party/musl/porting/liteos_m/kernel/include/endian.h:26:32: warning: suggest parentheses around arithmetic in operand of '|' [-Wparentheses]
   26 |         return __x>>24 | __x>>8&0xff00 | __x<<8&0xff0000 | __x<<24;
      |                          ~~~~~~^~~~~~~
../../../third_party/musl/porting/liteos_m/kernel/include/endian.h:26:48: warning: suggest parentheses around arithmetic in operand of '|' [-Wparentheses]
   26 |         return __x>>24 | __x>>8&0xff00 | __x<<8&0xff0000 | __x<<24;
      |                                          ~~~~~~^~~~~~~~~
../../../third_party/musl/porting/liteos_m/kernel/include/endian.h: In function '__bswap64':
../../../third_party/musl/porting/liteos_m/kernel/include/endian.h:31:30: warning: suggest parentheses around '+' inside '<<' [-Wparentheses]
   31 |         return __bswap32(__x)+0ULL<<32 | __bswap32(__x>>32);
      |                ~~~~~~~~~~~~~~^~~~~
[370/849] gcc cross compiler obj/third_party/lwip/src/netif/ppp/polarssl/liblwip.arc4.o
In file included from ../../../kernel/liteos_m/components/net/lwip-2.1/porting/include/arch/cc.h:43,
                 from ../../../third_party/lwip/src/include/lwip/arch.h:48,
                 from ../../../third_party/lwip/src/include/lwip/debug.h:40,
                 from ../../../third_party/lwip/src/include/lwip/opt.h:52,
                 from ../../../third_party/lwip/src/include/netif/ppp/ppp_opts.h:31,
                 from ../../../third_party/lwip/src/netif/ppp/polarssl/arc4.c:41:
../../../third_party/musl/porting/liteos_m/kernel/include/endian.h: In function '__bswap32':
../../../third_party/musl/porting/liteos_m/kernel/include/endian.h:26:32: warning: suggest parentheses around arithmetic in operand of '|' [-Wparentheses]
   26 |         return __x>>24 | __x>>8&0xff00 | __x<<8&0xff0000 | __x<<24;
      |                          ~~~~~~^~~~~~~
../../../third_party/musl/porting/liteos_m/kernel/include/endian.h:26:48: warning: suggest parentheses around arithmetic in operand of '|' [-Wparentheses]
   26 |         return __x>>24 | __x>>8&0xff00 | __x<<8&0xff0000 | __x<<24;
      |                                          ~~~~~~^~~~~~~~~
../../../third_party/musl/porting/liteos_m/kernel/include/endian.h: In function '__bswap64':
../../../third_party/musl/porting/liteos_m/kernel/include/endian.h:31:30: warning: suggest parentheses around '+' inside '<<' [-Wparentheses]
   31 |         return __bswap32(__x)+0ULL<<32 | __bswap32(__x>>32);
      |                ~~~~~~~~~~~~~~^~~~~
[371/849] gcc cross compiler obj/third_party/lwip/src/netif/ppp/polarssl/liblwip.des.o
In file included from ../../../kernel/liteos_m/components/net/lwip-2.1/porting/include/arch/cc.h:43,
                 from ../../../third_party/lwip/src/include/lwip/arch.h:48,
                 from ../../../third_party/lwip/src/include/lwip/debug.h:40,
                 from ../../../third_party/lwip/src/include/lwip/opt.h:52,
                 from ../../../third_party/lwip/src/include/netif/ppp/ppp_opts.h:31,
                 from ../../../third_party/lwip/src/netif/ppp/polarssl/des.c:42:
../../../third_party/musl/porting/liteos_m/kernel/include/endian.h: In function '__bswap32':
../../../third_party/musl/porting/liteos_m/kernel/include/endian.h:26:32: warning: suggest parentheses around arithmetic in operand of '|' [-Wparentheses]
   26 |         return __x>>24 | __x>>8&0xff00 | __x<<8&0xff0000 | __x<<24;
      |                          ~~~~~~^~~~~~~
../../../third_party/musl/porting/liteos_m/kernel/include/endian.h:26:48: warning: suggest parentheses around arithmetic in operand of '|' [-Wparentheses]
   26 |         return __x>>24 | __x>>8&0xff00 | __x<<8&0xff0000 | __x<<24;
      |                                          ~~~~~~^~~~~~~~~
../../../third_party/musl/porting/liteos_m/kernel/include/endian.h: In function '__bswap64':
../../../third_party/musl/porting/liteos_m/kernel/include/endian.h:31:30: warning: suggest parentheses around '+' inside '<<' [-Wparentheses]
   31 |         return __bswap32(__x)+0ULL<<32 | __bswap32(__x>>32);
      |                ~~~~~~~~~~~~~~^~~~~
[372/849] gcc cross compiler obj/third_party/lwip/src/netif/ppp/polarssl/liblwip.md4.o
In file included from ../../../kernel/liteos_m/components/net/lwip-2.1/porting/include/arch/cc.h:43,
                 from ../../../third_party/lwip/src/include/lwip/arch.h:48,
                 from ../../../third_party/lwip/src/include/lwip/debug.h:40,
                 from ../../../third_party/lwip/src/include/lwip/opt.h:52,
                 from ../../../third_party/lwip/src/include/netif/ppp/ppp_opts.h:31,
                 from ../../../third_party/lwip/src/netif/ppp/polarssl/md4.c:42:
../../../third_party/musl/porting/liteos_m/kernel/include/endian.h: In function '__bswap32':
../../../third_party/musl/porting/liteos_m/kernel/include/endian.h:26:32: warning: suggest parentheses around arithmetic in operand of '|' [-Wparentheses]
   26 |         return __x>>24 | __x>>8&0xff00 | __x<<8&0xff0000 | __x<<24;
      |                          ~~~~~~^~~~~~~
../../../third_party/musl/porting/liteos_m/kernel/include/endian.h:26:48: warning: suggest parentheses around arithmetic in operand of '|' [-Wparentheses]
   26 |         return __x>>24 | __x>>8&0xff00 | __x<<8&0xff0000 | __x<<24;
      |                                          ~~~~~~^~~~~~~~~
../../../third_party/musl/porting/liteos_m/kernel/include/endian.h: In function '__bswap64':
../../../third_party/musl/porting/liteos_m/kernel/include/endian.h:31:30: warning: suggest parentheses around '+' inside '<<' [-Wparentheses]
   31 |         return __bswap32(__x)+0ULL<<32 | __bswap32(__x>>32);
      |                ~~~~~~~~~~~~~~^~~~~
[373/849] gcc cross compiler obj/third_party/lwip/src/netif/ppp/polarssl/liblwip.md5.o
In file included from ../../../kernel/liteos_m/components/net/lwip-2.1/porting/include/arch/cc.h:43,
                 from ../../../third_party/lwip/src/include/lwip/arch.h:48,
                 from ../../../third_party/lwip/src/include/lwip/debug.h:40,
                 from ../../../third_party/lwip/src/include/lwip/opt.h:52,
                 from ../../../third_party/lwip/src/include/netif/ppp/ppp_opts.h:31,
                 from ../../../third_party/lwip/src/netif/ppp/polarssl/md5.c:41:
../../../third_party/musl/porting/liteos_m/kernel/include/endian.h: In function '__bswap32':
../../../third_party/musl/porting/liteos_m/kernel/include/endian.h:26:32: warning: suggest parentheses around arithmetic in operand of '|' [-Wparentheses]
   26 |         return __x>>24 | __x>>8&0xff00 | __x<<8&0xff0000 | __x<<24;
      |                          ~~~~~~^~~~~~~
../../../third_party/musl/porting/liteos_m/kernel/include/endian.h:26:48: warning: suggest parentheses around arithmetic in operand of '|' [-Wparentheses]
   26 |         return __x>>24 | __x>>8&0xff00 | __x<<8&0xff0000 | __x<<24;
      |                                          ~~~~~~^~~~~~~~~
../../../third_party/musl/porting/liteos_m/kernel/include/endian.h: In function '__bswap64':
../../../third_party/musl/porting/liteos_m/kernel/include/endian.h:31:30: warning: suggest parentheses around '+' inside '<<' [-Wparentheses]
   31 |         return __bswap32(__x)+0ULL<<32 | __bswap32(__x>>32);
      |                ~~~~~~~~~~~~~~^~~~~
[374/849] gcc cross compiler obj/third_party/lwip/src/netif/ppp/polarssl/liblwip.sha1.o
In file included from ../../../kernel/liteos_m/components/net/lwip-2.1/porting/include/arch/cc.h:43,
                 from ../../../third_party/lwip/src/include/lwip/arch.h:48,
                 from ../../../third_party/lwip/src/include/lwip/debug.h:40,
                 from ../../../third_party/lwip/src/include/lwip/opt.h:52,
                 from ../../../third_party/lwip/src/include/netif/ppp/ppp_opts.h:31,
                 from ../../../third_party/lwip/src/netif/ppp/polarssl/sha1.c:41:
../../../third_party/musl/porting/liteos_m/kernel/include/endian.h: In function '__bswap32':
../../../third_party/musl/porting/liteos_m/kernel/include/endian.h:26:32: warning: suggest parentheses around arithmetic in operand of '|' [-Wparentheses]
   26 |         return __x>>24 | __x>>8&0xff00 | __x<<8&0xff0000 | __x<<24;
      |                          ~~~~~~^~~~~~~
../../../third_party/musl/porting/liteos_m/kernel/include/endian.h:26:48: warning: suggest parentheses around arithmetic in operand of '|' [-Wparentheses]
   26 |         return __x>>24 | __x>>8&0xff00 | __x<<8&0xff0000 | __x<<24;
      |                                          ~~~~~~^~~~~~~~~
../../../third_party/musl/porting/liteos_m/kernel/include/endian.h: In function '__bswap64':
../../../third_party/musl/porting/liteos_m/kernel/include/endian.h:31:30: warning: suggest parentheses around '+' inside '<<' [-Wparentheses]
   31 |         return __bswap32(__x)+0ULL<<32 | __bswap32(__x>>32);
      |                ~~~~~~~~~~~~~~^~~~~
[375/849] gcc cross compiler obj/third_party/lwip/src/netif/liblwip.lowpan6_ble.o
In file included from ../../../kernel/liteos_m/components/net/lwip-2.1/porting/include/arch/cc.h:43,
                 from ../../../third_party/lwip/src/include/lwip/arch.h:48,
                 from ../../../third_party/lwip/src/include/lwip/debug.h:40,
                 from ../../../third_party/lwip/src/include/lwip/opt.h:52,
                 from ../../../third_party/lwip/src/include/netif/lowpan6_opts.h:44,
                 from ../../../third_party/lwip/src/include/netif/lowpan6_ble.h:42,
                 from ../../../third_party/lwip/src/netif/lowpan6_ble.c:69:
../../../third_party/musl/porting/liteos_m/kernel/include/endian.h: In function '__bswap32':
../../../third_party/musl/porting/liteos_m/kernel/include/endian.h:26:32: warning: suggest parentheses around arithmetic in operand of '|' [-Wparentheses]
   26 |         return __x>>24 | __x>>8&0xff00 | __x<<8&0xff0000 | __x<<24;
      |                          ~~~~~~^~~~~~~
../../../third_party/musl/porting/liteos_m/kernel/include/endian.h:26:48: warning: suggest parentheses around arithmetic in operand of '|' [-Wparentheses]
   26 |         return __x>>24 | __x>>8&0xff00 | __x<<8&0xff0000 | __x<<24;
      |                                          ~~~~~~^~~~~~~~~
../../../third_party/musl/porting/liteos_m/kernel/include/endian.h: In function '__bswap64':
../../../third_party/musl/porting/liteos_m/kernel/include/endian.h:31:30: warning: suggest parentheses around '+' inside '<<' [-Wparentheses]
   31 |         return __bswap32(__x)+0ULL<<32 | __bswap32(__x>>32);
      |                ~~~~~~~~~~~~~~^~~~~
[376/849] gcc cross compiler obj/third_party/lwip/src/netif/liblwip.lowpan6_common.o
In file included from ../../../kernel/liteos_m/components/net/lwip-2.1/porting/include/arch/cc.h:43,
                 from ../../../third_party/lwip/src/include/lwip/arch.h:48,
                 from ../../../third_party/lwip/src/include/lwip/debug.h:40,
                 from ../../../third_party/lwip/src/include/lwip/opt.h:52,
                 from ../../../third_party/lwip/src/include/netif/lowpan6_opts.h:44,
                 from ../../../third_party/lwip/src/include/netif/lowpan6_common.h:45,
                 from ../../../third_party/lwip/src/netif/lowpan6_common.c:51:
../../../third_party/musl/porting/liteos_m/kernel/include/endian.h: In function '__bswap32':
../../../third_party/musl/porting/liteos_m/kernel/include/endian.h:26:32: warning: suggest parentheses around arithmetic in operand of '|' [-Wparentheses]
   26 |         return __x>>24 | __x>>8&0xff00 | __x<<8&0xff0000 | __x<<24;
      |                          ~~~~~~^~~~~~~
../../../third_party/musl/porting/liteos_m/kernel/include/endian.h:26:48: warning: suggest parentheses around arithmetic in operand of '|' [-Wparentheses]
   26 |         return __x>>24 | __x>>8&0xff00 | __x<<8&0xff0000 | __x<<24;
      |                                          ~~~~~~^~~~~~~~~
../../../third_party/musl/porting/liteos_m/kernel/include/endian.h: In function '__bswap64':
../../../third_party/musl/porting/liteos_m/kernel/include/endian.h:31:30: warning: suggest parentheses around '+' inside '<<' [-Wparentheses]
   31 |         return __bswap32(__x)+0ULL<<32 | __bswap32(__x>>32);
      |                ~~~~~~~~~~~~~~^~~~~
[377/849] gcc cross compiler obj/third_party/lwip/src/netif/liblwip.lowpan6.o
In file included from ../../../kernel/liteos_m/components/net/lwip-2.1/porting/include/arch/cc.h:43,
                 from ../../../third_party/lwip/src/include/lwip/arch.h:48,
                 from ../../../third_party/lwip/src/include/lwip/debug.h:40,
                 from ../../../third_party/lwip/src/include/lwip/opt.h:52,
                 from ../../../third_party/lwip/src/include/netif/lowpan6_opts.h:44,
                 from ../../../third_party/lwip/src/include/netif/lowpan6.h:45,
                 from ../../../third_party/lwip/src/netif/lowpan6.c:51:
../../../third_party/musl/porting/liteos_m/kernel/include/endian.h: In function '__bswap32':
../../../third_party/musl/porting/liteos_m/kernel/include/endian.h:26:32: warning: suggest parentheses around arithmetic in operand of '|' [-Wparentheses]
   26 |         return __x>>24 | __x>>8&0xff00 | __x<<8&0xff0000 | __x<<24;
      |                          ~~~~~~^~~~~~~
../../../third_party/musl/porting/liteos_m/kernel/include/endian.h:26:48: warning: suggest parentheses around arithmetic in operand of '|' [-Wparentheses]
   26 |         return __x>>24 | __x>>8&0xff00 | __x<<8&0xff0000 | __x<<24;
      |                                          ~~~~~~^~~~~~~~~
../../../third_party/musl/porting/liteos_m/kernel/include/endian.h: In function '__bswap64':
../../../third_party/musl/porting/liteos_m/kernel/include/endian.h:31:30: warning: suggest parentheses around '+' inside '<<' [-Wparentheses]
   31 |         return __bswap32(__x)+0ULL<<32 | __bswap32(__x>>32);
      |                ~~~~~~~~~~~~~~^~~~~
[378/849] gcc cross compiler obj/third_party/lwip/src/netif/liblwip.zepif.o
In file included from ../../../kernel/liteos_m/components/net/lwip-2.1/porting/include/arch/cc.h:43,
                 from ../../../third_party/lwip/src/include/lwip/arch.h:48,
                 from ../../../third_party/lwip/src/include/lwip/debug.h:40,
                 from ../../../third_party/lwip/src/include/lwip/opt.h:52,
                 from ../../../third_party/lwip/src/include/netif/zepif.h:43,
                 from ../../../third_party/lwip/src/netif/zepif.c:50:
../../../third_party/musl/porting/liteos_m/kernel/include/endian.h: In function '__bswap32':
../../../third_party/musl/porting/liteos_m/kernel/include/endian.h:26:32: warning: suggest parentheses around arithmetic in operand of '|' [-Wparentheses]
   26 |         return __x>>24 | __x>>8&0xff00 | __x<<8&0xff0000 | __x<<24;
      |                          ~~~~~~^~~~~~~
../../../third_party/musl/porting/liteos_m/kernel/include/endian.h:26:48: warning: suggest parentheses around arithmetic in operand of '|' [-Wparentheses]
   26 |         return __x>>24 | __x>>8&0xff00 | __x<<8&0xff0000 | __x<<24;
      |                                          ~~~~~~^~~~~~~~~
../../../third_party/musl/porting/liteos_m/kernel/include/endian.h: In function '__bswap64':
../../../third_party/musl/porting/liteos_m/kernel/include/endian.h:31:30: warning: suggest parentheses around '+' inside '<<' [-Wparentheses]
   31 |         return __bswap32(__x)+0ULL<<32 | __bswap32(__x>>32);
      |                ~~~~~~~~~~~~~~^~~~~
[379/849] gcc cross compiler obj/kernel/liteos_m/kal/posix/src/libposix.pthread_attr.o
[380/849] gcc cross compiler obj/kernel/liteos_m/kal/posix/src/libposix.pthread.o
[381/849] gcc cross compiler obj/kernel/liteos_m/kal/posix/src/libposix.pthread_cond.o
[382/849] gcc cross compiler obj/kernel/liteos_m/kal/posix/src/libposix.mqueue.o
In file included from ../../../kernel/liteos_m/kal/posix/src/mqueue.c:32:
../../../kernel/liteos_m/kal/posix/src/mqueue_impl.h:35: warning: "_GNU_SOURCE" redefined
   35 | #define _GNU_SOURCE
      | 
<command-line>: note: this is the location of the previous definition
[383/849] gcc cross compiler obj/kernel/liteos_m/components/shell/src/base/libshell.shcmdparse.o
[384/849] gcc cross compiler obj/kernel/liteos_m/components/shell/src/base/libshell.shcmd.o
[385/849] gcc cross compiler obj/kernel/liteos_m/components/shell/src/base/libshell.show.o
../../../kernel/liteos_m/components/shell/src/base/show.c: In function 'OsShellCmdInit':
../../../kernel/liteos_m/components/shell/src/base/show.c:41:18: warning: implicit declaration of function 'OsCmdInit' [-Wimplicit-function-declaration]
   41 |     UINT32 ret = OsCmdInit();
      |                  ^~~~~~~~~
[386/849] gcc cross compiler obj/kernel/liteos_m/kal/cmsis/libcmsis.cmsis_liteos2.o
In file included from ../../../kernel/liteos_m/kernel/include/los_membox.h:41,
                 from ../../../kernel/liteos_m/kal/cmsis/cmsis_liteos2.c:35:
../../../kernel/liteos_m/kal/cmsis/cmsis_liteos2.c: In function 'osKernelGetInfo':
../../../kernel/liteos_m/kal/cmsis/cmsis_liteos2.c:115:23: warning: format '%u' expects argument of type 'unsigned int', but argument 4 has type 'uint32_t' {aka 'long unsigned int'} [-Wformat=]
  115 |             PRINT_ERR("%s[%d] memcpy failed, error type = %u\n", __FUNCTION__, __LINE__, uwRet);
      |                       ^~~~~~~~~~~~~~~~~~~~~~~~~~~~~~~~~~~~~~~~~                          ~~~~~
      |                                                                                          |
      |                                                                                          uint32_t {aka long unsigned int}
../../../kernel/liteos_m/utils/los_debug.h:136:16: note: in definition of macro 'LOS_Printf'
  136 |         printf(fmt, ##args);                         \
      |                ^~~
../../../kernel/liteos_m/kal/cmsis/cmsis_liteos2.c:115:13: note: in expansion of macro 'PRINT_ERR'
  115 |             PRINT_ERR("%s[%d] memcpy failed, error type = %u\n", __FUNCTION__, __LINE__, uwRet);
      |             ^~~~~~~~~
../../../kernel/liteos_m/kal/cmsis/cmsis_liteos2.c:115:60: note: format string is defined here
  115 |             PRINT_ERR("%s[%d] memcpy failed, error type = %u\n", __FUNCTION__, __LINE__, uwRet);
      |                                                           ~^
      |                                                            |
      |                                                            unsigned int
      |                                                           %lu
[387/849] gcc cross compiler obj/kernel/liteos_m/components/shell/src/base/libshell.shmsg.o
../../../kernel/liteos_m/components/shell/src/base/shmsg.c: In function 'LosShellInit':
../../../kernel/liteos_m/components/shell/src/base/shmsg.c:271:21: warning: unused variable 'taskID2' [-Wunused-variable]
  271 |     UINT32 taskID1, taskID2;
      |                     ^~~~~~~
[388/849] gcc cross compiler obj/kernel/liteos_m/kal/posix/src/libposix.semaphore.o
[389/849] gcc cross compiler obj/kernel/liteos_m/kal/posix/src/libposix.pthread_mutex.o
[390/849] gcc cross compiler obj/kernel/liteos_m/utils/libutils.los_debug.o
[391/849] gcc cross compiler obj/kernel/liteos_m/components/power/libpm.los_pm.o
In file included from ../../../kernel/liteos_m/kernel/include/los_memory.h:42,
                 from ../../../kernel/liteos_m/components/power/los_pm.c:36:
../../../kernel/liteos_m/components/power/los_pm.c: In function 'LOS_PmReadLock':
../../../kernel/liteos_m/components/power/los_pm.c:743:19: warning: format '%s' expects argument of type 'char *', but argument 2 has type 'UINT32' {aka 'unsigned int'} [-Wformat=]
  743 |         PRINT_ERR("%s event read failed! ERROR: 0x%x\n", ret);
      |                   ^~~~~~~~~~~~~~~~~~~~~~~~~~~~~~~~~~~~~  ~~~
      |                                                          |
      |                                                          UINT32 {aka unsigned int}
../../../kernel/liteos_m/utils/los_debug.h:136:16: note: in definition of macro 'LOS_Printf'
  136 |         printf(fmt, ##args);                         \
      |                ^~~
../../../kernel/liteos_m/components/power/los_pm.c:743:9: note: in expansion of macro 'PRINT_ERR'
  743 |         PRINT_ERR("%s event read failed! ERROR: 0x%x\n", ret);
      |         ^~~~~~~~~
../../../kernel/liteos_m/components/power/los_pm.c:743:21: note: format string is defined here
  743 |         PRINT_ERR("%s event read failed! ERROR: 0x%x\n", ret);
      |                    ~^
      |                     |
      |                     char *
      |                    %d
../../../kernel/liteos_m/components/power/los_pm.c:743:19: warning: format '%x' expects a matching 'unsigned int' argument [-Wformat=]
  743 |         PRINT_ERR("%s event read failed! ERROR: 0x%x\n", ret);
      |                   ^~~~~~~~~~~~~~~~~~~~~~~~~~~~~~~~~~~~~
../../../kernel/liteos_m/utils/los_debug.h:136:16: note: in definition of macro 'LOS_Printf'
  136 |         printf(fmt, ##args);                         \
      |                ^~~
../../../kernel/liteos_m/components/power/los_pm.c:743:9: note: in expansion of macro 'PRINT_ERR'
  743 |         PRINT_ERR("%s event read failed! ERROR: 0x%x\n", ret);
      |         ^~~~~~~~~
../../../kernel/liteos_m/components/power/los_pm.c:743:52: note: format string is defined here
  743 |         PRINT_ERR("%s event read failed! ERROR: 0x%x\n", ret);
      |                                                   ~^
      |                                                    |
      |                                                    unsigned int
[392/849] gcc cross compiler obj/kernel/liteos_m/utils/libutils.los_error.o
[393/849] gcc cross compiler obj/kernel/liteos_m/kernel/src/libkernel.los_init.o
[394/849] gcc cross compiler obj/kernel/liteos_m/kernel/src/libkernel.los_mux.o
[395/849] gcc cross compiler obj/kernel/liteos_m/kernel/src/libkernel.los_event.o
[396/849] gcc cross compiler obj/kernel/liteos_m/kal/posix/src/libposix.time.o
../../../kernel/liteos_m/kal/posix/src/time.c:32: warning: "_GNU_SOURCE" redefined
   32 | #define _GNU_SOURCE
      | 
<command-line>: note: this is the location of the previous definition
[397/849] gcc cross compiler obj/kernel/liteos_m/kernel/src/mm/libkernel.los_membox.o
[398/849] gcc cross compiler obj/kernel/liteos_m/kernel/arch/arm/cortex-m4/gcc/libarch.los_context.o
[399/849] gcc cross compiler obj/kernel/liteos_m/kernel/src/libkernel.los_queue.o
[400/849] gcc cross compiler obj/kernel/liteos_m/kernel/arch/arm/cortex-m4/gcc/libarch.los_dispatch.o
[401/849] gcc cross compiler obj/kernel/liteos_m/kernel/arch/arm/cortex-m4/gcc/libarch.los_exc.o
[402/849] gcc cross compiler obj/kernel/liteos_m/kernel/arch/arm/cortex-m4/gcc/libarch.los_mpu.o
[403/849] gcc cross compiler obj/kernel/liteos_m/kernel/arch/arm/cortex-m4/gcc/libarch.los_interrupt.o
../../../kernel/liteos_m/kernel/arch/arm/cortex-m4/gcc/los_interrupt.c: In function 'HalHwiCreate':
../../../kernel/liteos_m/kernel/arch/arm/cortex-m4/gcc/los_interrupt.c:233:34: warning: passing argument 3 of 'OsSetVector' makes pointer from integer without a cast [-Wint-conversion]
  233 |     OsSetVector(hwiNum, handler, arg);
      |                                  ^~~
      |                                  |
      |                                  HWI_ARG_T {aka unsigned int}
../../../kernel/liteos_m/kernel/arch/arm/cortex-m4/gcc/los_interrupt.c:76:58: note: expected 'void *' but argument is of type 'HWI_ARG_T' {aka 'unsigned int'}
   76 | VOID OsSetVector(UINT32 num, HWI_PROC_FUNC vector, VOID *arg)
../../../kernel/liteos_m/kernel/arch/arm/cortex-m4/gcc/los_interrupt.c: In function 'HalHwiInit':
../../../kernel/liteos_m/kernel/arch/arm/cortex-m4/gcc/los_interrupt.c:510:18: warning: assignment to 'HWI_PROC_FUNC' {aka 'void (*)(void *)'} from incompatible pointer type 'void (*)(void)' [-Wincompatible-pointer-types]
  510 |     g_hwiForm[1] = Reset_Handler; /* [1] reset */
      |                  ^
../../../kernel/liteos_m/kernel/arch/arm/cortex-m4/gcc/los_interrupt.c:515:58: warning: assignment to 'HWI_PROC_FUNC' {aka 'void (*)(void *)'} from incompatible pointer type 'void (*)(void)' [-Wincompatible-pointer-types]
  515 |     g_hwiForm[NonMaskableInt_IRQn + OS_SYS_VECTOR_CNT]   = HalExcNMI;
      |                                                          ^
../../../kernel/liteos_m/kernel/arch/arm/cortex-m4/gcc/los_interrupt.c:516:58: warning: assignment to 'HWI_PROC_FUNC' {aka 'void (*)(void *)'} from incompatible pointer type 'void (*)(void)' [-Wincompatible-pointer-types]
  516 |     g_hwiForm[HARDFAULT_IRQN + OS_SYS_VECTOR_CNT]        = HalExcHardFault;
      |                                                          ^
../../../kernel/liteos_m/kernel/arch/arm/cortex-m4/gcc/los_interrupt.c:517:58: warning: assignment to 'HWI_PROC_FUNC' {aka 'void (*)(void *)'} from incompatible pointer type 'void (*)(void)' [-Wincompatible-pointer-types]
  517 |     g_hwiForm[MemoryManagement_IRQn + OS_SYS_VECTOR_CNT] = HalExcMemFault;
      |                                                          ^
../../../kernel/liteos_m/kernel/arch/arm/cortex-m4/gcc/los_interrupt.c:518:58: warning: assignment to 'HWI_PROC_FUNC' {aka 'void (*)(void *)'} from incompatible pointer type 'void (*)(void)' [-Wincompatible-pointer-types]
  518 |     g_hwiForm[BusFault_IRQn + OS_SYS_VECTOR_CNT]         = HalExcBusFault;
      |                                                          ^
../../../kernel/liteos_m/kernel/arch/arm/cortex-m4/gcc/los_interrupt.c:519:58: warning: assignment to 'HWI_PROC_FUNC' {aka 'void (*)(void *)'} from incompatible pointer type 'void (*)(void)' [-Wincompatible-pointer-types]
  519 |     g_hwiForm[UsageFault_IRQn + OS_SYS_VECTOR_CNT]       = HalExcUsageFault;
      |                                                          ^
../../../kernel/liteos_m/kernel/arch/arm/cortex-m4/gcc/los_interrupt.c:520:58: warning: assignment to 'HWI_PROC_FUNC' {aka 'void (*)(void *)'} from incompatible pointer type 'void (*)(void)' [-Wincompatible-pointer-types]
  520 |     g_hwiForm[SVCall_IRQn + OS_SYS_VECTOR_CNT]           = HalExcSvcCall;
      |                                                          ^
../../../kernel/liteos_m/kernel/arch/arm/cortex-m4/gcc/los_interrupt.c:521:58: warning: assignment to 'HWI_PROC_FUNC' {aka 'void (*)(void *)'} from incompatible pointer type 'void (*)(void)' [-Wincompatible-pointer-types]
  521 |     g_hwiForm[PendSV_IRQn + OS_SYS_VECTOR_CNT]           = HalPendSV;
      |                                                          ^
../../../kernel/liteos_m/kernel/arch/arm/cortex-m4/gcc/los_interrupt.c:522:58: warning: assignment to 'HWI_PROC_FUNC' {aka 'void (*)(void *)'} from incompatible pointer type 'void (*)(void)' [-Wincompatible-pointer-types]
  522 |     g_hwiForm[SysTick_IRQn + OS_SYS_VECTOR_CNT]          = SysTick_Handler;
      |                                                          ^
[404/849] gcc cross compiler obj/kernel/liteos_m/kernel/arch/arm/cortex-m4/gcc/libarch.los_timer.o
[405/849] STAMP obj/prebuilts/lite/sysroot/sysroot.stamp
[406/849] STAMP obj/build/lite/prebuilts.stamp
[407/849] STAMP obj/applications/sample/wifi-iot/app/startup/startup.stamp
[408/849] STAMP obj/applications/sample/wifi-iot/app/app.stamp
[409/849] AR libs/libblackbox.a
[410/849] AR libs/libhidumper_mini.a
[411/849] gcc cross compiler obj/kernel/liteos_m/utils/libutils.los_hook.o
[412/849] AR libs/libhiview_lite.a
[413/849] gcc cross compiler obj/kernel/liteos_m/kernel/src/mm/libkernel.los_memory.o
In file included from ../../../kernel/liteos_m/kernel/include/los_memory.h:42,
                 from ../../../kernel/liteos_m/kernel/src/mm/los_memory.c:32:
../../../kernel/liteos_m/kernel/src/mm/los_memory.c: In function 'OsMemIntegrityCheckError':
../../../kernel/liteos_m/kernel/src/mm/los_memory.c:1791:15: warning: format '%x' expects argument of type 'unsigned int', but argument 2 has type 'const struct OsMemNodeHead *' [-Wformat=]
 1791 |     PRINT_ERR("cur node: 0x%x, pre node: 0x%x, pre node was allocated by task: %d, %s\n",
      |               ^~~~~~~~~~~~~~~~~~~~~~~~~~~~~~~~~~~~~~~~~~~~~~~~~~~~~~~~~~~~~~~~~~~~~~~~~~
 1792 |               tmpNode, preNode, taskCB->taskID, taskCB->taskName);
      |               ~~~~~~~
      |               |
      |               const struct OsMemNodeHead *
../../../kernel/liteos_m/utils/los_debug.h:136:16: note: in definition of macro 'LOS_Printf'
  136 |         printf(fmt, ##args);                         \
      |                ^~~
../../../kernel/liteos_m/kernel/src/mm/los_memory.c:1791:5: note: in expansion of macro 'PRINT_ERR'
 1791 |     PRINT_ERR("cur node: 0x%x, pre node: 0x%x, pre node was allocated by task: %d, %s\n",
      |     ^~~~~~~~~
../../../kernel/liteos_m/kernel/src/mm/los_memory.c:1791:29: note: format string is defined here
 1791 |     PRINT_ERR("cur node: 0x%x, pre node: 0x%x, pre node was allocated by task: %d, %s\n",
      |                            ~^
      |                             |
      |                             unsigned int
../../../kernel/liteos_m/kernel/src/mm/los_memory.c:1791:15: warning: format '%x' expects argument of type 'unsigned int', but argument 3 has type 'const struct OsMemNodeHead *' [-Wformat=]
 1791 |     PRINT_ERR("cur node: 0x%x, pre node: 0x%x, pre node was allocated by task: %d, %s\n",
      |               ^~~~~~~~~~~~~~~~~~~~~~~~~~~~~~~~~~~~~~~~~~~~~~~~~~~~~~~~~~~~~~~~~~~~~~~~~~
 1792 |               tmpNode, preNode, taskCB->taskID, taskCB->taskName);
      |                        ~~~~~~~
      |                        |
      |                        const struct OsMemNodeHead *
../../../kernel/liteos_m/utils/los_debug.h:136:16: note: in definition of macro 'LOS_Printf'
  136 |         printf(fmt, ##args);                         \
      |                ^~~
../../../kernel/liteos_m/kernel/src/mm/los_memory.c:1791:5: note: in expansion of macro 'PRINT_ERR'
 1791 |     PRINT_ERR("cur node: 0x%x, pre node: 0x%x, pre node was allocated by task: %d, %s\n",
      |     ^~~~~~~~~
../../../kernel/liteos_m/kernel/src/mm/los_memory.c:1791:45: note: format string is defined here
 1791 |     PRINT_ERR("cur node: 0x%x, pre node: 0x%x, pre node was allocated by task: %d, %s\n",
      |                                            ~^
      |                                             |
      |                                             unsigned int
../../../kernel/liteos_m/kernel/src/mm/los_memory.c: In function 'OsMemSystemInit':
../../../kernel/liteos_m/kernel/src/mm/los_memory.c:2151:18: warning: assignment to 'UINT8 *' {aka 'unsigned char *'} from incompatible pointer type 'unsigned int *' [-Wincompatible-pointer-types]
 2151 |     m_aucSysMem0 = LOSCFG_SYS_HEAP_ADDR;
      |                  ^
../../../kernel/liteos_m/kernel/src/mm/los_memory.c:2155:16: warning: format '%lx' expects argument of type 'long unsigned int', but argument 3 has type 'int' [-Wformat=]
 2155 |     PRINT_INFO("LiteOS heap memory address:%p, size:0x%lx\n", m_aucSysMem0, LOSCFG_SYS_HEAP_SIZE);
      |                ^~~~~~~~~~~~~~~~~~~~~~~~~~~~~~~~~~~~~~~~~~~~~
../../../kernel/liteos_m/utils/los_debug.h:136:16: note: in definition of macro 'LOS_Printf'
  136 |         printf(fmt, ##args);                         \
      |                ^~~
../../../kernel/liteos_m/kernel/src/mm/los_memory.c:2155:5: note: in expansion of macro 'PRINT_INFO'
 2155 |     PRINT_INFO("LiteOS heap memory address:%p, size:0x%lx\n", m_aucSysMem0, LOSCFG_SYS_HEAP_SIZE);
      |     ^~~~~~~~~~
../../../kernel/liteos_m/kernel/src/mm/los_memory.c:2155:57: note: format string is defined here
 2155 |     PRINT_INFO("LiteOS heap memory address:%p, size:0x%lx\n", m_aucSysMem0, LOSCFG_SYS_HEAP_SIZE);
      |                                                       ~~^
      |                                                         |
      |                                                         long unsigned int
      |                                                       %x
[414/849] AR libs/libbootstrap.a
[415/849] AR libs/libhievent_lite.a
[416/849] AR libs/libhilog_lite.a
[417/849] AR libs/libcjson_static.a
[418/849] AR libs/libhal_wifiaware.a
[419/849] STAMP obj/base/hiviewdfx/hilog_lite/frameworks/mini/hilog_lite_ndk.stamp
[420/849] AR libs/libhal_file_static.a
[421/849] AR libs/libwifiservice.a
[422/849] ACTION //device/rockchip/hardware:hardware(//build/lite/toolchain:arm-none-eabi-gcc)
[423/849] STAMP obj/device/rockchip/rk2206/adapter/hals/communication/wifi_lite/wifiservice/wifiservice_ndk.stamp
[424/849] STAMP obj/device/rockchip/hardware/hardware.stamp
[425/849] AR libs/libhal_iothardware.a
[426/849] AR libs/libshellcmd.a
[427/849] AR libs/libhal_update_static.a
[428/849] STAMP obj/base/iot_hardware/peripheral/iothardware.stamp
[429/849] STAMP obj/base/iot_hardware/peripheral/iothardware_ndk.stamp
[430/849] AR libs/libboard.a
[431/849] AR libs/libhdf_osal_lite.a
[432/849] AR libs/libauthmanager.a
[433/849] STAMP obj/foundation/communication/wifi_lite/wifi.stamp
[434/849] AR libs/libwifiaware.a
[435/849] AR libs/libhdf_core.a
[436/849] AR libs/libdiscovery.a
[437/849] AR libs/libsample_driver.a
[438/849] STAMP obj/foundation/communication/softbus_lite/discovery_ndk.stamp
[439/849] AR libs/libhdf_platform_lite.a
[440/849] AR libs/libtrans_service.a
[441/849] STAMP obj/foundation/communication/softbus_lite/softbus.stamp
[442/849] AR libs/libbroadcast.a
[443/849] ACTION //device/rockchip/rk2206/third_party/lwip:rk2206_lwip(//build/lite/toolchain:arm-none-eabi-gcc)
[444/849] STAMP obj/foundation/communication/softbus_lite/trans_service_ndk.stamp
[445/849] STAMP obj/device/rockchip/rk2206/third_party/lwip/rk2206_lwip.stamp
[446/849] STAMP obj/foundation/communication/softbus_lite/softbus_lite_ndk.stamp
[447/849] AR libs/libsamgr_adapter.a
[448/849] AR libs/libbacktrace.a
[449/849] AR libs/libcppsupport.a
[450/849] AR libs/libsamgr_source.a
[451/849] AR libs/libexchook.a
[452/849] AR libs/libcpup.a
[453/849] AR libs/libpm.a
[454/849] AR libs/libsamgr.a
[455/849] AR libs/libcmsis.a
[456/849] AR libs/libarch.a
[457/849] STAMP obj/foundation/distributedschedule/samgr_lite/samgr_lite_ndk.stamp
[458/849] STAMP obj/foundation/distributedschedule/samgr_lite/samgr.stamp
[459/849] AR libs/libutils.a
[460/849] AR libs/libkernel.a
[461/849] gcc cross compiler obj/test/xts/acts/distributed_schedule_lite/system_ability_manager_hal/src/libmodule_ActsSamgrTest.feature_func_test.o
[462/849] gcc cross compiler obj/test/xts/acts/communication_lite/lwip_hal/src/libmodule_ActsLwipTest.lwip_func_test.o
In file included from ../../../third_party/musl/porting/liteos_m/kernel/include/sys/types.h:70,
                 from ../../../third_party/musl/porting/liteos_m/kernel/include/netinet/tcp.h:98,
                 from ../../../kernel/liteos_m/components/net/lwip-2.1/porting/include/lwip/sockets.h:37,
                 from ../../../test/xts/acts/communication_lite/lwip_hal/src/lwip_func_test.c:17:
../../../third_party/musl/porting/liteos_m/kernel/include/endian.h: In function '__bswap32':
../../../third_party/musl/porting/liteos_m/kernel/include/endian.h:26:32: warning: suggest parentheses around arithmetic in operand of '|' [-Wparentheses]
   26 |         return __x>>24 | __x>>8&0xff00 | __x<<8&0xff0000 | __x<<24;
      |                          ~~~~~~^~~~~~~
../../../third_party/musl/porting/liteos_m/kernel/include/endian.h:26:48: warning: suggest parentheses around arithmetic in operand of '|' [-Wparentheses]
   26 |         return __x>>24 | __x>>8&0xff00 | __x<<8&0xff0000 | __x<<24;
      |                                          ~~~~~~^~~~~~~~~
../../../third_party/musl/porting/liteos_m/kernel/include/endian.h: In function '__bswap64':
../../../third_party/musl/porting/liteos_m/kernel/include/endian.h:31:30: warning: suggest parentheses around '+' inside '<<' [-Wparentheses]
   31 |         return __bswap32(__x)+0ULL<<32 | __bswap32(__x>>32);
      |                ~~~~~~~~~~~~~~^~~~~
In file included from ../../../third_party/unity/src/unity.h:21,
                 from ../../../test/xts/tools/lite/hctest/include/hctest.h:22,
                 from ../../../test/xts/acts/communication_lite/lwip_hal/src/lwip_func_test.c:16:
../../../test/xts/acts/communication_lite/lwip_hal/src/lwip_func_test.c: In function 'testUdp_runTest':
../../../third_party/unity/src/unity_internals.h:756:101: warning: 'ret' is used uninitialized [-Wuninitialized]
  756 | #define UNITY_TEST_ASSERT(condition, line, message)                                              if (condition) {} else {UNITY_TEST_FAIL((UNITY_LINE_TYPE)(line), (message));}
      |                                                                                                     ^
../../../third_party/unity/src/unity.h:346:100: note: in expansion of macro 'UNITY_TEST_ASSERT'
  346 | #define TEST_ASSERT_NOT_EQUAL(expected, actual)                                                    UNITY_TEST_ASSERT(((expected) != (actual)), __LINE__, " Expected Not-Equal")
      |                                                                                                    ^~~~~~~~~~~~~~~~~
../../../test/xts/acts/communication_lite/lwip_hal/src/lwip_func_test.c:576:5: note: in expansion of macro 'TEST_ASSERT_NOT_EQUAL'
  576 |     TEST_ASSERT_NOT_EQUAL(LWIP_TEST_FAIL, ret);
      |     ^~~~~~~~~~~~~~~~~~~~~
../../../test/xts/acts/communication_lite/lwip_hal/src/lwip_func_test.c:567:9: note: 'ret' was declared here
  567 |     int ret;
      |         ^~~
[463/849] gcc cross compiler obj/test/xts/acts/distributed_schedule_lite/system_ability_manager_hal/src/libmodule_ActsSamgrTest.featureapi_func_test.o
[464/849] gcc cross compiler obj/test/xts/acts/distributed_schedule_lite/system_ability_manager_hal/src/libmodule_ActsSamgrTest.iunknown_func_test.o
[465/849] gcc cross compiler obj/test/xts/acts/distributed_schedule_lite/system_ability_manager_hal/src/libmodule_ActsSamgrTest.sendrequest_func_test.o
[466/849] gcc cross compiler obj/test/xts/acts/hiviewdfx_lite/hievent_hal/src/libmodule_ActsHieventLiteTest.hievent_lite_test.o
../../../test/xts/acts/hiviewdfx_lite/hievent_hal/src/hievent_lite_test.c: In function 'HieventLiteTestOutputFunc':
../../../test/xts/acts/hiviewdfx_lite/hievent_hal/src/hievent_lite_test.c:61:1: warning: no return statement in function returning non-void [-Wreturn-type]
   61 | }
      | ^
../../../test/xts/acts/hiviewdfx_lite/hievent_hal/src/hievent_lite_test.c: In function 'HieventLiteFuncTest003_runTest':
../../../test/xts/acts/hiviewdfx_lite/hievent_hal/src/hievent_lite_test.c:104:25: warning: passing argument 1 of 'HiEventRegisterProc' from incompatible pointer type [-Wincompatible-pointer-types]
  104 |     HiEventRegisterProc(HieventLiteTestOutputFunc);
      |                         ^~~~~~~~~~~~~~~~~~~~~~~~~
      |                         |
      |                         boolean (* (*)(uint8 *))(const HiEvent *) {aka int (* (*)(unsigned char *))(const HiEvent *)}
In file included from ../../../base/hiviewdfx/hievent_lite/interfaces/native/innerkits/event.h:19,
                 from ../../../test/xts/acts/hiviewdfx_lite/hievent_hal/src/hievent_lite_test.c:18:
../../../base/hiviewdfx/hievent_lite/interfaces/native/innerkits/hiview_event.h:126:38: note: expected 'HieventProc' {aka 'int (*)(const HiEvent *)'} but argument is of type 'boolean (* (*)(uint8 *))(const HiEvent *)' {aka 'int (* (*)(unsigned char *))(const HiEvent *)'}
  126 | void HiEventRegisterProc(HieventProc func);
      |                          ~~~~~~~~~~~~^~~~
../../../test/xts/acts/hiviewdfx_lite/hievent_hal/src/hievent_lite_test.c:114:27: warning: passing argument 1 of 'HiEventUnRegisterProc' from incompatible pointer type [-Wincompatible-pointer-types]
  114 |     HiEventUnRegisterProc(HieventLiteTestOutputFunc);
      |                           ^~~~~~~~~~~~~~~~~~~~~~~~~
      |                           |
      |                           boolean (* (*)(uint8 *))(const HiEvent *) {aka int (* (*)(unsigned char *))(const HiEvent *)}
../../../base/hiviewdfx/hievent_lite/interfaces/native/innerkits/hiview_event.h:131:40: note: expected 'HieventProc' {aka 'int (*)(const HiEvent *)'} but argument is of type 'boolean (* (*)(uint8 *))(const HiEvent *)' {aka 'int (* (*)(unsigned char *))(const HiEvent *)'}
  131 | void HiEventUnRegisterProc(HieventProc func);
      |                            ~~~~~~~~~~~~^~~~
[467/849] gcc cross compiler obj/test/xts/acts/communication_lite/wifiservice_hal/src/libmodule_ActsWifiServiceTest.wifiservice_func_test.o
../../../test/xts/acts/communication_lite/wifiservice_hal/src/wifiservice_func_test.c: In function 'WifiScanStateTask':
../../../test/xts/acts/communication_lite/wifiservice_hal/src/wifiservice_func_test.c:43:26: warning: implicit declaration of function 'malloc' [-Wimplicit-function-declaration]
   43 |     WifiScanInfo* info = malloc(sizeof(WifiScanInfo) * WIFI_SCAN_HOTSPOT_LIMIT);
      |                          ^~~~~~
../../../test/xts/acts/communication_lite/wifiservice_hal/src/wifiservice_func_test.c:22:1: note: 'malloc' is defined in header '<stdlib.h>'; did you forget to '#include <stdlib.h>'?
   21 | #include <unistd.h>
  +++ |+#include <stdlib.h>
   22 | 
../../../test/xts/acts/communication_lite/wifiservice_hal/src/wifiservice_func_test.c:43:26: warning: initialization of 'WifiScanInfo *' from 'int' makes pointer from integer without a cast [-Wint-conversion]
   43 |     WifiScanInfo* info = malloc(sizeof(WifiScanInfo) * WIFI_SCAN_HOTSPOT_LIMIT);
      |                          ^~~~~~
../../../test/xts/acts/communication_lite/wifiservice_hal/src/wifiservice_func_test.c:56:5: warning: implicit declaration of function 'free' [-Wimplicit-function-declaration]
   56 |     free(info);
      |     ^~~~
../../../test/xts/acts/communication_lite/wifiservice_hal/src/wifiservice_func_test.c:56:5: note: 'free' is defined in header '<stdlib.h>'; did you forget to '#include <stdlib.h>'?
../../../test/xts/acts/communication_lite/wifiservice_hal/src/wifiservice_func_test.c: In function 'WifiServiceFuncTestSuiteSetUp':
../../../test/xts/acts/communication_lite/wifiservice_hal/src/wifiservice_func_test.c:251:28: warning: the comparison will always evaluate as 'true' for the address of 'config' will never be NULL [-Waddress]
  251 |             if (&config[i] != NULL) {
      |                            ^~
../../../test/xts/acts/communication_lite/wifiservice_hal/src/wifiservice_func_test.c:244:22: note: 'config' declared here
  244 |     WifiDeviceConfig config[WIFI_MAX_CONFIG_SIZE] = {0};
      |                      ^~~~~~
../../../test/xts/acts/communication_lite/wifiservice_hal/src/wifiservice_func_test.c: In function 'testScan_runTest':
../../../test/xts/acts/communication_lite/wifiservice_hal/src/wifiservice_func_test.c:333:26: warning: initialization of 'WifiScanInfo *' from 'int' makes pointer from integer without a cast [-Wint-conversion]
  333 |     WifiScanInfo* info = malloc(sizeof(WifiScanInfo) * WIFI_SCAN_HOTSPOT_LIMIT);
      |                          ^~~~~~
../../../test/xts/acts/communication_lite/wifiservice_hal/src/wifiservice_func_test.c: In function 'testConnectDisConnect_runTest':
../../../test/xts/acts/communication_lite/wifiservice_hal/src/wifiservice_func_test.c:367:15: warning: implicit declaration of function 'strncpy_s' [-Wimplicit-function-declaration]
  367 |     int ret = strncpy_s(config.ssid, WIFI_MAX_SSID_LEN, ssid, strlen(ssid));
      |               ^~~~~~~~~
../../../test/xts/acts/communication_lite/wifiservice_hal/src/wifiservice_func_test.c:367:63: warning: implicit declaration of function 'strlen' [-Wimplicit-function-declaration]
  367 |     int ret = strncpy_s(config.ssid, WIFI_MAX_SSID_LEN, ssid, strlen(ssid));
      |                                                               ^~~~~~
../../../test/xts/acts/communication_lite/wifiservice_hal/src/wifiservice_func_test.c:22:1: note: 'strlen' is defined in header '<string.h>'; did you forget to '#include <string.h>'?
   21 | #include <unistd.h>
  +++ |+#include <string.h>
   22 | 
../../../test/xts/acts/communication_lite/wifiservice_hal/src/wifiservice_func_test.c: In function 'testHandleDeviceConfig_runTest':
../../../test/xts/acts/communication_lite/wifiservice_hal/src/wifiservice_func_test.c:407:11: warning: implicit declaration of function 'memcpy_s' [-Wimplicit-function-declaration]
  407 |     ret = memcpy_s(config.bssid, WIFI_MAC_LEN, bssid, WIFI_MAC_LEN);
      |           ^~~~~~~~
../../../test/xts/acts/communication_lite/wifiservice_hal/src/wifiservice_func_test.c: In function 'testAdvanceScanType_runTest':
../../../test/xts/acts/communication_lite/wifiservice_hal/src/wifiservice_func_test.c:598:5: warning: implicit declaration of function 'strcpy_s' [-Wimplicit-function-declaration]
  598 |     strcpy_s(scanParams.ssid, sizeof(scanParams.ssid), "wifi_service_xts");
      |     ^~~~~~~~
../../../test/xts/acts/communication_lite/wifiservice_hal/src/wifiservice_func_test.c: In function 'testAdvanceScanInvalidParam02_runTest':
../../../test/xts/acts/communication_lite/wifiservice_hal/src/wifiservice_func_test.c:677:34: warning: initialization of 'WifiScanParams *' from 'int' makes pointer from integer without a cast [-Wint-conversion]
  677 |     WifiScanParams* scanParams = malloc(sizeof(WifiScanParams));
      |                                  ^~~~~~
../../../test/xts/acts/communication_lite/wifiservice_hal/src/wifiservice_func_test.c:679:5: warning: implicit declaration of function 'memset_s' [-Wimplicit-function-declaration]
  679 |     memset_s(scanParams, sizeof(WifiScanParams), 0, sizeof(WifiScanParams));
      |     ^~~~~~~~
../../../test/xts/acts/communication_lite/wifiservice_hal/src/wifiservice_func_test.c: In function 'testAdvanceScanInvalidParam03_runTest':
../../../test/xts/acts/communication_lite/wifiservice_hal/src/wifiservice_func_test.c:722:34: warning: initialization of 'WifiScanParams *' from 'int' makes pointer from integer without a cast [-Wint-conversion]
  722 |     WifiScanParams* scanParams = malloc(sizeof(WifiScanParams));
      |                                  ^~~~~~
[468/849] ACTION //test/xts/acts/build_lite:acts_xdevice(//build/lite/toolchain:arm-none-eabi-gcc)
running install
/home/jackey/openharmony/lockzhiner-rk2206-openharmony3.0lts/.venv/lib/python3.10/site-packages/setuptools/_distutils/cmd.py:90: SetuptoolsDeprecationWarning: setup.py install is deprecated.
!!

        ********************************************************************************
        Please avoid running ``setup.py`` directly.
        Instead, use pypa/build, pypa/installer or other
        standards-based tools.

        See https://blog.ganssle.io/articles/2021/10/setup-py-deprecated.html for details.
        ********************************************************************************

!!
  self.initialize_options()
/home/jackey/openharmony/lockzhiner-rk2206-openharmony3.0lts/.venv/lib/python3.10/site-packages/setuptools/_distutils/cmd.py:90: EasyInstallDeprecationWarning: easy_install command is deprecated.
!!

        ********************************************************************************
        Please avoid running ``setup.py`` and ``easy_install``.
        Instead, use pypa/build, pypa/installer or other
        standards-based tools.

        See https://github.com/pypa/setuptools/issues/917 for details.
        ********************************************************************************

!!
  self.initialize_options()
Checking .pth file support in /home/jackey/.local/lib/python3.10/site-packages/
/home/jackey/openharmony/lockzhiner-rk2206-openharmony3.0lts/.venv/bin/python -E -c pass
TEST FAILED: /home/jackey/.local/lib/python3.10/site-packages/ does NOT support .pth files
bad install directory or PYTHONPATH

You are attempting to install a package to a directory that is not
on PYTHONPATH and which Python does not read ".pth" files from.  The
installation directory you specified (via --install-dir, --prefix, or
the distutils default setting) was:

    /home/jackey/.local/lib/python3.10/site-packages/

and your PYTHONPATH environment variable currently contains:

    ''

Here are some of your options for correcting the problem:

* You can choose a different installation directory, i.e., one that is
  on PYTHONPATH or supports .pth files

* You can add the installation directory to the PYTHONPATH environment
  variable.  (It must then also be on PYTHONPATH whenever you run
  Python and want to use the package(s) you are installing.)

* You can set up the installation directory to support ".pth" files by
  using one of the approaches described here:

  https://setuptools.pypa.io/en/latest/deprecated/easy_install.html#custom-installation-locations


Please make the appropriate changes for your system and try again.
running bdist_egg
running egg_info
writing src/xdevice.egg-info/PKG-INFO
writing dependency_links to src/xdevice.egg-info/dependency_links.txt
writing entry points to src/xdevice.egg-info/entry_points.txt
writing top-level names to src/xdevice.egg-info/top_level.txt
reading manifest file 'src/xdevice.egg-info/SOURCES.txt'
adding license file 'LICENSE'
writing manifest file 'src/xdevice.egg-info/SOURCES.txt'
installing library code to build/bdist.linux-x86_64/egg
running install_lib
running build_py
copying src/xdevice/__init__.py -> build/lib/xdevice
copying src/xdevice/__main__.py -> build/lib/xdevice
copying src/xdevice/variables.py -> build/lib/xdevice
copying src/xdevice/_core/__init__.py -> build/lib/xdevice/_core
copying src/xdevice/_core/constants.py -> build/lib/xdevice/_core
copying src/xdevice/_core/plugin.py -> build/lib/xdevice/_core
copying src/xdevice/_core/exception.py -> build/lib/xdevice/_core
copying src/xdevice/_core/logger.py -> build/lib/xdevice/_core
copying src/xdevice/_core/utils.py -> build/lib/xdevice/_core
copying src/xdevice/_core/common.py -> build/lib/xdevice/_core
copying src/xdevice/_core/interface.py -> build/lib/xdevice/_core
copying src/xdevice/_core/build/__init__.py -> build/lib/xdevice/_core/build
copying src/xdevice/_core/command/__init__.py -> build/lib/xdevice/_core/command
copying src/xdevice/_core/command/console.py -> build/lib/xdevice/_core/command
copying src/xdevice/_core/config/__init__.py -> build/lib/xdevice/_core/config
copying src/xdevice/_core/config/resource_manager.py -> build/lib/xdevice/_core/config
copying src/xdevice/_core/config/config_manager.py -> build/lib/xdevice/_core/config
copying src/xdevice/_core/driver/device_test.py -> build/lib/xdevice/_core/driver
copying src/xdevice/_core/driver/__init__.py -> build/lib/xdevice/_core/driver
copying src/xdevice/_core/driver/parser_lite.py -> build/lib/xdevice/_core/driver
copying src/xdevice/_core/driver/drivers_lite.py -> build/lib/xdevice/_core/driver
copying src/xdevice/_core/environment/device_lite.py -> build/lib/xdevice/_core/environment
copying src/xdevice/_core/environment/__init__.py -> build/lib/xdevice/_core/environment
copying src/xdevice/_core/environment/dmlib_lite.py -> build/lib/xdevice/_core/environment
copying src/xdevice/_core/environment/manager_lite.py -> build/lib/xdevice/_core/environment
copying src/xdevice/_core/environment/manager_env.py -> build/lib/xdevice/_core/environment
copying src/xdevice/_core/executor/__init__.py -> build/lib/xdevice/_core/executor
copying src/xdevice/_core/executor/concurrent.py -> build/lib/xdevice/_core/executor
copying src/xdevice/_core/executor/request.py -> build/lib/xdevice/_core/executor
copying src/xdevice/_core/executor/listener.py -> build/lib/xdevice/_core/executor
copying src/xdevice/_core/executor/source.py -> build/lib/xdevice/_core/executor
copying src/xdevice/_core/executor/scheduler.py -> build/lib/xdevice/_core/executor
copying src/xdevice/_core/report/__init__.py -> build/lib/xdevice/_core/report
copying src/xdevice/_core/report/__main__.py -> build/lib/xdevice/_core/report
copying src/xdevice/_core/report/suite_reporter.py -> build/lib/xdevice/_core/report
copying src/xdevice/_core/report/encrypt.py -> build/lib/xdevice/_core/report
copying src/xdevice/_core/report/result_reporter.py -> build/lib/xdevice/_core/report
copying src/xdevice/_core/report/reporter_helper.py -> build/lib/xdevice/_core/report
copying src/xdevice/_core/testkit/__init__.py -> build/lib/xdevice/_core/testkit
copying src/xdevice/_core/testkit/kit_lite.py -> build/lib/xdevice/_core/testkit
copying src/xdevice/_core/testkit/json_parser.py -> build/lib/xdevice/_core/testkit
copying src/xdevice/_core/resource/config/user_config.xml -> build/lib/xdevice/_core/resource/config
copying src/xdevice/_core/resource/template/report.html -> build/lib/xdevice/_core/resource/template
creating build/bdist.linux-x86_64/egg
creating build/bdist.linux-x86_64/egg/xdevice
copying build/lib/xdevice/__init__.py -> build/bdist.linux-x86_64/egg/xdevice
copying build/lib/xdevice/__main__.py -> build/bdist.linux-x86_64/egg/xdevice
copying build/lib/xdevice/variables.py -> build/bdist.linux-x86_64/egg/xdevice
creating build/bdist.linux-x86_64/egg/xdevice/_core
creating build/bdist.linux-x86_64/egg/xdevice/_core/config
copying build/lib/xdevice/_core/config/__init__.py -> build/bdist.linux-x86_64/egg/xdevice/_core/config
copying build/lib/xdevice/_core/config/resource_manager.py -> build/bdist.linux-x86_64/egg/xdevice/_core/config
copying build/lib/xdevice/_core/config/config_manager.py -> build/bdist.linux-x86_64/egg/xdevice/_core/config
copying build/lib/xdevice/_core/__init__.py -> build/bdist.linux-x86_64/egg/xdevice/_core
copying build/lib/xdevice/_core/constants.py -> build/bdist.linux-x86_64/egg/xdevice/_core
creating build/bdist.linux-x86_64/egg/xdevice/_core/driver
copying build/lib/xdevice/_core/driver/device_test.py -> build/bdist.linux-x86_64/egg/xdevice/_core/driver
copying build/lib/xdevice/_core/driver/__init__.py -> build/bdist.linux-x86_64/egg/xdevice/_core/driver
copying build/lib/xdevice/_core/driver/parser_lite.py -> build/bdist.linux-x86_64/egg/xdevice/_core/driver
copying build/lib/xdevice/_core/driver/drivers_lite.py -> build/bdist.linux-x86_64/egg/xdevice/_core/driver
creating build/bdist.linux-x86_64/egg/xdevice/_core/command
copying build/lib/xdevice/_core/command/__init__.py -> build/bdist.linux-x86_64/egg/xdevice/_core/command
copying build/lib/xdevice/_core/command/console.py -> build/bdist.linux-x86_64/egg/xdevice/_core/command
creating build/bdist.linux-x86_64/egg/xdevice/_core/build
copying build/lib/xdevice/_core/build/__init__.py -> build/bdist.linux-x86_64/egg/xdevice/_core/build
creating build/bdist.linux-x86_64/egg/xdevice/_core/resource
creating build/bdist.linux-x86_64/egg/xdevice/_core/resource/config
copying build/lib/xdevice/_core/resource/config/user_config.xml -> build/bdist.linux-x86_64/egg/xdevice/_core/resource/config
creating build/bdist.linux-x86_64/egg/xdevice/_core/resource/template
copying build/lib/xdevice/_core/resource/template/report.html -> build/bdist.linux-x86_64/egg/xdevice/_core/resource/template
creating build/bdist.linux-x86_64/egg/xdevice/_core/executor
copying build/lib/xdevice/_core/executor/__init__.py -> build/bdist.linux-x86_64/egg/xdevice/_core/executor
copying build/lib/xdevice/_core/executor/concurrent.py -> build/bdist.linux-x86_64/egg/xdevice/_core/executor
copying build/lib/xdevice/_core/executor/request.py -> build/bdist.linux-x86_64/egg/xdevice/_core/executor
copying build/lib/xdevice/_core/executor/listener.py -> build/bdist.linux-x86_64/egg/xdevice/_core/executor
copying build/lib/xdevice/_core/executor/source.py -> build/bdist.linux-x86_64/egg/xdevice/_core/executor
copying build/lib/xdevice/_core/executor/scheduler.py -> build/bdist.linux-x86_64/egg/xdevice/_core/executor
copying build/lib/xdevice/_core/plugin.py -> build/bdist.linux-x86_64/egg/xdevice/_core
creating build/bdist.linux-x86_64/egg/xdevice/_core/environment
copying build/lib/xdevice/_core/environment/device_lite.py -> build/bdist.linux-x86_64/egg/xdevice/_core/environment
copying build/lib/xdevice/_core/environment/__init__.py -> build/bdist.linux-x86_64/egg/xdevice/_core/environment
copying build/lib/xdevice/_core/environment/dmlib_lite.py -> build/bdist.linux-x86_64/egg/xdevice/_core/environment
copying build/lib/xdevice/_core/environment/manager_lite.py -> build/bdist.linux-x86_64/egg/xdevice/_core/environment
copying build/lib/xdevice/_core/environment/manager_env.py -> build/bdist.linux-x86_64/egg/xdevice/_core/environment
copying build/lib/xdevice/_core/exception.py -> build/bdist.linux-x86_64/egg/xdevice/_core
creating build/bdist.linux-x86_64/egg/xdevice/_core/testkit
copying build/lib/xdevice/_core/testkit/__init__.py -> build/bdist.linux-x86_64/egg/xdevice/_core/testkit
copying build/lib/xdevice/_core/testkit/kit_lite.py -> build/bdist.linux-x86_64/egg/xdevice/_core/testkit
copying build/lib/xdevice/_core/testkit/json_parser.py -> build/bdist.linux-x86_64/egg/xdevice/_core/testkit
creating build/bdist.linux-x86_64/egg/xdevice/_core/report
copying build/lib/xdevice/_core/report/__init__.py -> build/bdist.linux-x86_64/egg/xdevice/_core/report
copying build/lib/xdevice/_core/report/__main__.py -> build/bdist.linux-x86_64/egg/xdevice/_core/report
copying build/lib/xdevice/_core/report/suite_reporter.py -> build/bdist.linux-x86_64/egg/xdevice/_core/report
copying build/lib/xdevice/_core/report/encrypt.py -> build/bdist.linux-x86_64/egg/xdevice/_core/report
copying build/lib/xdevice/_core/report/result_reporter.py -> build/bdist.linux-x86_64/egg/xdevice/_core/report
copying build/lib/xdevice/_core/report/reporter_helper.py -> build/bdist.linux-x86_64/egg/xdevice/_core/report
copying build/lib/xdevice/_core/logger.py -> build/bdist.linux-x86_64/egg/xdevice/_core
copying build/lib/xdevice/_core/utils.py -> build/bdist.linux-x86_64/egg/xdevice/_core
copying build/lib/xdevice/_core/common.py -> build/bdist.linux-x86_64/egg/xdevice/_core
copying build/lib/xdevice/_core/interface.py -> build/bdist.linux-x86_64/egg/xdevice/_core
byte-compiling build/bdist.linux-x86_64/egg/xdevice/__init__.py to __init__.cpython-310.pyc
byte-compiling build/bdist.linux-x86_64/egg/xdevice/__main__.py to __main__.cpython-310.pyc
byte-compiling build/bdist.linux-x86_64/egg/xdevice/variables.py to variables.cpython-310.pyc
byte-compiling build/bdist.linux-x86_64/egg/xdevice/_core/config/__init__.py to __init__.cpython-310.pyc
byte-compiling build/bdist.linux-x86_64/egg/xdevice/_core/config/resource_manager.py to resource_manager.cpython-310.pyc
byte-compiling build/bdist.linux-x86_64/egg/xdevice/_core/config/config_manager.py to config_manager.cpython-310.pyc
byte-compiling build/bdist.linux-x86_64/egg/xdevice/_core/__init__.py to __init__.cpython-310.pyc
byte-compiling build/bdist.linux-x86_64/egg/xdevice/_core/constants.py to constants.cpython-310.pyc
byte-compiling build/bdist.linux-x86_64/egg/xdevice/_core/driver/device_test.py to device_test.cpython-310.pyc
byte-compiling build/bdist.linux-x86_64/egg/xdevice/_core/driver/__init__.py to __init__.cpython-310.pyc
byte-compiling build/bdist.linux-x86_64/egg/xdevice/_core/driver/parser_lite.py to parser_lite.cpython-310.pyc
byte-compiling build/bdist.linux-x86_64/egg/xdevice/_core/driver/drivers_lite.py to drivers_lite.cpython-310.pyc
byte-compiling build/bdist.linux-x86_64/egg/xdevice/_core/command/__init__.py to __init__.cpython-310.pyc
byte-compiling build/bdist.linux-x86_64/egg/xdevice/_core/command/console.py to console.cpython-310.pyc
byte-compiling build/bdist.linux-x86_64/egg/xdevice/_core/build/__init__.py to __init__.cpython-310.pyc
byte-compiling build/bdist.linux-x86_64/egg/xdevice/_core/executor/__init__.py to __init__.cpython-310.pyc
byte-compiling build/bdist.linux-x86_64/egg/xdevice/_core/executor/concurrent.py to concurrent.cpython-310.pyc
byte-compiling build/bdist.linux-x86_64/egg/xdevice/_core/executor/request.py to request.cpython-310.pyc
byte-compiling build/bdist.linux-x86_64/egg/xdevice/_core/executor/listener.py to listener.cpython-310.pyc
byte-compiling build/bdist.linux-x86_64/egg/xdevice/_core/executor/source.py to source.cpython-310.pyc
byte-compiling build/bdist.linux-x86_64/egg/xdevice/_core/executor/scheduler.py to scheduler.cpython-310.pyc
byte-compiling build/bdist.linux-x86_64/egg/xdevice/_core/plugin.py to plugin.cpython-310.pyc
byte-compiling build/bdist.linux-x86_64/egg/xdevice/_core/environment/device_lite.py to device_lite.cpython-310.pyc
byte-compiling build/bdist.linux-x86_64/egg/xdevice/_core/environment/__init__.py to __init__.cpython-310.pyc
byte-compiling build/bdist.linux-x86_64/egg/xdevice/_core/environment/dmlib_lite.py to dmlib_lite.cpython-310.pyc
byte-compiling build/bdist.linux-x86_64/egg/xdevice/_core/environment/manager_lite.py to manager_lite.cpython-310.pyc
byte-compiling build/bdist.linux-x86_64/egg/xdevice/_core/environment/manager_env.py to manager_env.cpython-310.pyc
byte-compiling build/bdist.linux-x86_64/egg/xdevice/_core/exception.py to exception.cpython-310.pyc
byte-compiling build/bdist.linux-x86_64/egg/xdevice/_core/testkit/__init__.py to __init__.cpython-310.pyc
byte-compiling build/bdist.linux-x86_64/egg/xdevice/_core/testkit/kit_lite.py to kit_lite.cpython-310.pyc
byte-compiling build/bdist.linux-x86_64/egg/xdevice/_core/testkit/json_parser.py to json_parser.cpython-310.pyc
byte-compiling build/bdist.linux-x86_64/egg/xdevice/_core/report/__init__.py to __init__.cpython-310.pyc
byte-compiling build/bdist.linux-x86_64/egg/xdevice/_core/report/__main__.py to __main__.cpython-310.pyc
byte-compiling build/bdist.linux-x86_64/egg/xdevice/_core/report/suite_reporter.py to suite_reporter.cpython-310.pyc
byte-compiling build/bdist.linux-x86_64/egg/xdevice/_core/report/encrypt.py to encrypt.cpython-310.pyc
byte-compiling build/bdist.linux-x86_64/egg/xdevice/_core/report/result_reporter.py to result_reporter.cpython-310.pyc
byte-compiling build/bdist.linux-x86_64/egg/xdevice/_core/report/reporter_helper.py to reporter_helper.cpython-310.pyc
byte-compiling build/bdist.linux-x86_64/egg/xdevice/_core/logger.py to logger.cpython-310.pyc
byte-compiling build/bdist.linux-x86_64/egg/xdevice/_core/utils.py to utils.cpython-310.pyc
byte-compiling build/bdist.linux-x86_64/egg/xdevice/_core/common.py to common.cpython-310.pyc
byte-compiling build/bdist.linux-x86_64/egg/xdevice/_core/interface.py to interface.cpython-310.pyc
creating build/bdist.linux-x86_64/egg/EGG-INFO
copying src/xdevice.egg-info/PKG-INFO -> build/bdist.linux-x86_64/egg/EGG-INFO
copying src/xdevice.egg-info/SOURCES.txt -> build/bdist.linux-x86_64/egg/EGG-INFO
copying src/xdevice.egg-info/dependency_links.txt -> build/bdist.linux-x86_64/egg/EGG-INFO
copying src/xdevice.egg-info/entry_points.txt -> build/bdist.linux-x86_64/egg/EGG-INFO
copying src/xdevice.egg-info/not-zip-safe -> build/bdist.linux-x86_64/egg/EGG-INFO
copying src/xdevice.egg-info/top_level.txt -> build/bdist.linux-x86_64/egg/EGG-INFO
creating 'dist/xdevice-0.0.0-py3.10.egg' and adding 'build/bdist.linux-x86_64/egg' to it
removing 'build/bdist.linux-x86_64/egg' (and everything under it)
Processing xdevice-0.0.0-py3.10.egg
removing '/home/jackey/.local/lib/python3.10/site-packages/xdevice-0.0.0-py3.10.egg' (and everything under it)
creating /home/jackey/.local/lib/python3.10/site-packages/xdevice-0.0.0-py3.10.egg
Extracting xdevice-0.0.0-py3.10.egg to /home/jackey/.local/lib/python3.10/site-packages
Installing xdevice script to /home/jackey/.local/bin
Installing xdevice_report script to /home/jackey/.local/bin

Installed /home/jackey/.local/lib/python3.10/site-packages/xdevice-0.0.0-py3.10.egg
Processing dependencies for xdevice==0.0.0
Finished processing dependencies for xdevice==0.0.0
[469/849] STAMP obj/test/xts/acts/build_lite/acts_xdevice.stamp
[470/849] gcc cross compiler obj/test/xts/acts/distributed_schedule_lite/system_ability_manager_hal/src/libmodule_ActsSamgrTest.broadcast_publish_func_test.o
[471/849] gcc cross compiler obj/test/xts/acts/distributed_schedule_lite/system_ability_manager_hal/src/libmodule_ActsSamgrTest.common_func_test.o
[472/849] gcc cross compiler obj/test/xts/acts/distributed_schedule_lite/system_ability_manager_hal/src/libmodule_ActsSamgrTest.broadcast_subscribe_func_test.o
[473/849] gcc cross compiler obj/test/xts/acts/distributed_schedule_lite/system_ability_manager_hal/src/libmodule_ActsSamgrTest.defaultfeatureapi_func_test.o
[474/849] gcc cross compiler obj/test/xts/acts/distributed_schedule_lite/system_ability_manager_hal/src/libmodule_ActsSamgrTest.service_func_test.o
[475/849] gcc cross compiler obj/test/xts/acts/distributed_schedule_lite/system_ability_manager_hal/src/libmodule_ActsSamgrTest.sendresponse_func_test.o
[476/849] gcc cross compiler obj/test/xts/acts/distributed_schedule_lite/system_ability_manager_hal/src/libmodule_ActsSamgrTest.sendsharerequest_func_test.o
[477/849] gcc cross compiler obj/test/xts/acts/distributed_schedule_lite/system_ability_manager_hal/src/libmodule_ActsSamgrTest.taskpool_notask_func_test.o
[478/849] gcc cross compiler obj/test/xts/acts/distributed_schedule_lite/system_ability_manager_hal/src/libmodule_ActsSamgrTest.taskpool_sharedtask_func_test.o
[479/849] gcc cross compiler obj/test/xts/acts/distributed_schedule_lite/system_ability_manager_hal/src/libmodule_ActsSamgrTest.taskpool_singletask_func_test.o
[480/849] gcc cross compiler obj/test/xts/acts/distributed_schedule_lite/system_ability_manager_hal/utils/libmodule_ActsSamgrTest.samgr_maintenance.o
[481/849] gcc cross compiler obj/test/xts/acts/iot_hardware_lite/iot_controller_hal/src/libmodule_ActsWifiIotTest.iot_watchdog_test.o
../../../test/xts/acts/iot_hardware_lite/iot_controller_hal/src/iot_watchdog_test.c: In function 'testIotWatchDog001_runTest':
../../../test/xts/acts/iot_hardware_lite/iot_controller_hal/src/iot_watchdog_test.c:56:20: warning: assignment to 'void (*)(void)' from incompatible pointer type 'void (*)(unsigned int)' [-Wincompatible-pointer-types]
   56 |     g_watchDogfunc = IoTWatchDogEnable;
      |                    ^
[482/849] gcc cross compiler obj/test/xts/acts/distributed_schedule_lite/system_ability_manager_hal/src/libmodule_ActsSamgrTest.taskpool_specifiedtask_func_test.o
[483/849] gcc cross compiler obj/test/xts/acts/iot_hardware_lite/iot_controller_hal/src/libmodule_ActsWifiIotTest.lowpower_test.o
[484/849] gcc cross compiler obj/test/xts/acts/hiviewdfx_lite/hilog_hal/src/libmodule_ActsDfxFuncTest.dfx_hilog.o
[485/849] gcc cross compiler obj/test/xts/acts/iot_hardware_lite/iot_controller_hal/src/libmodule_ActsWifiIotTest.reset_test.o
[486/849] gcc cross compiler obj/test/xts/acts/security_lite/huks/liteos_m_adapter/libmodule_ActsHuksHalFunctionTest.hks_aes_test.o
../../../test/xts/acts/security_lite/huks/liteos_m_adapter/hks_aes_test.c: In function 'HksAesTestSetUp':
../../../test/xts/acts/security_lite/huks/liteos_m_adapter/hks_aes_test.c:63:5: warning: implicit declaration of function 'sleep' [-Wimplicit-function-declaration]
   63 |     sleep(WAIT_TO_TEST_DONE);
      |     ^~~~~
../../../test/xts/acts/security_lite/huks/liteos_m_adapter/hks_aes_test.c:52:18: warning: variable 'id' set but not used [-Wunused-but-set-variable]
   52 |     osThreadId_t id;
      |                  ^~
In file included from ../../../third_party/unity/src/unity.h:21,
                 from ../../../test/xts/tools/lite/hctest/include/hctest.h:22,
                 from ../../../test/xts/acts/security_lite/huks/liteos_m_adapter/hks_aes_test.c:16:
../../../test/xts/acts/security_lite/huks/liteos_m_adapter/hks_aes_test.c: In function 'ExecHksAesTest001':
../../../test/xts/acts/security_lite/huks/liteos_m_adapter/hks_aes_test.c:87:22: warning: implicit declaration of function 'TestAes256ByAgree' [-Wimplicit-function-declaration]
   87 |     TEST_ASSERT_TRUE(TestAes256ByAgree() == 0);
      |                      ^~~~~~~~~~~~~~~~~
../../../third_party/unity/src/unity_internals.h:756:102: note: in definition of macro 'UNITY_TEST_ASSERT'
  756 | #define UNITY_TEST_ASSERT(condition, line, message)                                              if (condition) {} else {UNITY_TEST_FAIL((UNITY_LINE_TYPE)(line), (message));}
      |                                                                                                      ^~~~~~~~~
../../../test/xts/acts/security_lite/huks/liteos_m_adapter/hks_aes_test.c:87:5: note: in expansion of macro 'TEST_ASSERT_TRUE'
   87 |     TEST_ASSERT_TRUE(TestAes256ByAgree() == 0);
      |     ^~~~~~~~~~~~~~~~
../../../test/xts/acts/security_lite/huks/liteos_m_adapter/hks_aes_test.c: In function 'ExecHksAesTest002':
../../../test/xts/acts/security_lite/huks/liteos_m_adapter/hks_aes_test.c:95:22: warning: implicit declaration of function 'TestAes256ByAgree1' [-Wimplicit-function-declaration]
   95 |     TEST_ASSERT_TRUE(TestAes256ByAgree1() == 0);
      |                      ^~~~~~~~~~~~~~~~~~
../../../third_party/unity/src/unity_internals.h:756:102: note: in definition of macro 'UNITY_TEST_ASSERT'
  756 | #define UNITY_TEST_ASSERT(condition, line, message)                                              if (condition) {} else {UNITY_TEST_FAIL((UNITY_LINE_TYPE)(line), (message));}
      |                                                                                                      ^~~~~~~~~
../../../test/xts/acts/security_lite/huks/liteos_m_adapter/hks_aes_test.c:95:5: note: in expansion of macro 'TEST_ASSERT_TRUE'
   95 |     TEST_ASSERT_TRUE(TestAes256ByAgree1() == 0);
      |     ^~~~~~~~~~~~~~~~
../../../test/xts/acts/security_lite/huks/liteos_m_adapter/hks_aes_test.c: In function 'ExecHksAesTest003':
../../../test/xts/acts/security_lite/huks/liteos_m_adapter/hks_aes_test.c:103:22: warning: implicit declaration of function 'TestAes256ByAgree2' [-Wimplicit-function-declaration]
  103 |     TEST_ASSERT_TRUE(TestAes256ByAgree2() == 0);
      |                      ^~~~~~~~~~~~~~~~~~
../../../third_party/unity/src/unity_internals.h:756:102: note: in definition of macro 'UNITY_TEST_ASSERT'
  756 | #define UNITY_TEST_ASSERT(condition, line, message)                                              if (condition) {} else {UNITY_TEST_FAIL((UNITY_LINE_TYPE)(line), (message));}
      |                                                                                                      ^~~~~~~~~
../../../test/xts/acts/security_lite/huks/liteos_m_adapter/hks_aes_test.c:103:5: note: in expansion of macro 'TEST_ASSERT_TRUE'
  103 |     TEST_ASSERT_TRUE(TestAes256ByAgree2() == 0);
      |     ^~~~~~~~~~~~~~~~
../../../test/xts/acts/security_lite/huks/liteos_m_adapter/hks_aes_test.c: In function 'ExecHksAesTest004':
../../../test/xts/acts/security_lite/huks/liteos_m_adapter/hks_aes_test.c:111:23: warning: implicit declaration of function 'TestAes256ByLocal' [-Wimplicit-function-declaration]
  111 |     TEST_ASSERT_EQUAL(TestAes256ByLocal(), 0);
      |                       ^~~~~~~~~~~~~~~~~
../../../third_party/unity/src/unity_internals.h:760:133: note: in definition of macro 'UNITY_TEST_ASSERT_EQUAL_INT'
  760 | #define UNITY_TEST_ASSERT_EQUAL_INT(expected, actual, line, message)                             UnityAssertEqualNumber((UNITY_INT)(expected), (UNITY_INT)(actual), (message), (UNITY_LINE_TYPE)(line), UNITY_DISPLAY_STYLE_INT)
      |                                                                                                                                     ^~~~~~~~
../../../test/xts/acts/security_lite/huks/liteos_m_adapter/hks_aes_test.c:111:5: note: in expansion of macro 'TEST_ASSERT_EQUAL'
  111 |     TEST_ASSERT_EQUAL(TestAes256ByLocal(), 0);
      |     ^~~~~~~~~~~~~~~~~
../../../test/xts/acts/security_lite/huks/liteos_m_adapter/hks_aes_test.c: In function 'HksAesTest004_runTest':
../../../test/xts/acts/security_lite/huks/liteos_m_adapter/hks_aes_test.c:194:18: warning: variable 'id' set but not used [-Wunused-but-set-variable]
  194 |     osThreadId_t id;
      |                  ^~
../../../test/xts/acts/security_lite/huks/liteos_m_adapter/hks_aes_test.c: At top level:
../../../test/xts/acts/security_lite/huks/liteos_m_adapter/hks_aes_test.c:100:13: warning: 'ExecHksAesTest003' defined but not used [-Wunused-function]
  100 | static void ExecHksAesTest003(void const *argument)
      |             ^~~~~~~~~~~~~~~~~
../../../test/xts/acts/security_lite/huks/liteos_m_adapter/hks_aes_test.c:92:13: warning: 'ExecHksAesTest002' defined but not used [-Wunused-function]
   92 | static void ExecHksAesTest002(void const *argument)
      |             ^~~~~~~~~~~~~~~~~
../../../test/xts/acts/security_lite/huks/liteos_m_adapter/hks_aes_test.c:84:13: warning: 'ExecHksAesTest001' defined but not used [-Wunused-function]
   84 | static void ExecHksAesTest001(void const *argument)
      |             ^~~~~~~~~~~~~~~~~
[487/849] gcc cross compiler obj/test/xts/acts/security_lite/huks/liteos_m_adapter/libmodule_ActsHuksHalFunctionTest.hks_agreement_test.o
../../../test/xts/acts/security_lite/huks/liteos_m_adapter/hks_agreement_test.c: In function 'HksAgreementTestSetUp':
../../../test/xts/acts/security_lite/huks/liteos_m_adapter/hks_agreement_test.c:72:5: warning: implicit declaration of function 'sleep' [-Wimplicit-function-declaration]
   72 |     sleep(WAIT_TO_TEST_DONE);
      |     ^~~~~
../../../test/xts/acts/security_lite/huks/liteos_m_adapter/hks_agreement_test.c:61:18: warning: variable 'id' set but not used [-Wunused-but-set-variable]
   61 |     osThreadId_t id;
      |                  ^~
../../../test/xts/acts/security_lite/huks/liteos_m_adapter/hks_agreement_test.c: In function 'HksAgreementTest001_runTest':
../../../test/xts/acts/security_lite/huks/liteos_m_adapter/hks_agreement_test.c:229:18: warning: variable 'id' set but not used [-Wunused-but-set-variable]
  229 |     osThreadId_t id;
      |                  ^~
../../../test/xts/acts/security_lite/huks/liteos_m_adapter/hks_agreement_test.c: In function 'HksAgreementTest002_runTest':
../../../test/xts/acts/security_lite/huks/liteos_m_adapter/hks_agreement_test.c:252:18: warning: variable 'id' set but not used [-Wunused-but-set-variable]
  252 |     osThreadId_t id;
      |                  ^~
[488/849] gcc cross compiler obj/test/xts/acts/security_lite/huks/liteos_m_adapter/libmodule_ActsHuksHalFunctionTest.hks_bn_exp_mod_test.o
../../../test/xts/acts/security_lite/huks/liteos_m_adapter/hks_bn_exp_mod_test.c: In function 'HksBnExpModTestSetUp':
../../../test/xts/acts/security_lite/huks/liteos_m_adapter/hks_bn_exp_mod_test.c:67:5: warning: implicit declaration of function 'sleep' [-Wimplicit-function-declaration]
   67 |     sleep(WAIT_TO_TEST_DONE);
      |     ^~~~~
../../../test/xts/acts/security_lite/huks/liteos_m_adapter/hks_bn_exp_mod_test.c:56:18: warning: variable 'id' set but not used [-Wunused-but-set-variable]
   56 |     osThreadId_t id;
      |                  ^~
[489/849] gcc cross compiler obj/test/xts/acts/iot_hardware_lite/iot_controller_hal/src/libmodule_ActsWifiIotTest.iot_i2c_test.o
[490/849] gcc cross compiler obj/test/xts/acts/iot_hardware_lite/iot_controller_hal/src/libmodule_ActsWifiIotTest.iot_gpio_test.o
[491/849] gcc cross compiler obj/test/xts/acts/iot_hardware_lite/iot_controller_hal/src/libmodule_ActsWifiIotTest.iot_pwm_test.o
[492/849] gcc cross compiler obj/test/xts/acts/iot_hardware_lite/iot_controller_hal/src/libmodule_ActsWifiIotTest.iot_uart_test.o
[493/849] gcc cross compiler obj/test/xts/acts/security_lite/huks/liteos_m_adapter/libmodule_ActsHuksHalFunctionTest.hks_cipher_test.o
../../../test/xts/acts/security_lite/huks/liteos_m_adapter/hks_cipher_test.c: In function 'HksCipherTestSetUp':
../../../test/xts/acts/security_lite/huks/liteos_m_adapter/hks_cipher_test.c:72:5: warning: implicit declaration of function 'sleep' [-Wimplicit-function-declaration]
   72 |     sleep(WAIT_TO_TEST_DONE);
      |     ^~~~~
../../../test/xts/acts/security_lite/huks/liteos_m_adapter/hks_cipher_test.c:61:18: warning: variable 'id' set but not used [-Wunused-but-set-variable]
   61 |     osThreadId_t id;
      |                  ^~
../../../test/xts/acts/security_lite/huks/liteos_m_adapter/hks_cipher_test.c: In function 'HksCipherTest001_runTest':
../../../test/xts/acts/security_lite/huks/liteos_m_adapter/hks_cipher_test.c:192:18: warning: variable 'id' set but not used [-Wunused-but-set-variable]
  192 |     osThreadId_t id;
      |                  ^~
../../../test/xts/acts/security_lite/huks/liteos_m_adapter/hks_cipher_test.c: In function 'HksCipherTest002_runTest':
../../../test/xts/acts/security_lite/huks/liteos_m_adapter/hks_cipher_test.c:211:18: warning: variable 'id' set but not used [-Wunused-but-set-variable]
  211 |     osThreadId_t id;
      |                  ^~
../../../test/xts/acts/security_lite/huks/liteos_m_adapter/hks_cipher_test.c: In function 'HksCipherTest003_runTest':
../../../test/xts/acts/security_lite/huks/liteos_m_adapter/hks_cipher_test.c:229:18: warning: variable 'id' set but not used [-Wunused-but-set-variable]
  229 |     osThreadId_t id;
      |                  ^~
../../../test/xts/acts/security_lite/huks/liteos_m_adapter/hks_cipher_test.c: In function 'HksCipherTest004_runTest':
../../../test/xts/acts/security_lite/huks/liteos_m_adapter/hks_cipher_test.c:246:18: warning: variable 'id' set but not used [-Wunused-but-set-variable]
  246 |     osThreadId_t id;
      |                  ^~
../../../test/xts/acts/security_lite/huks/liteos_m_adapter/hks_cipher_test.c: In function 'HksCipherTest005_runTest':
../../../test/xts/acts/security_lite/huks/liteos_m_adapter/hks_cipher_test.c:263:18: warning: variable 'id' set but not used [-Wunused-but-set-variable]
  263 |     osThreadId_t id;
      |                  ^~
../../../test/xts/acts/security_lite/huks/liteos_m_adapter/hks_cipher_test.c: In function 'HksCipherTest006_runTest':
../../../test/xts/acts/security_lite/huks/liteos_m_adapter/hks_cipher_test.c:280:18: warning: variable 'id' set but not used [-Wunused-but-set-variable]
  280 |     osThreadId_t id;
      |                  ^~
../../../test/xts/acts/security_lite/huks/liteos_m_adapter/hks_cipher_test.c: In function 'HksCipherTest007_runTest':
../../../test/xts/acts/security_lite/huks/liteos_m_adapter/hks_cipher_test.c:297:18: warning: variable 'id' set but not used [-Wunused-but-set-variable]
  297 |     osThreadId_t id;
      |                  ^~
../../../test/xts/acts/security_lite/huks/liteos_m_adapter/hks_cipher_test.c: In function 'HksCipherTest008_runTest':
../../../test/xts/acts/security_lite/huks/liteos_m_adapter/hks_cipher_test.c:314:18: warning: variable 'id' set but not used [-Wunused-but-set-variable]
  314 |     osThreadId_t id;
      |                  ^~
../../../test/xts/acts/security_lite/huks/liteos_m_adapter/hks_cipher_test.c: In function 'HksCipherTest009_runTest':
../../../test/xts/acts/security_lite/huks/liteos_m_adapter/hks_cipher_test.c:331:18: warning: variable 'id' set but not used [-Wunused-but-set-variable]
  331 |     osThreadId_t id;
      |                  ^~
../../../test/xts/acts/security_lite/huks/liteos_m_adapter/hks_cipher_test.c: In function 'HksCipherTest010_runTest':
../../../test/xts/acts/security_lite/huks/liteos_m_adapter/hks_cipher_test.c:348:18: warning: variable 'id' set but not used [-Wunused-but-set-variable]
  348 |     osThreadId_t id;
      |                  ^~
../../../test/xts/acts/security_lite/huks/liteos_m_adapter/hks_cipher_test.c: In function 'HksCipherTest011_runTest':
../../../test/xts/acts/security_lite/huks/liteos_m_adapter/hks_cipher_test.c:365:18: warning: variable 'id' set but not used [-Wunused-but-set-variable]
  365 |     osThreadId_t id;
      |                  ^~
../../../test/xts/acts/security_lite/huks/liteos_m_adapter/hks_cipher_test.c: In function 'HksCipherTest012_runTest':
../../../test/xts/acts/security_lite/huks/liteos_m_adapter/hks_cipher_test.c:382:18: warning: variable 'id' set but not used [-Wunused-but-set-variable]
  382 |     osThreadId_t id;
      |                  ^~
[494/849] gcc cross compiler obj/test/xts/acts/security_lite/huks/common/libhuks_test_common.hks_test_api_performance.o
[495/849] gcc cross compiler obj/test/xts/acts/security_lite/huks/common/libhuks_test_common.hks_test_aes.o
[496/849] gcc cross compiler obj/test/xts/acts/security_lite/huks/common/libhuks_test_common.hks_test_curve25519.o
In file included from ../../../test/xts/acts/security_lite/huks/common/hks_test_curve25519.c:19:
../../../test/xts/acts/security_lite/huks/common/hks_test_curve25519.c: In function 'TestSignEd25519':
../../../test/xts/acts/security_lite/huks/common/hks_test_curve25519.c:105:20: warning: format '%u' expects argument of type 'unsigned int', but argument 2 has type 'uint32_t' {aka 'long unsigned int'} [-Wformat=]
  105 |     HKS_TEST_LOG_I("TestSignEd25519 signature size is %u", signature.size);
      |                    ^~~~~~~~~~~~~~~~~~~~~~~~~~~~~~~~~~~~~~  ~~~~~~~~~~~~~~
      |                                                                     |
      |                                                                     uint32_t {aka long unsigned int}
../../../test/xts/acts/security_lite/huks/common/include/hks_test_log.h:38:12: note: in definition of macro 'HKS_TEST_LOG_I'
   38 |     printf(fmt); \
      |            ^~~
../../../test/xts/acts/security_lite/huks/common/hks_test_curve25519.c:105:56: note: format string is defined here
  105 |     HKS_TEST_LOG_I("TestSignEd25519 signature size is %u", signature.size);
      |                                                       ~^
      |                                                        |
      |                                                        unsigned int
      |                                                       %lu
../../../test/xts/acts/security_lite/huks/common/hks_test_curve25519.c: In function 'TestEd25519SignTeeVerifyLocal':
../../../test/xts/acts/security_lite/huks/common/hks_test_curve25519.c:334:20: warning: format '%u' expects argument of type 'unsigned int', but argument 2 has type 'uint32_t' {aka 'long unsigned int'} [-Wformat=]
  334 |     HKS_TEST_LOG_I("HksExportPublicKey puKey size is %u", pubKeyInfo.size);
      |                    ^~~~~~~~~~~~~~~~~~~~~~~~~~~~~~~~~~~~~  ~~~~~~~~~~~~~~~
      |                                                                     |
      |                                                                     uint32_t {aka long unsigned int}
../../../test/xts/acts/security_lite/huks/common/include/hks_test_log.h:38:12: note: in definition of macro 'HKS_TEST_LOG_I'
   38 |     printf(fmt); \
      |            ^~~
../../../test/xts/acts/security_lite/huks/common/hks_test_curve25519.c:334:55: note: format string is defined here
  334 |     HKS_TEST_LOG_I("HksExportPublicKey puKey size is %u", pubKeyInfo.size);
      |                                                      ~^
      |                                                       |
      |                                                       unsigned int
      |                                                      %lu
../../../test/xts/acts/security_lite/huks/common/hks_test_curve25519.c:340:20: warning: format '%u' expects argument of type 'unsigned int', but argument 2 has type 'uint32_t' {aka 'long unsigned int'} [-Wformat=]
  340 |     HKS_TEST_LOG_I("Test_Ed25519_Sign_TEE signature size is %u", signature.size);
      |                    ^~~~~~~~~~~~~~~~~~~~~~~~~~~~~~~~~~~~~~~~~~~~  ~~~~~~~~~~~~~~
      |                                                                           |
      |                                                                           uint32_t {aka long unsigned int}
../../../test/xts/acts/security_lite/huks/common/include/hks_test_log.h:38:12: note: in definition of macro 'HKS_TEST_LOG_I'
   38 |     printf(fmt); \
      |            ^~~
../../../test/xts/acts/security_lite/huks/common/hks_test_curve25519.c:340:62: note: format string is defined here
  340 |     HKS_TEST_LOG_I("Test_Ed25519_Sign_TEE signature size is %u", signature.size);
      |                                                             ~^
      |                                                              |
      |                                                              unsigned int
      |                                                             %lu
../../../test/xts/acts/security_lite/huks/common/hks_test_curve25519.c: In function 'TestSignEd25519Wrong':
../../../test/xts/acts/security_lite/huks/common/hks_test_curve25519.c:390:20: warning: format '%u' expects argument of type 'unsigned int', but argument 2 has type 'uint32_t' {aka 'long unsigned int'} [-Wformat=]
  390 |     HKS_TEST_LOG_I("TestSignEd25519 signature size is %u", signature.size);
      |                    ^~~~~~~~~~~~~~~~~~~~~~~~~~~~~~~~~~~~~~  ~~~~~~~~~~~~~~
      |                                                                     |
      |                                                                     uint32_t {aka long unsigned int}
../../../test/xts/acts/security_lite/huks/common/include/hks_test_log.h:38:12: note: in definition of macro 'HKS_TEST_LOG_I'
   38 |     printf(fmt); \
      |            ^~~
../../../test/xts/acts/security_lite/huks/common/hks_test_curve25519.c:390:56: note: format string is defined here
  390 |     HKS_TEST_LOG_I("TestSignEd25519 signature size is %u", signature.size);
      |                                                       ~^
      |                                                        |
      |                                                        unsigned int
      |                                                       %lu
[497/849] gcc cross compiler obj/test/xts/acts/security_lite/huks/common/libhuks_test_common.hks_test_cipher.o
[498/849] gcc cross compiler obj/test/xts/acts/security_lite/huks/common/libhuks_test_common.hks_test_mem.o
[499/849] gcc cross compiler obj/test/xts/acts/security_lite/huks/common/libhuks_test_common.hks_test_common.o
In file included from ../../../test/xts/acts/security_lite/huks/common/hks_test_common.c:23:
../../../test/xts/acts/security_lite/huks/common/hks_test_common.c: In function 'TestGenerateKeyParamSetPre':
../../../test/xts/acts/security_lite/huks/common/hks_test_common.c:132:24: warning: format '%X' expects argument of type 'unsigned int', but argument 2 has type 'int32_t' {aka 'long int'} [-Wformat=]
  132 |         HKS_TEST_LOG_I("HksAddParams ret = 0x%X", ret);
      |                        ^~~~~~~~~~~~~~~~~~~~~~~~~  ~~~
      |                                                   |
      |                                                   int32_t {aka long int}
../../../test/xts/acts/security_lite/huks/common/include/hks_test_log.h:38:12: note: in definition of macro 'HKS_TEST_LOG_I'
   38 |     printf(fmt); \
      |            ^~~
../../../test/xts/acts/security_lite/huks/common/hks_test_common.c:132:47: note: format string is defined here
  132 |         HKS_TEST_LOG_I("HksAddParams ret = 0x%X", ret);
      |                                              ~^
      |                                               |
      |                                               unsigned int
      |                                              %lX
[500/849] gcc cross compiler obj/test/xts/acts/security_lite/huks/common/libhuks_test_common.hks_test_file_operator.o
In file included from ../../../test/xts/acts/security_lite/huks/common/hks_test_file_operator.c:37:
../../../test/xts/acts/security_lite/huks/common/hks_test_file_operator.c: In function 'FileRead':
../../../test/xts/acts/security_lite/huks/common/hks_test_file_operator.c:212:24: warning: format '%x' expects argument of type 'unsigned int', but argument 2 has type 'int32_t' {aka 'long int'} [-Wformat=]
  212 |         HKS_TEST_LOG_E("stat file failed, errno = 0x%x", ret);
      |                        ^~~~~~~~~~~~~~~~~~~~~~~~~~~~~~~~  ~~~
      |                                                          |
      |                                                          int32_t {aka long int}
../../../test/xts/acts/security_lite/huks/common/include/hks_test_log.h:31:12: note: in definition of macro 'HKS_TEST_LOG_E'
   31 |     printf(fmt); \
      |            ^~~
../../../test/xts/acts/security_lite/huks/common/hks_test_file_operator.c:212:54: note: format string is defined here
  212 |         HKS_TEST_LOG_E("stat file failed, errno = 0x%x", ret);
      |                                                     ~^
      |                                                      |
      |                                                      unsigned int
      |                                                     %lx
../../../test/xts/acts/security_lite/huks/common/hks_test_file_operator.c:217:24: warning: format '%d' expects argument of type 'int', but argument 3 has type 'uint32_t' {aka 'long unsigned int'} [-Wformat=]
  217 |         HKS_TEST_LOG_E("read data over file size!\n, file size = %d\n, buf len = %d\n", fileSize, len);
      |                        ^~~~~~~~~~~~~~~~~~~~~~~~~~~~~~~~~~~~~~~~~~~~~~~~~~~~~~~~~~~~~~~            ~~~
      |                                                                                                   |
      |                                                                                                   uint32_t {aka long unsigned int}
../../../test/xts/acts/security_lite/huks/common/include/hks_test_log.h:31:12: note: in definition of macro 'HKS_TEST_LOG_E'
   31 |     printf(fmt); \
      |            ^~~
../../../test/xts/acts/security_lite/huks/common/hks_test_file_operator.c:217:83: note: format string is defined here
  217 |         HKS_TEST_LOG_E("read data over file size!\n, file size = %d\n, buf len = %d\n", fileSize, len);
      |                                                                                  ~^
      |                                                                                   |
      |                                                                                   int
      |                                                                                  %ld
../../../test/xts/acts/security_lite/huks/common/hks_test_file_operator.c:227:29: warning: pointer targets in passing argument 2 of 'UtilsFileRead' differ in signedness [-Wpointer-sign]
  227 |     ret = UtilsFileRead(fd, buf, len);
      |                             ^~~
      |                             |
      |                             uint8_t * {aka unsigned char *}
In file included from ../../../test/xts/acts/security_lite/huks/common/hks_test_file_operator.c:31:
../../../utils/native/lite/include/utils_file.h:185:33: note: expected 'char *' but argument is of type 'uint8_t *' {aka 'unsigned char *'}
  185 | int UtilsFileRead(int fd, char* buf, unsigned int len);
      |                           ~~~~~~^~~
../../../test/xts/acts/security_lite/huks/common/hks_test_file_operator.c:230:24: warning: format '%x' expects argument of type 'unsigned int', but argument 2 has type 'int32_t' {aka 'long int'} [-Wformat=]
  230 |         HKS_TEST_LOG_E("failed to read file, errno = 0x%x", ret);
      |                        ^~~~~~~~~~~~~~~~~~~~~~~~~~~~~~~~~~~  ~~~
      |                                                             |
      |                                                             int32_t {aka long int}
../../../test/xts/acts/security_lite/huks/common/include/hks_test_log.h:31:12: note: in definition of macro 'HKS_TEST_LOG_E'
   31 |     printf(fmt); \
      |            ^~~
../../../test/xts/acts/security_lite/huks/common/hks_test_file_operator.c:230:57: note: format string is defined here
  230 |         HKS_TEST_LOG_E("failed to read file, errno = 0x%x", ret);
      |                                                        ~^
      |                                                         |
      |                                                         unsigned int
      |                                                        %lx
../../../test/xts/acts/security_lite/huks/common/hks_test_file_operator.c: In function 'FileWrite':
../../../test/xts/acts/security_lite/huks/common/hks_test_file_operator.c:250:38: warning: pointer targets in passing argument 2 of 'UtilsFileWrite' differ in signedness [-Wpointer-sign]
  250 |     int32_t ret = UtilsFileWrite(fd, buf, len);
      |                                      ^~~
      |                                      |
      |                                      const uint8_t * {aka const unsigned char *}
../../../utils/native/lite/include/utils_file.h:197:40: note: expected 'const char *' but argument is of type 'const uint8_t *' {aka 'const unsigned char *'}
  197 | int UtilsFileWrite(int fd, const char* buf, unsigned int len);
      |                            ~~~~~~~~~~~~^~~
../../../test/xts/acts/security_lite/huks/common/hks_test_file_operator.c:252:24: warning: format '%x' expects argument of type 'unsigned int', but argument 2 has type 'int32_t' {aka 'long int'} [-Wformat=]
  252 |         HKS_TEST_LOG_E("failed to write key file, errno = 0x%x\n", ret);
      |                        ^~~~~~~~~~~~~~~~~~~~~~~~~~~~~~~~~~~~~~~~~~  ~~~
      |                                                                    |
      |                                                                    int32_t {aka long int}
../../../test/xts/acts/security_lite/huks/common/include/hks_test_log.h:31:12: note: in definition of macro 'HKS_TEST_LOG_E'
   31 |     printf(fmt); \
      |            ^~~
../../../test/xts/acts/security_lite/huks/common/hks_test_file_operator.c:252:62: note: format string is defined here
  252 |         HKS_TEST_LOG_E("failed to write key file, errno = 0x%x\n", ret);
      |                                                             ~^
      |                                                              |
      |                                                              unsigned int
      |                                                             %lx
../../../test/xts/acts/security_lite/huks/common/hks_test_file_operator.c:258:24: warning: format '%x' expects argument of type 'unsigned int', but argument 2 has type 'int32_t' {aka 'long int'} [-Wformat=]
  258 |         HKS_TEST_LOG_E("failed to close file, errno = 0x%x\n", ret);
      |                        ^~~~~~~~~~~~~~~~~~~~~~~~~~~~~~~~~~~~~~  ~~~
      |                                                                |
      |                                                                int32_t {aka long int}
../../../test/xts/acts/security_lite/huks/common/include/hks_test_log.h:31:12: note: in definition of macro 'HKS_TEST_LOG_E'
   31 |     printf(fmt); \
      |            ^~~
../../../test/xts/acts/security_lite/huks/common/hks_test_file_operator.c:258:58: note: format string is defined here
  258 |         HKS_TEST_LOG_E("failed to close file, errno = 0x%x\n", ret);
      |                                                         ~^
      |                                                          |
      |                                                          unsigned int
      |                                                         %lx
../../../test/xts/acts/security_lite/huks/common/hks_test_file_operator.c: In function 'FileSize':
../../../test/xts/acts/security_lite/huks/common/hks_test_file_operator.c:270:24: warning: format '%x' expects argument of type 'unsigned int', but argument 2 has type 'int32_t' {aka 'long int'} [-Wformat=]
  270 |         HKS_TEST_LOG_E("stat file failed, errno = 0x%x", ret);
      |                        ^~~~~~~~~~~~~~~~~~~~~~~~~~~~~~~~  ~~~
      |                                                          |
      |                                                          int32_t {aka long int}
../../../test/xts/acts/security_lite/huks/common/include/hks_test_log.h:31:12: note: in definition of macro 'HKS_TEST_LOG_E'
   31 |     printf(fmt); \
      |            ^~~
../../../test/xts/acts/security_lite/huks/common/hks_test_file_operator.c:270:54: note: format string is defined here
  270 |         HKS_TEST_LOG_E("stat file failed, errno = 0x%x", ret);
      |                                                     ~^
      |                                                      |
      |                                                      unsigned int
      |                                                     %lx
[501/849] AR libs/libhuks_test_common.a
[502/849] gcc cross compiler obj/test/xts/acts/security_lite/huks/liteos_m_adapter/libmodule_ActsHuksHalFunctionTest.hks_curve25519_test.o
[503/849] gcc cross compiler obj/test/xts/acts/security_lite/huks/liteos_m_adapter/libmodule_ActsHuksHalFunctionTest.hks_delete_test.o
../../../test/xts/acts/security_lite/huks/liteos_m_adapter/hks_delete_test.c: In function 'HksDeleteTestSetUp':
../../../test/xts/acts/security_lite/huks/liteos_m_adapter/hks_delete_test.c:97:5: warning: implicit declaration of function 'sleep' [-Wimplicit-function-declaration]
   97 |     sleep(WAIT_TO_TEST_DONE);
      |     ^~~~~
../../../test/xts/acts/security_lite/huks/liteos_m_adapter/hks_delete_test.c:86:18: warning: variable 'id' set but not used [-Wunused-but-set-variable]
   86 |     osThreadId_t id;
      |                  ^~
../../../test/xts/acts/security_lite/huks/liteos_m_adapter/hks_delete_test.c: In function 'HksDeleteTest001_runTest':
../../../test/xts/acts/security_lite/huks/liteos_m_adapter/hks_delete_test.c:120:18: warning: variable 'id' set but not used [-Wunused-but-set-variable]
  120 |     osThreadId_t id;
      |                  ^~
[504/849] gcc cross compiler obj/test/xts/acts/security_lite/huks/liteos_m_adapter/libmodule_ActsHuksHalFunctionTest.hks_derive_test.o
../../../test/xts/acts/security_lite/huks/liteos_m_adapter/hks_derive_test.c: In function 'HksDeriveTestSetUp':
../../../test/xts/acts/security_lite/huks/liteos_m_adapter/hks_derive_test.c:70:5: warning: implicit declaration of function 'sleep' [-Wimplicit-function-declaration]
   70 |     sleep(WAIT_TO_TEST_DONE);
      |     ^~~~~
../../../test/xts/acts/security_lite/huks/liteos_m_adapter/hks_derive_test.c:59:18: warning: variable 'id' set but not used [-Wunused-but-set-variable]
   59 |     osThreadId_t id;
      |                  ^~
../../../test/xts/acts/security_lite/huks/liteos_m_adapter/hks_derive_test.c: In function 'HksDeriveTest001_runTest':
../../../test/xts/acts/security_lite/huks/liteos_m_adapter/hks_derive_test.c:253:18: warning: variable 'id' set but not used [-Wunused-but-set-variable]
  253 |     osThreadId_t id;
      |                  ^~
../../../test/xts/acts/security_lite/huks/liteos_m_adapter/hks_derive_test.c: In function 'HksDeriveTest002_runTest':
../../../test/xts/acts/security_lite/huks/liteos_m_adapter/hks_derive_test.c:276:18: warning: variable 'id' set but not used [-Wunused-but-set-variable]
  276 |     osThreadId_t id;
      |                  ^~
[505/849] gcc cross compiler obj/test/xts/acts/security_lite/huks/liteos_m_adapter/libmodule_ActsHuksHalFunctionTest.hks_exist_test.o
../../../test/xts/acts/security_lite/huks/liteos_m_adapter/hks_exist_test.c: In function 'HksExistTestSetUp':
../../../test/xts/acts/security_lite/huks/liteos_m_adapter/hks_exist_test.c:104:5: warning: implicit declaration of function 'sleep' [-Wimplicit-function-declaration]
  104 |     sleep(WAIT_TO_TEST_DONE);
      |     ^~~~~
../../../test/xts/acts/security_lite/huks/liteos_m_adapter/hks_exist_test.c:93:18: warning: variable 'id' set but not used [-Wunused-but-set-variable]
   93 |     osThreadId_t id;
      |                  ^~
../../../test/xts/acts/security_lite/huks/liteos_m_adapter/hks_exist_test.c: In function 'HksExistTest001_runTest':
../../../test/xts/acts/security_lite/huks/liteos_m_adapter/hks_exist_test.c:127:18: warning: variable 'id' set but not used [-Wunused-but-set-variable]
  127 |     osThreadId_t id;
      |                  ^~
[506/849] gcc cross compiler obj/test/xts/acts/startup_lite/bootstrap_hal/src/libmodule_ActsBootstrapTest.samgr_api_test.o
[507/849] gcc cross compiler obj/test/xts/acts/security_lite/huks/liteos_m_adapter/libmodule_ActsHuksHalFunctionTest.hks_generate_key_test.o
../../../test/xts/acts/security_lite/huks/liteos_m_adapter/hks_generate_key_test.c: In function 'HksGenerateKeyTestSetUp':
../../../test/xts/acts/security_lite/huks/liteos_m_adapter/hks_generate_key_test.c:71:5: warning: implicit declaration of function 'sleep' [-Wimplicit-function-declaration]
   71 |     sleep(WAIT_TO_TEST_DONE);
      |     ^~~~~
../../../test/xts/acts/security_lite/huks/liteos_m_adapter/hks_generate_key_test.c:60:18: warning: variable 'id' set but not used [-Wunused-but-set-variable]
   60 |     osThreadId_t id;
      |                  ^~
../../../test/xts/acts/security_lite/huks/liteos_m_adapter/hks_generate_key_test.c: In function 'ExecHksGenerateKeyTest001':
../../../test/xts/acts/security_lite/huks/liteos_m_adapter/hks_generate_key_test.c:107:14: warning: unused variable 'times' [-Wunused-variable]
  107 |     uint32_t times = 1;
      |              ^~~~~
../../../test/xts/acts/security_lite/huks/liteos_m_adapter/hks_generate_key_test.c: In function 'HksGenerateKeyTest001_runTest':
../../../test/xts/acts/security_lite/huks/liteos_m_adapter/hks_generate_key_test.c:166:18: warning: variable 'id' set but not used [-Wunused-but-set-variable]
  166 |     osThreadId_t id;
      |                  ^~
[508/849] gcc cross compiler obj/test/xts/acts/security_lite/huks/liteos_m_adapter/libmodule_ActsHuksHalFunctionTest.hks_generate_random_test.o
../../../test/xts/acts/security_lite/huks/liteos_m_adapter/hks_generate_random_test.c: In function 'HksGenerateRandomTestSetUp':
../../../test/xts/acts/security_lite/huks/liteos_m_adapter/hks_generate_random_test.c:69:5: warning: implicit declaration of function 'sleep' [-Wimplicit-function-declaration]
   69 |     sleep(WAIT_TO_TEST_DONE);
      |     ^~~~~
../../../test/xts/acts/security_lite/huks/liteos_m_adapter/hks_generate_random_test.c:58:18: warning: variable 'id' set but not used [-Wunused-but-set-variable]
   58 |     osThreadId_t id;
      |                  ^~
../../../test/xts/acts/security_lite/huks/liteos_m_adapter/hks_generate_random_test.c: In function 'HksGenerateRandomTest001_runTest':
../../../test/xts/acts/security_lite/huks/liteos_m_adapter/hks_generate_random_test.c:123:18: warning: variable 'id' set but not used [-Wunused-but-set-variable]
  123 |     osThreadId_t id;
      |                  ^~
[509/849] gcc cross compiler obj/test/xts/acts/security_lite/huks/liteos_m_adapter/libmodule_ActsHuksHalFunctionTest.hks_hash_test.o
../../../test/xts/acts/security_lite/huks/liteos_m_adapter/hks_hash_test.c: In function 'HksHashTestSetUp':
../../../test/xts/acts/security_lite/huks/liteos_m_adapter/hks_hash_test.c:73:5: warning: implicit declaration of function 'sleep' [-Wimplicit-function-declaration]
   73 |     sleep(WAIT_TO_TEST_DONE);
      |     ^~~~~
../../../test/xts/acts/security_lite/huks/liteos_m_adapter/hks_hash_test.c:62:18: warning: variable 'id' set but not used [-Wunused-but-set-variable]
   62 |     osThreadId_t id;
      |                  ^~
../../../test/xts/acts/security_lite/huks/liteos_m_adapter/hks_hash_test.c: In function 'HksHashTest001_runTest':
../../../test/xts/acts/security_lite/huks/liteos_m_adapter/hks_hash_test.c:147:18: warning: variable 'id' set but not used [-Wunused-but-set-variable]
  147 |     osThreadId_t id;
      |                  ^~
[510/849] gcc cross compiler obj/test/xts/acts/security_lite/huks/liteos_m_adapter/libmodule_ActsHuksHalFunctionTest.hks_mac_test.o
../../../test/xts/acts/security_lite/huks/liteos_m_adapter/hks_mac_test.c: In function 'HksMacTestSetUp':
../../../test/xts/acts/security_lite/huks/liteos_m_adapter/hks_mac_test.c:94:5: warning: implicit declaration of function 'sleep' [-Wimplicit-function-declaration]
   94 |     sleep(WAIT_TO_TEST_DONE);
      |     ^~~~~
../../../test/xts/acts/security_lite/huks/liteos_m_adapter/hks_mac_test.c:83:18: warning: variable 'id' set but not used [-Wunused-but-set-variable]
   83 |     osThreadId_t id;
      |                  ^~
../../../test/xts/acts/security_lite/huks/liteos_m_adapter/hks_mac_test.c: In function 'HksMacTest001_runTest':
../../../test/xts/acts/security_lite/huks/liteos_m_adapter/hks_mac_test.c:234:18: warning: variable 'id' set but not used [-Wunused-but-set-variable]
  234 |     osThreadId_t id;
      |                  ^~
../../../test/xts/acts/security_lite/huks/liteos_m_adapter/hks_mac_test.c: In function 'HksMacTest002_runTest':
../../../test/xts/acts/security_lite/huks/liteos_m_adapter/hks_mac_test.c:257:18: warning: variable 'id' set but not used [-Wunused-but-set-variable]
  257 |     osThreadId_t id;
      |                  ^~
[511/849] gcc cross compiler obj/test/xts/acts/security_lite/huks/liteos_m_adapter/libmodule_ActsHuksHalFunctionTest.hks_safe_cipher_key_test.o
[512/849] gcc cross compiler obj/test/xts/acts/security_lite/huks/liteos_m_adapter/libmodule_ActsHuksHalFunctionTest.hks_modify_key_test.o
../../../test/xts/acts/security_lite/huks/liteos_m_adapter/hks_modify_key_test.c: In function 'HksModifyKeyTestSetUp':
../../../test/xts/acts/security_lite/huks/liteos_m_adapter/hks_modify_key_test.c:123:5: warning: implicit declaration of function 'sleep' [-Wimplicit-function-declaration]
  123 |     sleep(WAIT_TO_TEST_DONE);
      |     ^~~~~
../../../test/xts/acts/security_lite/huks/liteos_m_adapter/hks_modify_key_test.c:112:18: warning: variable 'id' set but not used [-Wunused-but-set-variable]
  112 |     osThreadId_t id;
      |                  ^~
../../../test/xts/acts/security_lite/huks/liteos_m_adapter/hks_modify_key_test.c: In function 'BaseTestCipherProcess':
../../../test/xts/acts/security_lite/huks/liteos_m_adapter/hks_modify_key_test.c:297:13: warning: initialization discards 'const' qualifier from pointer target type [-Wdiscarded-qualifiers]
  297 |             keyAlias, &g_testCipherParams[index], cipherData,
      |             ^~~~~~~~
../../../test/xts/acts/security_lite/huks/liteos_m_adapter/hks_modify_key_test.c: In function 'HksModifyKeyTest001_runTest':
../../../test/xts/acts/security_lite/huks/liteos_m_adapter/hks_modify_key_test.c:402:18: warning: variable 'id' set but not used [-Wunused-but-set-variable]
  402 |     osThreadId_t id;
      |                  ^~
../../../test/xts/acts/security_lite/huks/liteos_m_adapter/hks_modify_key_test.c: In function 'HksStoreKeyBlob':
../../../test/xts/acts/security_lite/huks/liteos_m_adapter/hks_modify_key_test.c:336:1: warning: control reaches end of non-void function [-Wreturn-type]
  336 | }
      | ^
../../../test/xts/acts/security_lite/huks/liteos_m_adapter/hks_modify_key_test.c: At top level:
../../../test/xts/acts/security_lite/huks/liteos_m_adapter/hks_modify_key_test.c:37:20: warning: 'g_storePath' defined but not used [-Wunused-variable]
   37 | static const char *g_storePath = "./hks_store/";
      |                    ^~~~~~~~~~~
[513/849] gcc cross compiler obj/test/xts/acts/security_lite/huks/liteos_m_adapter/libmodule_ActsHuksHalFunctionTest.hks_safe_compare_key_test.o
../../../test/xts/acts/security_lite/huks/liteos_m_adapter/hks_safe_compare_key_test.c: In function 'HksSafeCompareKeyTestSetUp':
../../../test/xts/acts/security_lite/huks/liteos_m_adapter/hks_safe_compare_key_test.c:77:5: warning: implicit declaration of function 'sleep' [-Wimplicit-function-declaration]
   77 |     sleep(WAIT_TO_TEST_DONE);
      |     ^~~~~
../../../test/xts/acts/security_lite/huks/liteos_m_adapter/hks_safe_compare_key_test.c:66:18: warning: variable 'id' set but not used [-Wunused-but-set-variable]
   66 |     osThreadId_t id;
      |                  ^~
../../../test/xts/acts/security_lite/huks/liteos_m_adapter/hks_safe_compare_key_test.c: In function 'GetKeyOffsetByKeyAlias':
../../../test/xts/acts/security_lite/huks/liteos_m_adapter/hks_safe_compare_key_test.c:171:17: warning: implicit declaration of function 'HksMemCmp' [-Wimplicit-function-declaration]
  171 |             if (HksMemCmp(keyAlias->data, tmpBuf + sizeof(*keyInfo), keyAlias->size) == 0) {
      |                 ^~~~~~~~~
../../../test/xts/acts/security_lite/huks/liteos_m_adapter/hks_safe_compare_key_test.c:163:14: warning: unused variable 'totalLen' [-Wunused-variable]
  163 |     uint32_t totalLen = keyInfoHead->totalLen;
      |              ^~~~~~~~
../../../test/xts/acts/security_lite/huks/liteos_m_adapter/hks_safe_compare_key_test.c: In function 'CompareKeyData':
../../../test/xts/acts/security_lite/huks/liteos_m_adapter/hks_safe_compare_key_test.c:202:51: warning: pointer targets in passing argument 2 of 'GetKeyOffsetByKeyAlias' differ in signedness [-Wpointer-sign]
  202 |     int ret = GetKeyOffsetByKeyAlias(keyAliasOne, &offset1);
      |                                                   ^~~~~~~~
      |                                                   |
      |                                                   int32_t * {aka long int *}
../../../test/xts/acts/security_lite/huks/liteos_m_adapter/hks_safe_compare_key_test.c:156:81: note: expected 'uint32_t *' {aka 'long unsigned int *'} but argument is of type 'int32_t *' {aka 'long int *'}
  156 | static int32_t GetKeyOffsetByKeyAlias(const struct HksBlob *keyAlias, uint32_t *keyOffset)
      |                                                                       ~~~~~~~~~~^~~~~~~~~
../../../test/xts/acts/security_lite/huks/liteos_m_adapter/hks_safe_compare_key_test.c:208:47: warning: pointer targets in passing argument 2 of 'GetKeyOffsetByKeyAlias' differ in signedness [-Wpointer-sign]
  208 |     ret = GetKeyOffsetByKeyAlias(keyAliasTwo, &offset2);
      |                                               ^~~~~~~~
      |                                               |
      |                                               int32_t * {aka long int *}
../../../test/xts/acts/security_lite/huks/liteos_m_adapter/hks_safe_compare_key_test.c:156:81: note: expected 'uint32_t *' {aka 'long unsigned int *'} but argument is of type 'int32_t *' {aka 'long int *'}
  156 | static int32_t GetKeyOffsetByKeyAlias(const struct HksBlob *keyAlias, uint32_t *keyOffset)
      |                                                                       ~~~~~~~~~~^~~~~~~~~
../../../test/xts/acts/security_lite/huks/liteos_m_adapter/hks_safe_compare_key_test.c: In function 'HksSafeCompareKeyTest001_runTest':
../../../test/xts/acts/security_lite/huks/liteos_m_adapter/hks_safe_compare_key_test.c:244:18: warning: variable 'id' set but not used [-Wunused-but-set-variable]
  244 |     osThreadId_t id;
      |                  ^~
[514/849] gcc cross compiler obj/test/xts/acts/security_lite/huks/liteos_m_adapter/libmodule_ActsHuksHalFunctionTest.hks_others_test.o
../../../test/xts/acts/security_lite/huks/liteos_m_adapter/hks_others_test.c: In function 'HksOthersTestSetUp':
../../../test/xts/acts/security_lite/huks/liteos_m_adapter/hks_others_test.c:68:5: warning: implicit declaration of function 'sleep' [-Wimplicit-function-declaration]
   68 |     sleep(WAIT_TO_TEST_DONE);
      |     ^~~~~
../../../test/xts/acts/security_lite/huks/liteos_m_adapter/hks_others_test.c:57:18: warning: variable 'id' set but not used [-Wunused-but-set-variable]
   57 |     osThreadId_t id;
      |                  ^~
../../../test/xts/acts/security_lite/huks/liteos_m_adapter/hks_others_test.c: In function 'HksOthersTest001_runTest':
../../../test/xts/acts/security_lite/huks/liteos_m_adapter/hks_others_test.c:163:18: warning: variable 'id' set but not used [-Wunused-but-set-variable]
  163 |     osThreadId_t id;
      |                  ^~
../../../test/xts/acts/security_lite/huks/liteos_m_adapter/hks_others_test.c: In function 'HksOthersTest002_runTest':
../../../test/xts/acts/security_lite/huks/liteos_m_adapter/hks_others_test.c:185:18: warning: variable 'id' set but not used [-Wunused-but-set-variable]
  185 |     osThreadId_t id;
      |                  ^~
../../../test/xts/acts/security_lite/huks/liteos_m_adapter/hks_others_test.c: In function 'HksOthersTest003_runTest':
../../../test/xts/acts/security_lite/huks/liteos_m_adapter/hks_others_test.c:207:18: warning: variable 'id' set but not used [-Wunused-but-set-variable]
  207 |     osThreadId_t id;
      |                  ^~
../../../test/xts/acts/security_lite/huks/liteos_m_adapter/hks_others_test.c: In function 'HksOthersTest004_runTest':
../../../test/xts/acts/security_lite/huks/liteos_m_adapter/hks_others_test.c:229:18: warning: variable 'id' set but not used [-Wunused-but-set-variable]
  229 |     osThreadId_t id;
      |                  ^~
../../../test/xts/acts/security_lite/huks/liteos_m_adapter/hks_others_test.c: In function 'HksOthersTest005_runTest':
../../../test/xts/acts/security_lite/huks/liteos_m_adapter/hks_others_test.c:251:18: warning: variable 'id' set but not used [-Wunused-but-set-variable]
  251 |     osThreadId_t id;
      |                  ^~
../../../test/xts/acts/security_lite/huks/liteos_m_adapter/hks_others_test.c: In function 'HksOthersTest006_runTest':
../../../test/xts/acts/security_lite/huks/liteos_m_adapter/hks_others_test.c:273:18: warning: variable 'id' set but not used [-Wunused-but-set-variable]
  273 |     osThreadId_t id;
      |                  ^~
../../../test/xts/acts/security_lite/huks/liteos_m_adapter/hks_others_test.c: In function 'HksOthersTest007_runTest':
../../../test/xts/acts/security_lite/huks/liteos_m_adapter/hks_others_test.c:295:18: warning: variable 'id' set but not used [-Wunused-but-set-variable]
  295 |     osThreadId_t id;
      |                  ^~
../../../test/xts/acts/security_lite/huks/liteos_m_adapter/hks_others_test.c: In function 'HksOthersTest008_runTest':
../../../test/xts/acts/security_lite/huks/liteos_m_adapter/hks_others_test.c:317:18: warning: variable 'id' set but not used [-Wunused-but-set-variable]
  317 |     osThreadId_t id;
      |                  ^~
[515/849] gcc cross compiler obj/test/xts/acts/utils_lite/file_hal/src/libmodule_ActsUtilsFileTest.utils_file_reli_test.o
[516/849] gcc cross compiler obj/test/xts/acts/utils_lite/file_hal/src/libmodule_ActsUtilsFileTest.utils_file_func_test.o
[517/849] gcc cross compiler obj/test/xts/acts/startup_lite/syspara_hal/src/libmodule_ActsParameterTest.parameter_utils.o
In file included from ../../../third_party/unity/src/unity.h:21,
                 from ../../../test/xts/tools/lite/hctest/include/hctest.h:22,
                 from ../../../test/xts/acts/startup_lite/syspara_hal/src/parameter_utils.c:16:
../../../test/xts/acts/startup_lite/syspara_hal/src/parameter_utils.c: In function 'AssertNotEmpty':
../../../test/xts/acts/startup_lite/syspara_hal/src/parameter_utils.c:23:26: warning: implicit declaration of function 'strlen' [-Wimplicit-function-declaration]
   23 |         TEST_ASSERT_TRUE(strlen(sysPara) > 0);
      |                          ^~~~~~
../../../third_party/unity/src/unity_internals.h:756:102: note: in definition of macro 'UNITY_TEST_ASSERT'
  756 | #define UNITY_TEST_ASSERT(condition, line, message)                                              if (condition) {} else {UNITY_TEST_FAIL((UNITY_LINE_TYPE)(line), (message));}
      |                                                                                                      ^~~~~~~~~
../../../test/xts/acts/startup_lite/syspara_hal/src/parameter_utils.c:23:9: note: in expansion of macro 'TEST_ASSERT_TRUE'
   23 |         TEST_ASSERT_TRUE(strlen(sysPara) > 0);
      |         ^~~~~~~~~~~~~~~~
../../../test/xts/acts/startup_lite/syspara_hal/src/parameter_utils.c:18:1: note: 'strlen' is defined in header '<string.h>'; did you forget to '#include <string.h>'?
   17 | #include "parameter_utils.h"
  +++ |+#include <string.h>
   18 | 
[518/849] gcc cross compiler obj/test/xts/acts/startup_lite/syspara_hal/src/libmodule_ActsParameterTest.parameter_reli_test.o
../../../test/xts/acts/startup_lite/syspara_hal/src/parameter_reli_test.c: In function 'testObtainSysParaReli001_runTest':
../../../test/xts/acts/startup_lite/syspara_hal/src/parameter_reli_test.c:62:17: warning: unused variable 'value' [-Wunused-variable]
   62 |     const char* value = GetDeviceType();
      |                 ^~~~~
../../../test/xts/acts/startup_lite/syspara_hal/src/parameter_reli_test.c: In function 'testObtainSysParaReli002_runTest':
../../../test/xts/acts/startup_lite/syspara_hal/src/parameter_reli_test.c:79:17: warning: unused variable 'value' [-Wunused-variable]
   79 |     const char* value = GetManufacture();
      |                 ^~~~~
../../../test/xts/acts/startup_lite/syspara_hal/src/parameter_reli_test.c: In function 'testObtainSysParaReli003_runTest':
../../../test/xts/acts/startup_lite/syspara_hal/src/parameter_reli_test.c:96:17: warning: unused variable 'value' [-Wunused-variable]
   96 |     const char* value = GetBrand();
      |                 ^~~~~
../../../test/xts/acts/startup_lite/syspara_hal/src/parameter_reli_test.c: In function 'testObtainSysParaReli004_runTest':
../../../test/xts/acts/startup_lite/syspara_hal/src/parameter_reli_test.c:113:17: warning: unused variable 'value' [-Wunused-variable]
  113 |     const char* value = GetMarketName();
      |                 ^~~~~
../../../test/xts/acts/startup_lite/syspara_hal/src/parameter_reli_test.c: In function 'testObtainSysParaReli005_runTest':
../../../test/xts/acts/startup_lite/syspara_hal/src/parameter_reli_test.c:130:17: warning: unused variable 'value' [-Wunused-variable]
  130 |     const char* value = GetProductSeries();
      |                 ^~~~~
../../../test/xts/acts/startup_lite/syspara_hal/src/parameter_reli_test.c: In function 'testObtainSysParaReli006_runTest':
../../../test/xts/acts/startup_lite/syspara_hal/src/parameter_reli_test.c:147:17: warning: unused variable 'value' [-Wunused-variable]
  147 |     const char* value = GetProductModel();
      |                 ^~~~~
../../../test/xts/acts/startup_lite/syspara_hal/src/parameter_reli_test.c: In function 'testObtainSysParaReli007_runTest':
../../../test/xts/acts/startup_lite/syspara_hal/src/parameter_reli_test.c:164:17: warning: unused variable 'value' [-Wunused-variable]
  164 |     const char* value = GetHardwareModel();
      |                 ^~~~~
../../../test/xts/acts/startup_lite/syspara_hal/src/parameter_reli_test.c: In function 'testObtainSysParaReli008_runTest':
../../../test/xts/acts/startup_lite/syspara_hal/src/parameter_reli_test.c:181:17: warning: unused variable 'value' [-Wunused-variable]
  181 |     const char* value = GetHardwareProfile();
      |                 ^~~~~
../../../test/xts/acts/startup_lite/syspara_hal/src/parameter_reli_test.c: In function 'testObtainSysParaReli009_runTest':
../../../test/xts/acts/startup_lite/syspara_hal/src/parameter_reli_test.c:201:17: warning: unused variable 'value' [-Wunused-variable]
  201 |     const char* value = GetSerial();
      |                 ^~~~~
../../../test/xts/acts/startup_lite/syspara_hal/src/parameter_reli_test.c: In function 'testObtainSysParaReli010_runTest':
../../../test/xts/acts/startup_lite/syspara_hal/src/parameter_reli_test.c:218:17: warning: unused variable 'value' [-Wunused-variable]
  218 |     const char* value = GetOSFullName();
      |                 ^~~~~
../../../test/xts/acts/startup_lite/syspara_hal/src/parameter_reli_test.c: In function 'testObtainSysParaReli011_runTest':
../../../test/xts/acts/startup_lite/syspara_hal/src/parameter_reli_test.c:235:17: warning: unused variable 'value' [-Wunused-variable]
  235 |     const char* value = GetDisplayVersion();
      |                 ^~~~~
../../../test/xts/acts/startup_lite/syspara_hal/src/parameter_reli_test.c: In function 'testObtainSysParaReli012_runTest':
../../../test/xts/acts/startup_lite/syspara_hal/src/parameter_reli_test.c:252:17: warning: unused variable 'value' [-Wunused-variable]
  252 |     const char* value = GetBootloaderVersion();
      |                 ^~~~~
../../../test/xts/acts/startup_lite/syspara_hal/src/parameter_reli_test.c: In function 'testObtainSysParaReli013_runTest':
../../../test/xts/acts/startup_lite/syspara_hal/src/parameter_reli_test.c:269:17: warning: unused variable 'value' [-Wunused-variable]
  269 |     const char* value = GetSecurityPatchTag();
      |                 ^~~~~
../../../test/xts/acts/startup_lite/syspara_hal/src/parameter_reli_test.c: In function 'testObtainSysParaReli014_runTest':
../../../test/xts/acts/startup_lite/syspara_hal/src/parameter_reli_test.c:286:17: warning: unused variable 'value' [-Wunused-variable]
  286 |     const char* value = GetAbiList();
      |                 ^~~~~
In file included from ../../../third_party/unity/src/unity.h:21,
                 from ../../../test/xts/tools/lite/hctest/include/hctest.h:22,
                 from ../../../test/xts/acts/startup_lite/syspara_hal/src/parameter_reli_test.c:18:
../../../test/xts/acts/startup_lite/syspara_hal/src/parameter_reli_test.c: In function 'testObtainSysParaReli015_runTest':
../../../third_party/unity/src/unity_internals.h:758:127: warning: comparison between pointer and integer
  758 | #define UNITY_TEST_ASSERT_NOT_NULL(pointer, line, message)                                       UNITY_TEST_ASSERT(((pointer) != NULL),  (UNITY_LINE_TYPE)(line), (message))
      |                                                                                                                               ^~
../../../third_party/unity/src/unity_internals.h:756:102: note: in definition of macro 'UNITY_TEST_ASSERT'
  756 | #define UNITY_TEST_ASSERT(condition, line, message)                                              if (condition) {} else {UNITY_TEST_FAIL((UNITY_LINE_TYPE)(line), (message));}
      |                                                                                                      ^~~~~~~~~
../../../third_party/unity/src/unity.h:127:100: note: in expansion of macro 'UNITY_TEST_ASSERT_NOT_NULL'
  127 | #define TEST_ASSERT_NOT_NULL(pointer)                                                              UNITY_TEST_ASSERT_NOT_NULL((pointer), __LINE__, " Expected Non-NULL")
      |                                                                                                    ^~~~~~~~~~~~~~~~~~~~~~~~~~
../../../test/xts/acts/startup_lite/syspara_hal/src/parameter_reli_test.c:300:5: note: in expansion of macro 'TEST_ASSERT_NOT_NULL'
  300 |     TEST_ASSERT_NOT_NULL(value1);
      |     ^~~~~~~~~~~~~~~~~~~~
../../../test/xts/acts/startup_lite/syspara_hal/src/parameter_reli_test.c:304:9: warning: unused variable 'value' [-Wunused-variable]
  304 |     int value = GetFirstApiVersion();
      |         ^~~~~
../../../test/xts/acts/startup_lite/syspara_hal/src/parameter_reli_test.c: In function 'testObtainSysParaReli016_runTest':
../../../test/xts/acts/startup_lite/syspara_hal/src/parameter_reli_test.c:321:17: warning: unused variable 'value' [-Wunused-variable]
  321 |     const char* value = GetIncrementalVersion();
      |                 ^~~~~
../../../test/xts/acts/startup_lite/syspara_hal/src/parameter_reli_test.c: In function 'testObtainSysParaReli017_runTest':
../../../test/xts/acts/startup_lite/syspara_hal/src/parameter_reli_test.c:338:17: warning: unused variable 'value' [-Wunused-variable]
  338 |     const char* value = GetVersionId();
      |                 ^~~~~
../../../test/xts/acts/startup_lite/syspara_hal/src/parameter_reli_test.c: In function 'testObtainSysParaReli018_runTest':
../../../test/xts/acts/startup_lite/syspara_hal/src/parameter_reli_test.c:355:17: warning: unused variable 'value' [-Wunused-variable]
  355 |     const char* value = GetBuildType();
      |                 ^~~~~
../../../test/xts/acts/startup_lite/syspara_hal/src/parameter_reli_test.c: In function 'testObtainSysParaReli019_runTest':
../../../test/xts/acts/startup_lite/syspara_hal/src/parameter_reli_test.c:372:17: warning: unused variable 'value' [-Wunused-variable]
  372 |     const char* value = GetBuildUser();
      |                 ^~~~~
../../../test/xts/acts/startup_lite/syspara_hal/src/parameter_reli_test.c: In function 'testObtainSysParaReli020_runTest':
../../../test/xts/acts/startup_lite/syspara_hal/src/parameter_reli_test.c:389:17: warning: unused variable 'value' [-Wunused-variable]
  389 |     const char* value = GetBuildHost();
      |                 ^~~~~
../../../test/xts/acts/startup_lite/syspara_hal/src/parameter_reli_test.c: In function 'testObtainSysParaReli021_runTest':
../../../test/xts/acts/startup_lite/syspara_hal/src/parameter_reli_test.c:406:17: warning: unused variable 'value' [-Wunused-variable]
  406 |     const char* value = GetBuildTime();
      |                 ^~~~~
../../../test/xts/acts/startup_lite/syspara_hal/src/parameter_reli_test.c: In function 'testObtainSysParaReli022_runTest':
../../../test/xts/acts/startup_lite/syspara_hal/src/parameter_reli_test.c:423:17: warning: unused variable 'value' [-Wunused-variable]
  423 |     const char* value = GetBuildRootHash();
      |                 ^~~~~
../../../test/xts/acts/startup_lite/syspara_hal/src/parameter_reli_test.c: In function 'testObtainSysParaReli023_runTest':
../../../test/xts/acts/startup_lite/syspara_hal/src/parameter_reli_test.c:440:17: warning: unused variable 'value' [-Wunused-variable]
  440 |     const char* value = GetSoftwareModel();
      |                 ^~~~~
../../../test/xts/acts/startup_lite/syspara_hal/src/parameter_reli_test.c: In function 'testObtainSysParaReli024_runTest':
../../../third_party/unity/src/unity_internals.h:758:127: warning: comparison between pointer and integer
  758 | #define UNITY_TEST_ASSERT_NOT_NULL(pointer, line, message)                                       UNITY_TEST_ASSERT(((pointer) != NULL),  (UNITY_LINE_TYPE)(line), (message))
      |                                                                                                                               ^~
../../../third_party/unity/src/unity_internals.h:756:102: note: in definition of macro 'UNITY_TEST_ASSERT'
  756 | #define UNITY_TEST_ASSERT(condition, line, message)                                              if (condition) {} else {UNITY_TEST_FAIL((UNITY_LINE_TYPE)(line), (message));}
      |                                                                                                      ^~~~~~~~~
../../../third_party/unity/src/unity.h:127:100: note: in expansion of macro 'UNITY_TEST_ASSERT_NOT_NULL'
  127 | #define TEST_ASSERT_NOT_NULL(pointer)                                                              UNITY_TEST_ASSERT_NOT_NULL((pointer), __LINE__, " Expected Non-NULL")
      |                                                                                                    ^~~~~~~~~~~~~~~~~~~~~~~~~~
../../../test/xts/acts/startup_lite/syspara_hal/src/parameter_reli_test.c:454:5: note: in expansion of macro 'TEST_ASSERT_NOT_NULL'
  454 |     TEST_ASSERT_NOT_NULL(value1);
      |     ^~~~~~~~~~~~~~~~~~~~
../../../test/xts/acts/startup_lite/syspara_hal/src/parameter_reli_test.c:458:9: warning: unused variable 'value' [-Wunused-variable]
  458 |     int value = GetSdkApiVersion();
      |         ^~~~~
[519/849] gcc cross compiler obj/test/xts/acts/update_lite/dupdate_hal/src/libmodule_ActsUpdaterFuncTest.ota_func_test.o
[520/849] STAMP obj/third_party/bounds_checking_function/libsec_shared.stamp
[521/849] gcc cross compiler obj/test/xts/tools/lite/hctest/src/libhctest.hctest_service.o
[522/849] gcc cross compiler obj/test/xts/acts/startup_lite/syspara_hal/src/libmodule_ActsParameterTest.parameter_func_test.o
[523/849] gcc cross compiler obj/third_party/bounds_checking_function/src/libsec_static.memmove_s.o
[524/849] gcc cross compiler obj/third_party/bounds_checking_function/src/libsec_static.memcpy_s.o
[525/849] gcc cross compiler obj/third_party/bounds_checking_function/src/libsec_static.scanf_s.o
[526/849] gcc cross compiler obj/third_party/bounds_checking_function/src/libsec_static.memset_s.o
[527/849] gcc cross compiler obj/test/xts/tools/lite/hctest/src/libhctest.hctest.o
../../../test/xts/tools/lite/hctest/src/hctest.c: In function 'ObtainProductParams':
../../../test/xts/tools/lite/hctest/src/hctest.c:217:21: warning: comparison between pointer and integer
  217 |     if (sdkApiLevel != NULL) {
      |                     ^~
../../../test/xts/tools/lite/hctest/src/hctest.c:222:23: warning: comparison between pointer and integer
  222 |     if (firstApiLevel != NULL) {
      |                       ^~
../../../test/xts/tools/lite/hctest/src/hctest.c: In function 'AddTestCase':
../../../test/xts/tools/lite/hctest/src/hctest.c:115:5: warning: dangling pointer 'suite' to 'suite_object' may be used [-Wdangling-pointer=]
  115 |     VECTOR_Add(&(suite->test_cases), testCase);
      |     ^~~~~~~~~~~~~~~~~~~~~~~~~~~~~~~~~~~~~~~~~~
../../../test/xts/tools/lite/hctest/src/hctest.c:107:20: note: 'suite_object' declared here
  107 |         CTestSuite suite_object;
      |                    ^~~~~~~~~~~~
[528/849] gcc cross compiler obj/third_party/bounds_checking_function/src/libsec_static.fscanf_s.o
[529/849] gcc cross compiler obj/third_party/bounds_checking_function/src/libsec_static.fwscanf_s.o
[530/849] gcc cross compiler obj/test/xts/acts/utils_lite/kv_store_hal/src/libmodule_ActsKvStoreTest.kvstore_func_test.o
[531/849] gcc cross compiler obj/third_party/unity/src/libhctest.unity.o
[532/849] AR libs/libhctest.a
[533/849] gcc cross compiler obj/third_party/mbedtls/library/libmbedtls.ccm.o
[534/849] gcc cross compiler obj/third_party/bounds_checking_function/src/libsec_static.gets_s.o
[535/849] AR libs/libmodule_ActsLwipTest.a
[536/849] AR libs/libmodule_ActsWifiServiceTest.a
[537/849] AR libs/libmodule_ActsSamgrTest.a
[538/849] ACTION //test/xts/acts/communication_lite/wifiservice_hal:ActsWifiServiceTest(//build/lite/toolchain:arm-none-eabi-gcc)
[539/849] STAMP obj/test/xts/acts/communication_lite/wifiservice_hal/ActsWifiServiceTest.stamp
[540/849] AR libs/libmodule_ActsHieventLiteTest.a
[541/849] ACTION //test/xts/acts/communication_lite/lwip_hal:ActsLwipTest(//build/lite/toolchain:arm-none-eabi-gcc)
[542/849] STAMP obj/test/xts/acts/communication_lite/lwip_hal/ActsLwipTest.stamp
[543/849] AR libs/libmodule_ActsDfxFuncTest.a
[544/849] ACTION //test/xts/acts/distributed_schedule_lite/system_ability_manager_hal:ActsSamgrTest(//build/lite/toolchain:arm-none-eabi-gcc)
[545/849] STAMP obj/test/xts/acts/distributed_schedule_lite/system_ability_manager_hal/ActsSamgrTest.stamp
[546/849] AR libs/libmodule_ActsWifiIotTest.a
[547/849] ACTION //test/xts/acts/hiviewdfx_lite/hievent_hal:ActsHieventLiteTest(//build/lite/toolchain:arm-none-eabi-gcc)
[548/849] STAMP obj/test/xts/acts/hiviewdfx_lite/hievent_hal/ActsHieventLiteTest.stamp
[549/849] ACTION //test/xts/acts/hiviewdfx_lite/hilog_hal:ActsDfxFuncTest(//build/lite/toolchain:arm-none-eabi-gcc)
[550/849] ACTION //test/xts/acts/iot_hardware_lite/iot_controller_hal:ActsWifiIotTest(//build/lite/toolchain:arm-none-eabi-gcc)
[551/849] STAMP obj/test/xts/acts/hiviewdfx_lite/hilog_hal/ActsDfxFuncTest.stamp
[552/849] AR libs/libmodule_ActsBootstrapTest.a
[553/849] STAMP obj/test/xts/acts/iot_hardware_lite/iot_controller_hal/ActsWifiIotTest.stamp
[554/849] AR libs/libmodule_ActsHuksHalFunctionTest.a
[555/849] AR libs/libmodule_ActsParameterTest.a
[556/849] ACTION //test/xts/acts/startup_lite/syspara_hal:ActsParameterTest(//build/lite/toolchain:arm-none-eabi-gcc)
[557/849] STAMP obj/test/xts/acts/startup_lite/syspara_hal/ActsParameterTest.stamp
[558/849] AR libs/libmodule_ActsUpdaterFuncTest.a
[559/849] ACTION //test/xts/acts/startup_lite/bootstrap_hal:ActsBootstrapTest(//build/lite/toolchain:arm-none-eabi-gcc)
[560/849] STAMP obj/test/xts/acts/startup_lite/bootstrap_hal/ActsBootstrapTest.stamp
[561/849] AR libs/libmodule_ActsUtilsFileTest.a
[562/849] ACTION //test/xts/acts/security_lite/huks/liteos_m_adapter:ActsHuksHalFunctionTest(//build/lite/toolchain:arm-none-eabi-gcc)
[563/849] STAMP obj/test/xts/acts/security_lite/huks/liteos_m_adapter/ActsHuksHalFunctionTest.stamp
[564/849] STAMP obj/test/xts/acts/security_lite/securitytest.stamp
[565/849] STAMP obj/test/xts/tools/lite/tools.stamp
[566/849] AR libs/libmodule_ActsKvStoreTest.a
[567/849] ACTION //test/xts/acts/update_lite/dupdate_hal:ActsUpdaterFuncTest(//build/lite/toolchain:arm-none-eabi-gcc)
[568/849] STAMP obj/test/xts/acts/update_lite/dupdate_hal/ActsUpdaterFuncTest.stamp
[569/849] ACTION //test/xts/acts/utils_lite/file_hal:ActsUtilsFileTest(//build/lite/toolchain:arm-none-eabi-gcc)
[570/849] STAMP obj/test/xts/acts/utils_lite/file_hal/ActsUtilsFileTest.stamp
[571/849] ACTION //test/xts/acts/utils_lite/kv_store_hal:ActsKvStoreTest(//build/lite/toolchain:arm-none-eabi-gcc)
[572/849] STAMP obj/test/xts/acts/utils_lite/kv_store_hal/ActsKvStoreTest.stamp
[573/849] STAMP obj/test/xts/acts/build_lite/acts_component.stamp
[574/849] gcc cross compiler obj/third_party/mbedtls/library/libmbedtls.chacha20.o
[575/849] gcc cross compiler obj/third_party/mbedtls/library/libmbedtls.chachapoly.o
[576/849] ACTION //test/xts/acts/build_lite:acts_generate_module_data(//build/lite/toolchain:arm-none-eabi-gcc)
[577/849] STAMP obj/test/xts/acts/build_lite/acts_generate_module_data.stamp
[578/849] gcc cross compiler obj/third_party/mbedtls/library/libmbedtls.cipher_wrap.o
[579/849] ACTION //test/xts/acts/build_lite:acts(//build/lite/toolchain:arm-none-eabi-gcc)
[580/849] STAMP obj/test/xts/acts/build_lite/acts.stamp
[581/849] gcc cross compiler obj/third_party/mbedtls/library/libmbedtls.cmac.o
[582/849] gcc cross compiler obj/third_party/mbedtls/library/libmbedtls.cipher.o
[583/849] gcc cross compiler obj/third_party/mbedtls/library/libmbedtls.des.o
[584/849] gcc cross compiler obj/third_party/mbedtls/library/libmbedtls.asn1write.o
[585/849] gcc cross compiler obj/third_party/mbedtls/library/libmbedtls.asn1parse.o
[586/849] gcc cross compiler obj/third_party/mbedtls/library/libmbedtls.ctr_drbg.o
[587/849] gcc cross compiler obj/third_party/mbedtls/library/libmbedtls.blowfish.o
[588/849] gcc cross compiler obj/third_party/mbedtls/library/libmbedtls.base64.o
[589/849] gcc cross compiler obj/third_party/mbedtls/library/libmbedtls.camellia.o
[590/849] gcc cross compiler obj/third_party/bounds_checking_function/src/libsec_static.securecutil.o
[591/849] gcc cross compiler obj/third_party/bounds_checking_function/src/libsec_static.secureinput_a.o
[592/849] gcc cross compiler obj/third_party/bounds_checking_function/src/libsec_static.secureinput_w.o
[593/849] gcc cross compiler obj/third_party/mbedtls/library/libmbedtls.bignum.o
[594/849] gcc cross compiler obj/third_party/bounds_checking_function/src/libsec_static.snprintf_s.o
[595/849] gcc cross compiler obj/third_party/bounds_checking_function/src/libsec_static.sprintf_s.o
[596/849] gcc cross compiler obj/third_party/bounds_checking_function/src/libsec_static.secureprintoutput_a.o
[597/849] gcc cross compiler obj/third_party/bounds_checking_function/src/libsec_static.sscanf_s.o
[598/849] gcc cross compiler obj/third_party/bounds_checking_function/src/libsec_static.strcat_s.o
[599/849] gcc cross compiler obj/third_party/bounds_checking_function/src/libsec_static.strcpy_s.o
[600/849] gcc cross compiler obj/third_party/bounds_checking_function/src/libsec_static.strncat_s.o
[601/849] gcc cross compiler obj/third_party/bounds_checking_function/src/libsec_static.secureprintoutput_w.o
[602/849] gcc cross compiler obj/third_party/bounds_checking_function/src/libsec_static.strncpy_s.o
[603/849] gcc cross compiler obj/third_party/bounds_checking_function/src/libsec_static.strtok_s.o
[604/849] gcc cross compiler obj/third_party/bounds_checking_function/src/libsec_static.swprintf_s.o
[605/849] gcc cross compiler obj/third_party/bounds_checking_function/src/libsec_static.swscanf_s.o
[606/849] gcc cross compiler obj/third_party/bounds_checking_function/src/libsec_static.vfscanf_s.o
[607/849] gcc cross compiler obj/third_party/bounds_checking_function/src/libsec_static.vscanf_s.o
[608/849] gcc cross compiler obj/third_party/bounds_checking_function/src/libsec_static.vfwscanf_s.o
[609/849] gcc cross compiler obj/third_party/bounds_checking_function/src/libsec_static.vsnprintf_s.o
[610/849] gcc cross compiler obj/third_party/bounds_checking_function/src/libsec_static.vsscanf_s.o
[611/849] gcc cross compiler obj/third_party/bounds_checking_function/src/libsec_static.vsprintf_s.o
[612/849] gcc cross compiler obj/third_party/mbedtls/library/libmbedtls.aria.o
[613/849] gcc cross compiler obj/third_party/mbedtls/library/libmbedtls.aesni.o
[614/849] STAMP obj/third_party/bounds_checking_function/sec_shared.stamp
[615/849] STAMP obj/third_party/mbedtls/mbedtls_shared.stamp
[616/849] STAMP obj/third_party/bounds_checking_function/libsec_ndk.stamp
[617/849] AR libs/libsec_static.a
[618/849] gcc cross compiler obj/third_party/musl/porting/liteos_m/kernel/src/network/libmusl-c.ntohl.o
In file included from ../../../third_party/musl/porting/liteos_m/kernel/src/network/ntohl.c:2:
../../../third_party/musl/porting/liteos_m/kernel/include/byteswap.h: In function '__bswap_32':
../../../third_party/musl/porting/liteos_m/kernel/include/byteswap.h:14:32: warning: suggest parentheses around arithmetic in operand of '|' [-Wparentheses]
   14 |         return __x>>24 | __x>>8&0xff00 | __x<<8&0xff0000 | __x<<24;
      |                          ~~~~~~^~~~~~~
../../../third_party/musl/porting/liteos_m/kernel/include/byteswap.h:14:48: warning: suggest parentheses around arithmetic in operand of '|' [-Wparentheses]
   14 |         return __x>>24 | __x>>8&0xff00 | __x<<8&0xff0000 | __x<<24;
      |                                          ~~~~~~^~~~~~~~~
../../../third_party/musl/porting/liteos_m/kernel/include/byteswap.h: In function '__bswap_64':
../../../third_party/musl/porting/liteos_m/kernel/include/byteswap.h:19:31: warning: suggest parentheses around '+' inside '<<' [-Wparentheses]
   19 |         return __bswap_32(__x)+0ULL<<32 | __bswap_32(__x>>32);
      |                ~~~~~~~~~~~~~~~^~~~~
[619/849] gcc cross compiler obj/third_party/mbedtls/library/libmbedtls.arc4.o
[620/849] gcc cross compiler obj/third_party/musl/porting/liteos_m/kernel/src/network/libmusl-c.ntohs.o
In file included from ../../../third_party/musl/porting/liteos_m/kernel/src/network/ntohs.c:2:
../../../third_party/musl/porting/liteos_m/kernel/include/byteswap.h: In function '__bswap_32':
../../../third_party/musl/porting/liteos_m/kernel/include/byteswap.h:14:32: warning: suggest parentheses around arithmetic in operand of '|' [-Wparentheses]
   14 |         return __x>>24 | __x>>8&0xff00 | __x<<8&0xff0000 | __x<<24;
      |                          ~~~~~~^~~~~~~
../../../third_party/musl/porting/liteos_m/kernel/include/byteswap.h:14:48: warning: suggest parentheses around arithmetic in operand of '|' [-Wparentheses]
   14 |         return __x>>24 | __x>>8&0xff00 | __x<<8&0xff0000 | __x<<24;
      |                                          ~~~~~~^~~~~~~~~
../../../third_party/musl/porting/liteos_m/kernel/include/byteswap.h: In function '__bswap_64':
../../../third_party/musl/porting/liteos_m/kernel/include/byteswap.h:19:31: warning: suggest parentheses around '+' inside '<<' [-Wparentheses]
   19 |         return __bswap_32(__x)+0ULL<<32 | __bswap_32(__x>>32);
      |                ~~~~~~~~~~~~~~~^~~~~
[621/849] gcc cross compiler obj/third_party/musl/porting/liteos_m/kernel/src/network/libmusl-c.inet_ntoa.o
[622/849] gcc cross compiler obj/third_party/musl/porting/liteos_m/kernel/src/exit/libmusl-c.abort.o
[623/849] gcc cross compiler obj/third_party/musl/porting/liteos_m/kernel/src/ctype/libmusl-c.isascii.o
[624/849] gcc cross compiler obj/third_party/musl/porting/liteos_m/kernel/src/ctype/libmusl-c.isxdigit.o
[625/849] gcc cross compiler obj/third_party/musl/porting/liteos_m/kernel/src/exit/libmusl-c.assert.o
../../../third_party/musl/porting/liteos_m/kernel/src/exit/assert.c: In function '__assert_fail':
../../../third_party/musl/porting/liteos_m/kernel/src/exit/assert.c:7:3: warning: implicit declaration of function 'LOS_Panic' [-Wimplicit-function-declaration]
    7 |   LOS_Panic("__assert error:\n");
      |   ^~~~~~~~~
[626/849] gcc cross compiler obj/third_party/musl/porting/liteos_m/kernel/src/ctype/libmusl-c.isupper.o
[627/849] gcc cross compiler obj/third_party/musl/porting/liteos_m/kernel/src/ctype/libmusl-c.isdigit.o
[628/849] gcc cross compiler obj/third_party/musl/porting/liteos_m/kernel/src/ctype/libmusl-c.isspace.o
[629/849] gcc cross compiler obj/third_party/musl/porting/liteos_m/kernel/src/ctype/libmusl-c.isalnum.o
[630/849] gcc cross compiler obj/third_party/musl/porting/liteos_m/kernel/src/ctype/libmusl-c.islower.o
[631/849] gcc cross compiler obj/third_party/musl/porting/liteos_m/kernel/src/ctype/libmusl-c.tolower.o
[632/849] gcc cross compiler obj/third_party/musl/porting/liteos_m/kernel/src/ctype/libmusl-c.toupper.o
[633/849] gcc cross compiler obj/third_party/musl/porting/liteos_m/kernel/src/ctype/libmusl-c.isprint.o
[634/849] gcc cross compiler obj/third_party/musl/porting/liteos_m/kernel/src/ctype/libmusl-c.__ctype_get_mb_cur_max.o
In file included from ../../../third_party/musl/porting/liteos_m/kernel/src/internal/locale_impl.h:9,
                 from ../../../third_party/musl/porting/liteos_m/kernel/src/ctype/__ctype_get_mb_cur_max.c:2:
../../../third_party/musl/porting/liteos_m/kernel/src/internal/pthread_impl.h:87:38: warning: 'struct pthread_cleanup_buffer' declared inside parameter list will not be visible outside of this definition or declaration
   87 | hidden void __do_cleanup_push(struct pthread_cleanup_buffer *);
      |                                      ^~~~~~~~~~~~~~~~~~~~~~
../../../third_party/musl/porting/liteos_m/kernel/src/internal/pthread_impl.h:88:37: warning: 'struct pthread_cleanup_buffer' declared inside parameter list will not be visible outside of this definition or declaration
   88 | hidden void __do_cleanup_pop(struct pthread_cleanup_buffer *);
      |                                     ^~~~~~~~~~~~~~~~~~~~~~
../../../third_party/musl/porting/liteos_m/kernel/src/internal/pthread_impl.h:102:47: warning: 'struct sigaction' declared inside parameter list will not be visible outside of this definition or declaration
  102 | hidden int __libc_sigaction(int, const struct sigaction *, struct sigaction *);
      |                                               ^~~~~~~~~
[635/849] gcc cross compiler obj/third_party/musl/porting/liteos_m/kernel/src/misc/libmusl-c.dirname.o
[636/849] gcc cross compiler obj/third_party/mbedtls/library/libmbedtls.dhm.o
[637/849] gcc cross compiler obj/third_party/mbedtls/library/libmbedtls.aes.o
[638/849] gcc cross compiler obj/third_party/mbedtls/library/libmbedtls.ecjpake.o
[639/849] gcc cross compiler obj/third_party/mbedtls/library/libmbedtls.ecdh.o
[640/849] gcc cross compiler obj/third_party/mbedtls/library/libmbedtls.ecdsa.o
[641/849] gcc cross compiler obj/third_party/mbedtls/library/libmbedtls.entropy.o
[642/849] gcc cross compiler obj/third_party/mbedtls/library/libmbedtls.entropy_poll.o
[643/849] gcc cross compiler obj/third_party/mbedtls/library/libmbedtls.error.o
[644/849] gcc cross compiler obj/third_party/mbedtls/library/libmbedtls.ecp_curves.o
[645/849] gcc cross compiler obj/third_party/mbedtls/library/libmbedtls.havege.o
[646/849] gcc cross compiler obj/third_party/mbedtls/library/libmbedtls.gcm.o
[647/849] gcc cross compiler obj/third_party/mbedtls/library/libmbedtls.ecp.o
[648/849] gcc cross compiler obj/third_party/mbedtls/library/libmbedtls.hmac_drbg.o
[649/849] gcc cross compiler obj/third_party/mbedtls/library/libmbedtls.hkdf.o
[650/849] gcc cross compiler obj/third_party/mbedtls/library/libmbedtls.md4.o
[651/849] gcc cross compiler obj/third_party/mbedtls/library/libmbedtls.md2.o
[652/849] gcc cross compiler obj/third_party/mbedtls/library/libmbedtls.md.o
[653/849] gcc cross compiler obj/third_party/mbedtls/library/libmbedtls.md5.o
[654/849] gcc cross compiler obj/third_party/mbedtls/library/libmbedtls.memory_buffer_alloc.o
[655/849] gcc cross compiler obj/third_party/mbedtls/library/libmbedtls.md_wrap.o
[656/849] gcc cross compiler obj/third_party/mbedtls/library/libmbedtls.nist_kw.o
[657/849] gcc cross compiler obj/third_party/mbedtls/library/libmbedtls.padlock.o
[658/849] gcc cross compiler obj/third_party/mbedtls/library/libmbedtls.pem.o
[659/849] gcc cross compiler obj/third_party/mbedtls/library/libmbedtls.net_sockets.o
In file included from ../../../third_party/musl/porting/liteos_m/kernel/include/sys/types.h:70,
                 from ../../../third_party/mbedtls/library/net_sockets.c:112:
../../../third_party/musl/porting/liteos_m/kernel/include/endian.h: In function '__bswap32':
../../../third_party/musl/porting/liteos_m/kernel/include/endian.h:26:32: warning: suggest parentheses around arithmetic in operand of '|' [-Wparentheses]
   26 |         return __x>>24 | __x>>8&0xff00 | __x<<8&0xff0000 | __x<<24;
      |                          ~~~~~~^~~~~~~
../../../third_party/musl/porting/liteos_m/kernel/include/endian.h:26:48: warning: suggest parentheses around arithmetic in operand of '|' [-Wparentheses]
   26 |         return __x>>24 | __x>>8&0xff00 | __x<<8&0xff0000 | __x<<24;
      |                                          ~~~~~~^~~~~~~~~
../../../third_party/musl/porting/liteos_m/kernel/include/endian.h: In function '__bswap64':
../../../third_party/musl/porting/liteos_m/kernel/include/endian.h:31:30: warning: suggest parentheses around '+' inside '<<' [-Wparentheses]
   31 |         return __bswap32(__x)+0ULL<<32 | __bswap32(__x>>32);
      |                ~~~~~~~~~~~~~~^~~~~
[660/849] gcc cross compiler obj/third_party/mbedtls/library/libmbedtls.oid.o
[661/849] gcc cross compiler obj/third_party/mbedtls/library/libmbedtls.pkcs12.o
[662/849] gcc cross compiler obj/third_party/mbedtls/library/libmbedtls.pk_wrap.o
[663/849] gcc cross compiler obj/third_party/mbedtls/library/libmbedtls.pk.o
[664/849] gcc cross compiler obj/third_party/mbedtls/library/libmbedtls.pkcs5.o
[665/849] gcc cross compiler obj/third_party/mbedtls/library/libmbedtls.pkwrite.o
[666/849] gcc cross compiler obj/third_party/mbedtls/library/libmbedtls.platform.o
[667/849] gcc cross compiler obj/third_party/mbedtls/library/libmbedtls.platform_util.o
[668/849] gcc cross compiler obj/third_party/mbedtls/library/libmbedtls.ripemd160.o
[669/849] gcc cross compiler obj/third_party/mbedtls/library/libmbedtls.pkparse.o
[670/849] gcc cross compiler obj/third_party/mbedtls/library/libmbedtls.poly1305.o
[671/849] gcc cross compiler obj/third_party/mbedtls/library/libmbedtls.rsa_internal.o
[672/849] gcc cross compiler obj/third_party/mbedtls/library/libmbedtls.sha256.o
[673/849] gcc cross compiler obj/third_party/mbedtls/library/libmbedtls.rsa.o
[674/849] gcc cross compiler obj/third_party/mbedtls/library/libmbedtls.sha512.o
[675/849] gcc cross compiler obj/third_party/mbedtls/library/libmbedtls.ssl_ciphersuites.o
[676/849] gcc cross compiler obj/third_party/mbedtls/library/libmbedtls.sha1.o
[677/849] gcc cross compiler obj/third_party/mbedtls/library/libmbedtls.threading.o
[678/849] gcc cross compiler obj/third_party/mbedtls/library/libmbedtls.timing.o
[679/849] gcc cross compiler obj/third_party/mbedtls/library/libmbedtls.version.o
[680/849] gcc cross compiler obj/third_party/mbedtls/library/libmbedtls.ssl_cli.o
[681/849] gcc cross compiler obj/third_party/mbedtls/library/libmbedtls.version_features.o
[682/849] gcc cross compiler obj/third_party/mbedtls/library/libmbedtls.x509.o
[683/849] gcc cross compiler obj/third_party/mbedtls/library/libmbedtls.x509_crl.o
[684/849] gcc cross compiler obj/third_party/mbedtls/library/libmbedtls.xtea.o
[685/849] gcc cross compiler obj/third_party/musl/porting/liteos_m/kernel/src/unistd/libmusl-c.getuid.o
[686/849] gcc cross compiler obj/third_party/musl/porting/liteos_m/kernel/src/network/libmusl-c.h_errno.o
[687/849] gcc cross compiler obj/third_party/musl/porting/liteos_m/kernel/src/network/libmusl-c.htonl.o
In file included from ../../../third_party/musl/porting/liteos_m/kernel/src/network/htonl.c:2:
../../../third_party/musl/porting/liteos_m/kernel/include/byteswap.h: In function '__bswap_32':
../../../third_party/musl/porting/liteos_m/kernel/include/byteswap.h:14:32: warning: suggest parentheses around arithmetic in operand of '|' [-Wparentheses]
   14 |         return __x>>24 | __x>>8&0xff00 | __x<<8&0xff0000 | __x<<24;
      |                          ~~~~~~^~~~~~~
../../../third_party/musl/porting/liteos_m/kernel/include/byteswap.h:14:48: warning: suggest parentheses around arithmetic in operand of '|' [-Wparentheses]
   14 |         return __x>>24 | __x>>8&0xff00 | __x<<8&0xff0000 | __x<<24;
      |                                          ~~~~~~^~~~~~~~~
../../../third_party/musl/porting/liteos_m/kernel/include/byteswap.h: In function '__bswap_64':
../../../third_party/musl/porting/liteos_m/kernel/include/byteswap.h:19:31: warning: suggest parentheses around '+' inside '<<' [-Wparentheses]
   19 |         return __bswap_32(__x)+0ULL<<32 | __bswap_32(__x>>32);
      |                ~~~~~~~~~~~~~~~^~~~~
[688/849] gcc cross compiler obj/third_party/musl/porting/liteos_m/kernel/src/network/libmusl-c.htons.o
In file included from ../../../third_party/musl/porting/liteos_m/kernel/src/network/htons.c:2:
../../../third_party/musl/porting/liteos_m/kernel/include/byteswap.h: In function '__bswap_32':
../../../third_party/musl/porting/liteos_m/kernel/include/byteswap.h:14:32: warning: suggest parentheses around arithmetic in operand of '|' [-Wparentheses]
   14 |         return __x>>24 | __x>>8&0xff00 | __x<<8&0xff0000 | __x<<24;
      |                          ~~~~~~^~~~~~~
../../../third_party/musl/porting/liteos_m/kernel/include/byteswap.h:14:48: warning: suggest parentheses around arithmetic in operand of '|' [-Wparentheses]
   14 |         return __x>>24 | __x>>8&0xff00 | __x<<8&0xff0000 | __x<<24;
      |                                          ~~~~~~^~~~~~~~~
../../../third_party/musl/porting/liteos_m/kernel/include/byteswap.h: In function '__bswap_64':
../../../third_party/musl/porting/liteos_m/kernel/include/byteswap.h:19:31: warning: suggest parentheses around '+' inside '<<' [-Wparentheses]
   19 |         return __bswap_32(__x)+0ULL<<32 | __bswap_32(__x>>32);
      |                ~~~~~~~~~~~~~~~^~~~~
[689/849] gcc cross compiler obj/third_party/musl/porting/liteos_m/kernel/src/internal/libmusl-c.inet_addr.o
../../../third_party/musl/porting/liteos_m/kernel/src/internal/inet_addr.c: In function 'inet_addr':
../../../third_party/musl/porting/liteos_m/kernel/src/internal/inet_addr.c:8:14: warning: implicit declaration of function '__inet_aton'; did you mean 'inet_aton'? [-Wimplicit-function-declaration]
    8 |         if (!__inet_aton(p, &a)) return -1;
      |              ^~~~~~~~~~~
      |              inet_aton
[690/849] gcc cross compiler obj/third_party/musl/porting/liteos_m/kernel/src/internal/libmusl-c.inet_aton.o
[691/849] gcc cross compiler obj/third_party/musl/porting/liteos_m/kernel/src/internal/libmusl-c.syscall_ret.o
[692/849] gcc cross compiler obj/third_party/musl/porting/liteos_m/kernel/src/internal/libmusl-c.shgetc.o
../../../third_party/musl/porting/liteos_m/kernel/src/internal/shgetc.c: In function '__shgetc':
../../../third_party/musl/porting/liteos_m/kernel/src/internal/shgetc.c:23:22: warning: suggest parentheses around '&&' within '||' [-Wparentheses]
   23 |         if (f->shlim && cnt >= f->shlim || (c=__uflow(f)) < 0) {
      |             ~~~~~~~~~^~~~~~~~~~~~~~~~~~
[693/849] gcc cross compiler obj/third_party/musl/porting/liteos_m/kernel/src/internal/libmusl-c.intscan.o
../../../third_party/musl/porting/liteos_m/kernel/src/internal/intscan.c: In function '__intscan':
../../../third_party/musl/porting/liteos_m/kernel/src/internal/intscan.c:70:33: warning: suggest parentheses around '-' in operand of '&' [-Wparentheses]
   70 |         } else if (!(base & base-1)) {
      |                             ~~~~^~
[694/849] gcc cross compiler obj/third_party/musl/porting/liteos_m/kernel/src/stdlib/libmusl-c.atoi.o
[695/849] gcc cross compiler obj/third_party/musl/porting/liteos_m/kernel/src/stdlib/libmusl-c.atol.o
[696/849] gcc cross compiler obj/third_party/musl/porting/liteos_m/kernel/src/stdlib/libmusl-c.atoll.o
[697/849] gcc cross compiler obj/third_party/mbedtls/library/libmbedtls.x509_crt.o
In file included from ../../../third_party/musl/porting/liteos_m/kernel/include/sys/types.h:70,
                 from ../../../third_party/mbedtls/library/x509_crt.c:100:
../../../third_party/musl/porting/liteos_m/kernel/include/endian.h: In function '__bswap32':
../../../third_party/musl/porting/liteos_m/kernel/include/endian.h:26:32: warning: suggest parentheses around arithmetic in operand of '|' [-Wparentheses]
   26 |         return __x>>24 | __x>>8&0xff00 | __x<<8&0xff0000 | __x<<24;
      |                          ~~~~~~^~~~~~~
../../../third_party/musl/porting/liteos_m/kernel/include/endian.h:26:48: warning: suggest parentheses around arithmetic in operand of '|' [-Wparentheses]
   26 |         return __x>>24 | __x>>8&0xff00 | __x<<8&0xff0000 | __x<<24;
      |                                          ~~~~~~^~~~~~~~~
../../../third_party/musl/porting/liteos_m/kernel/include/endian.h: In function '__bswap64':
../../../third_party/musl/porting/liteos_m/kernel/include/endian.h:31:30: warning: suggest parentheses around '+' inside '<<' [-Wparentheses]
   31 |         return __bswap32(__x)+0ULL<<32 | __bswap32(__x>>32);
      |                ~~~~~~~~~~~~~~^~~~~
[698/849] gcc cross compiler obj/third_party/musl/porting/liteos_m/kernel/src/stdlib/libmusl-c.abs.o
[699/849] gcc cross compiler obj/third_party/mbedtls/library/libmbedtls.ssl_tls.o
[700/849] gcc cross compiler obj/utils/native/lite/os_dump/libdump_static.dump_syspara.o
../../../utils/native/lite/os_dump/dump_syspara.c: In function 'GetSdkApiLevel':
../../../utils/native/lite/os_dump/dump_syspara.c:30:5: warning: implicit declaration of function 'sprintf_s'; did you mean '_sprintf_r'? [-Wimplicit-function-declaration]
   30 |     sprintf_s(sdkApiVersion, API_VERSION_LEN, "%d", sdkApi);
      |     ^~~~~~~~~
      |     _sprintf_r
../../../utils/native/lite/os_dump/dump_syspara.c: At top level:
../../../utils/native/lite/os_dump/dump_syspara.c:43:20: warning: initialization of 'char * (*)()' from incompatible pointer type 'const char * (*)(void)' [-Wincompatible-pointer-types]
   43 |     {"DeviceType", GetDeviceType},
      |                    ^~~~~~~~~~~~~
../../../utils/native/lite/os_dump/dump_syspara.c:43:20: note: (near initialization for 'SYSPARA_LIST[0].getInfoValue')
../../../utils/native/lite/os_dump/dump_syspara.c:44:21: warning: initialization of 'char * (*)()' from incompatible pointer type 'const char * (*)(void)' [-Wincompatible-pointer-types]
   44 |     {"Manufacture", GetManufacture},
      |                     ^~~~~~~~~~~~~~
../../../utils/native/lite/os_dump/dump_syspara.c:44:21: note: (near initialization for 'SYSPARA_LIST[1].getInfoValue')
../../../utils/native/lite/os_dump/dump_syspara.c:45:15: warning: initialization of 'char * (*)()' from incompatible pointer type 'const char * (*)(void)' [-Wincompatible-pointer-types]
   45 |     {"Brand", GetBrand},
      |               ^~~~~~~~
../../../utils/native/lite/os_dump/dump_syspara.c:45:15: note: (near initialization for 'SYSPARA_LIST[2].getInfoValue')
../../../utils/native/lite/os_dump/dump_syspara.c:46:20: warning: initialization of 'char * (*)()' from incompatible pointer type 'const char * (*)(void)' [-Wincompatible-pointer-types]
   46 |     {"MarketName", GetMarketName},
      |                    ^~~~~~~~~~~~~
../../../utils/native/lite/os_dump/dump_syspara.c:46:20: note: (near initialization for 'SYSPARA_LIST[3].getInfoValue')
../../../utils/native/lite/os_dump/dump_syspara.c:47:23: warning: initialization of 'char * (*)()' from incompatible pointer type 'const char * (*)(void)' [-Wincompatible-pointer-types]
   47 |     {"ProductSeries", GetProductSeries},
      |                       ^~~~~~~~~~~~~~~~
../../../utils/native/lite/os_dump/dump_syspara.c:47:23: note: (near initialization for 'SYSPARA_LIST[4].getInfoValue')
../../../utils/native/lite/os_dump/dump_syspara.c:48:22: warning: initialization of 'char * (*)()' from incompatible pointer type 'const char * (*)(void)' [-Wincompatible-pointer-types]
   48 |     {"ProductModel", GetProductModel},
      |                      ^~~~~~~~~~~~~~~
../../../utils/native/lite/os_dump/dump_syspara.c:48:22: note: (near initialization for 'SYSPARA_LIST[5].getInfoValue')
../../../utils/native/lite/os_dump/dump_syspara.c:49:23: warning: initialization of 'char * (*)()' from incompatible pointer type 'const char * (*)(void)' [-Wincompatible-pointer-types]
   49 |     {"SoftwareModel", GetSoftwareModel},
      |                       ^~~~~~~~~~~~~~~~
../../../utils/native/lite/os_dump/dump_syspara.c:49:23: note: (near initialization for 'SYSPARA_LIST[6].getInfoValue')
../../../utils/native/lite/os_dump/dump_syspara.c:50:23: warning: initialization of 'char * (*)()' from incompatible pointer type 'const char * (*)(void)' [-Wincompatible-pointer-types]
   50 |     {"HardwareModel", GetHardwareModel},
      |                       ^~~~~~~~~~~~~~~~
../../../utils/native/lite/os_dump/dump_syspara.c:50:23: note: (near initialization for 'SYSPARA_LIST[7].getInfoValue')
../../../utils/native/lite/os_dump/dump_syspara.c:51:16: warning: initialization of 'char * (*)()' from incompatible pointer type 'const char * (*)(void)' [-Wincompatible-pointer-types]
   51 |     {"Serial", GetSerial},
      |                ^~~~~~~~~
../../../utils/native/lite/os_dump/dump_syspara.c:51:16: note: (near initialization for 'SYSPARA_LIST[8].getInfoValue')
../../../utils/native/lite/os_dump/dump_syspara.c:52:20: warning: initialization of 'char * (*)()' from incompatible pointer type 'const char * (*)(void)' [-Wincompatible-pointer-types]
   52 |     {"OSFullName", GetOSFullName},
      |                    ^~~~~~~~~~~~~
../../../utils/native/lite/os_dump/dump_syspara.c:52:20: note: (near initialization for 'SYSPARA_LIST[9].getInfoValue')
../../../utils/native/lite/os_dump/dump_syspara.c:53:24: warning: initialization of 'char * (*)()' from incompatible pointer type 'const char * (*)(void)' [-Wincompatible-pointer-types]
   53 |     {"DisplayVersion", GetDisplayVersion},
      |                        ^~~~~~~~~~~~~~~~~
../../../utils/native/lite/os_dump/dump_syspara.c:53:24: note: (near initialization for 'SYSPARA_LIST[10].getInfoValue')
../../../utils/native/lite/os_dump/dump_syspara.c:54:27: warning: initialization of 'char * (*)()' from incompatible pointer type 'const char * (*)(void)' [-Wincompatible-pointer-types]
   54 |     {"BootloaderVersion", GetBootloaderVersion},
      |                           ^~~~~~~~~~~~~~~~~~~~
../../../utils/native/lite/os_dump/dump_syspara.c:54:27: note: (near initialization for 'SYSPARA_LIST[11].getInfoValue')
../../../utils/native/lite/os_dump/dump_syspara.c:55:29: warning: initialization of 'char * (*)()' from incompatible pointer type 'const char * (*)(void)' [-Wincompatible-pointer-types]
   55 |     {"GetSecurityPatchTag", GetSecurityPatchTag},
      |                             ^~~~~~~~~~~~~~~~~~~
../../../utils/native/lite/os_dump/dump_syspara.c:55:29: note: (near initialization for 'SYSPARA_LIST[12].getInfoValue')
../../../utils/native/lite/os_dump/dump_syspara.c:56:17: warning: initialization of 'char * (*)()' from incompatible pointer type 'const char * (*)(void)' [-Wincompatible-pointer-types]
   56 |     {"AbiList", GetAbiList},
      |                 ^~~~~~~~~~
../../../utils/native/lite/os_dump/dump_syspara.c:56:17: note: (near initialization for 'SYSPARA_LIST[13].getInfoValue')
../../../utils/native/lite/os_dump/dump_syspara.c:57:23: warning: initialization of 'char * (*)()' from incompatible pointer type 'const char * (*)()' [-Wincompatible-pointer-types]
   57 |     {"SdkApiVersion", GetSdkApiLevel},
      |                       ^~~~~~~~~~~~~~
../../../utils/native/lite/os_dump/dump_syspara.c:57:23: note: (near initialization for 'SYSPARA_LIST[14].getInfoValue')
../../../utils/native/lite/os_dump/dump_syspara.c:58:25: warning: initialization of 'char * (*)()' from incompatible pointer type 'const char * (*)()' [-Wincompatible-pointer-types]
   58 |     {"FirstApiVersion", GetFirstApiLevel},
      |                         ^~~~~~~~~~~~~~~~
../../../utils/native/lite/os_dump/dump_syspara.c:58:25: note: (near initialization for 'SYSPARA_LIST[15].getInfoValue')
../../../utils/native/lite/os_dump/dump_syspara.c:59:28: warning: initialization of 'char * (*)()' from incompatible pointer type 'const char * (*)(void)' [-Wincompatible-pointer-types]
   59 |     {"IncrementalVersion", GetIncrementalVersion},
      |                            ^~~~~~~~~~~~~~~~~~~~~
../../../utils/native/lite/os_dump/dump_syspara.c:59:28: note: (near initialization for 'SYSPARA_LIST[16].getInfoValue')
../../../utils/native/lite/os_dump/dump_syspara.c:60:19: warning: initialization of 'char * (*)()' from incompatible pointer type 'const char * (*)(void)' [-Wincompatible-pointer-types]
   60 |     {"VersionId", GetVersionId},
      |                   ^~~~~~~~~~~~
../../../utils/native/lite/os_dump/dump_syspara.c:60:19: note: (near initialization for 'SYSPARA_LIST[17].getInfoValue')
../../../utils/native/lite/os_dump/dump_syspara.c:61:19: warning: initialization of 'char * (*)()' from incompatible pointer type 'const char * (*)(void)' [-Wincompatible-pointer-types]
   61 |     {"BuildType", GetBuildType},
      |                   ^~~~~~~~~~~~
../../../utils/native/lite/os_dump/dump_syspara.c:61:19: note: (near initialization for 'SYSPARA_LIST[18].getInfoValue')
../../../utils/native/lite/os_dump/dump_syspara.c:62:19: warning: initialization of 'char * (*)()' from incompatible pointer type 'const char * (*)(void)' [-Wincompatible-pointer-types]
   62 |     {"BuildUser", GetBuildUser},
      |                   ^~~~~~~~~~~~
../../../utils/native/lite/os_dump/dump_syspara.c:62:19: note: (near initialization for 'SYSPARA_LIST[19].getInfoValue')
../../../utils/native/lite/os_dump/dump_syspara.c:63:19: warning: initialization of 'char * (*)()' from incompatible pointer type 'const char * (*)(void)' [-Wincompatible-pointer-types]
   63 |     {"BuildHost", GetBuildHost},
      |                   ^~~~~~~~~~~~
../../../utils/native/lite/os_dump/dump_syspara.c:63:19: note: (near initialization for 'SYSPARA_LIST[20].getInfoValue')
../../../utils/native/lite/os_dump/dump_syspara.c:64:19: warning: initialization of 'char * (*)()' from incompatible pointer type 'const char * (*)(void)' [-Wincompatible-pointer-types]
   64 |     {"BuildTime", GetBuildTime},
      |                   ^~~~~~~~~~~~
../../../utils/native/lite/os_dump/dump_syspara.c:64:19: note: (near initialization for 'SYSPARA_LIST[21].getInfoValue')
../../../utils/native/lite/os_dump/dump_syspara.c:65:23: warning: initialization of 'char * (*)()' from incompatible pointer type 'const char * (*)(void)' [-Wincompatible-pointer-types]
   65 |     {"BuildRootHash", GetBuildRootHash},
      |                       ^~~~~~~~~~~~~~~~
../../../utils/native/lite/os_dump/dump_syspara.c:65:23: note: (near initialization for 'SYSPARA_LIST[22].getInfoValue')
[701/849] AR libs/libmbedtls.a
[702/849] AR libs/libhuks_3.0_sdk.a
[703/849] STAMP obj/base/security/huks/frameworks/huks_lite/huks_sdk.stamp
[704/849] AR libs/libhichainsdk.a
[705/849] STAMP obj/base/security/deviceauth/frameworks/deviceauth_lite/hichainsdk.stamp
[706/849] STAMP obj/third_party/mbedtls/mbedtls.stamp
[707/849] gcc cross compiler obj/third_party/paho_mqtt/MQTTPacket/samples/libpahomqtt_static.transport.o
In file included from ../../../third_party/musl/porting/liteos_m/kernel/include/sys/types.h:70,
                 from ../../../third_party/paho_mqtt/MQTTPacket/samples/transport.c:18:
../../../third_party/musl/porting/liteos_m/kernel/include/endian.h: In function '__bswap32':
../../../third_party/musl/porting/liteos_m/kernel/include/endian.h:26:32: warning: suggest parentheses around arithmetic in operand of '|' [-Wparentheses]
   26 |         return __x>>24 | __x>>8&0xff00 | __x<<8&0xff0000 | __x<<24;
      |                          ~~~~~~^~~~~~~
../../../third_party/musl/porting/liteos_m/kernel/include/endian.h:26:48: warning: suggest parentheses around arithmetic in operand of '|' [-Wparentheses]
   26 |         return __x>>24 | __x>>8&0xff00 | __x<<8&0xff0000 | __x<<24;
      |                                          ~~~~~~^~~~~~~~~
../../../third_party/musl/porting/liteos_m/kernel/include/endian.h: In function '__bswap64':
../../../third_party/musl/porting/liteos_m/kernel/include/endian.h:31:30: warning: suggest parentheses around '+' inside '<<' [-Wparentheses]
   31 |         return __bswap32(__x)+0ULL<<32 | __bswap32(__x>>32);
      |                ~~~~~~~~~~~~~~^~~~~
[708/849] STAMP obj/third_party/mbedtls/mbedtls_ndk.stamp
[709/849] gcc cross compiler obj/utils/native/lite/kv_store/src/kvstore_common/libutils_kv_store.kvstore_common.o
[710/849] gcc cross compiler obj/utils/native/lite/file/src/file_impl_hal/libnative_file.file.o
[711/849] AR libs/libnative_file.a
[712/849] STAMP obj/utils/native/lite/file/file.stamp
[713/849] STAMP obj/vendor/lockzhiner/rk2206/rk2206.stamp
[714/849] STAMP obj/build/lite/product.stamp
[715/849] ACTION //vendor/lockzhiner/rk2206/hdf_config:hc_gen(//build/lite/toolchain:arm-none-eabi-gcc)
make: 进入目录“/home/jackey/openharmony/lockzhiner-rk2206-openharmony3.0lts/drivers/framework/tools/hc-gen”
built build/hc-gen
make: 离开目录“/home/jackey/openharmony/lockzhiner-rk2206-openharmony3.0lts/drivers/framework/tools/hc-gen”
make: 进入目录“/home/jackey/openharmony/lockzhiner-rk2206-openharmony3.0lts/drivers/framework/tools/hc-gen”
built build/hc-gen
make: 离开目录“/home/jackey/openharmony/lockzhiner-rk2206-openharmony3.0lts/drivers/framework/tools/hc-gen”
hc-gen lock file build/._lock
[716/849] gcc cross compiler obj/utils/native/lite/kv_store/src/kvstore_impl_hal/libutils_kv_store.kv_store.o
[717/849] AR libs/libutils_kv_store.a
[718/849] gcc cross compiler obj/vendor/lockzhiner/rk2206/hals/utils/sys_param/libhal_sysparam.hal_sys_param.o
../../../vendor/lockzhiner/rk2206/hals/utils/sys_param/hal_sys_param.c: In function 'HalGetBuildTime':
../../../vendor/lockzhiner/rk2206/hals/utils/sys_param/hal_sys_param.c:129:5: warning: implicit declaration of function 'snprintf' [-Wimplicit-function-declaration]
  129 |     snprintf(BUILD_TIME, sizeof(BUILD_TIME), "%s", __TIME__);
      |     ^~~~~~~~
../../../vendor/lockzhiner/rk2206/hals/utils/sys_param/hal_sys_param.c:17:1: note: 'snprintf' is defined in header '<stdio.h>'; did you forget to '#include <stdio.h>'?
   16 | #include "hal_sys_param.h"
  +++ |+#include <stdio.h>
   17 | 
../../../vendor/lockzhiner/rk2206/hals/utils/sys_param/hal_sys_param.c: At top level:
../../../vendor/lockzhiner/rk2206/hals/utils/sys_param/hal_sys_param.c:40:19: warning: 'EMPTY_STR' defined but not used [-Wunused-const-variable=]
   40 | static const char EMPTY_STR[] = {""};
      |                   ^~~~~~~~~
[719/849] STAMP obj/utils/native/lite/kv_store/kv_store.stamp
[720/849] gcc cross compiler obj/third_party/musl/porting/liteos_m/kernel/src/locale/libmusl-c.__lctrans.o
In file included from ../../../third_party/musl/porting/liteos_m/kernel/src/internal/locale_impl.h:9,
                 from ../../../third_party/musl/porting/liteos_m/kernel/src/locale/__lctrans.c:2:
../../../third_party/musl/porting/liteos_m/kernel/src/internal/pthread_impl.h:87:38: warning: 'struct pthread_cleanup_buffer' declared inside parameter list will not be visible outside of this definition or declaration
   87 | hidden void __do_cleanup_push(struct pthread_cleanup_buffer *);
      |                                      ^~~~~~~~~~~~~~~~~~~~~~
../../../third_party/musl/porting/liteos_m/kernel/src/internal/pthread_impl.h:88:37: warning: 'struct pthread_cleanup_buffer' declared inside parameter list will not be visible outside of this definition or declaration
   88 | hidden void __do_cleanup_pop(struct pthread_cleanup_buffer *);
      |                                     ^~~~~~~~~~~~~~~~~~~~~~
../../../third_party/musl/porting/liteos_m/kernel/src/internal/pthread_impl.h:102:47: warning: 'struct sigaction' declared inside parameter list will not be visible outside of this definition or declaration
  102 | hidden int __libc_sigaction(int, const struct sigaction *, struct sigaction *);
      |                                               ^~~~~~~~~
[721/849] gcc cross compiler obj/third_party/musl/porting/liteos_m/kernel/src/locale/libmusl-c.c_locale.o
In file included from ../../../third_party/musl/porting/liteos_m/kernel/src/internal/locale_impl.h:9,
                 from ../../../third_party/musl/porting/liteos_m/kernel/src/locale/c_locale.c:1:
../../../third_party/musl/porting/liteos_m/kernel/src/internal/pthread_impl.h:87:38: warning: 'struct pthread_cleanup_buffer' declared inside parameter list will not be visible outside of this definition or declaration
   87 | hidden void __do_cleanup_push(struct pthread_cleanup_buffer *);
      |                                      ^~~~~~~~~~~~~~~~~~~~~~
../../../third_party/musl/porting/liteos_m/kernel/src/internal/pthread_impl.h:88:37: warning: 'struct pthread_cleanup_buffer' declared inside parameter list will not be visible outside of this definition or declaration
   88 | hidden void __do_cleanup_pop(struct pthread_cleanup_buffer *);
      |                                     ^~~~~~~~~~~~~~~~~~~~~~
../../../third_party/musl/porting/liteos_m/kernel/src/internal/pthread_impl.h:102:47: warning: 'struct sigaction' declared inside parameter list will not be visible outside of this definition or declaration
  102 | hidden int __libc_sigaction(int, const struct sigaction *, struct sigaction *);
      |                                               ^~~~~~~~~
[722/849] gcc cross compiler obj/third_party/musl/porting/liteos_m/kernel/src/stdio/libmusl-c.fputs.o
[723/849] gcc cross compiler obj/third_party/musl/porting/liteos_m/kernel/src/stdio/libmusl-c.__stdio_close.o
[724/849] gcc cross compiler obj/third_party/musl/porting/liteos_m/kernel/src/locale/libmusl-c.langinfo.o
In file included from ../../../third_party/musl/porting/liteos_m/kernel/src/internal/locale_impl.h:9,
                 from ../../../third_party/musl/porting/liteos_m/kernel/src/locale/langinfo.c:3:
../../../third_party/musl/porting/liteos_m/kernel/src/internal/pthread_impl.h:87:38: warning: 'struct pthread_cleanup_buffer' declared inside parameter list will not be visible outside of this definition or declaration
   87 | hidden void __do_cleanup_push(struct pthread_cleanup_buffer *);
      |                                      ^~~~~~~~~~~~~~~~~~~~~~
../../../third_party/musl/porting/liteos_m/kernel/src/internal/pthread_impl.h:88:37: warning: 'struct pthread_cleanup_buffer' declared inside parameter list will not be visible outside of this definition or declaration
   88 | hidden void __do_cleanup_pop(struct pthread_cleanup_buffer *);
      |                                     ^~~~~~~~~~~~~~~~~~~~~~
../../../third_party/musl/porting/liteos_m/kernel/src/internal/pthread_impl.h:102:47: warning: 'struct sigaction' declared inside parameter list will not be visible outside of this definition or declaration
  102 | hidden int __libc_sigaction(int, const struct sigaction *, struct sigaction *);
      |                                               ^~~~~~~~~
[725/849] gcc cross compiler obj/third_party/musl/porting/liteos_m/kernel/src/stdio/libmusl-c.__toread.o
[726/849] gcc cross compiler obj/third_party/musl/porting/liteos_m/kernel/src/stdio/libmusl-c.fflush.o
../../../third_party/musl/porting/liteos_m/kernel/src/stdio/fflush.c: In function '__fflush':
../../../third_party/musl/porting/liteos_m/kernel/src/stdio/fflush.c:37:33: warning: implicit declaration of function 'lseek'; did you mean 'fseek'? [-Wimplicit-function-declaration]
   37 |         if (f->rpos != f->rend) lseek(f->fd, f->rpos-f->rend, SEEK_CUR);
      |                                 ^~~~~
      |                                 fseek
[727/849] gcc cross compiler obj/third_party/musl/porting/liteos_m/kernel/src/stdio/libmusl-c.ofl_add.o
[728/849] gcc cross compiler obj/third_party/musl/porting/liteos_m/kernel/src/stdio/libmusl-c.__stdio_seek.o
[729/849] gcc cross compiler obj/third_party/musl/porting/liteos_m/kernel/src/stdio/libmusl-c.__uflow.o
[730/849] gcc cross compiler obj/third_party/musl/porting/liteos_m/kernel/src/stdio/libmusl-c.ftell.o
../../../third_party/musl/porting/liteos_m/kernel/src/stdio/ftell.c: In function '__ftello_unlocked':
../../../third_party/musl/porting/liteos_m/kernel/src/stdio/ftell.c:7:21: warning: implicit declaration of function 'lseek'; did you mean 'fseek'? [-Wimplicit-function-declaration]
    7 |         off_t pos = lseek(f->fd, 0,
      |                     ^~~~~
      |                     fseek
[731/849] gcc cross compiler obj/third_party/musl/porting/liteos_m/kernel/src/stdio/libmusl-c.__stdio_read.o
[732/849] gcc cross compiler obj/third_party/musl/porting/liteos_m/kernel/src/stdio/libmusl-c.fclose.o
../../../third_party/musl/porting/liteos_m/kernel/src/stdio/fclose.c: In function '__fclose':
../../../third_party/musl/porting/liteos_m/kernel/src/stdio/fclose.c:32:9: warning: implicit declaration of function 'pthread_mutex_destroy' [-Wimplicit-function-declaration]
   32 |         pthread_mutex_destroy(f->lock);
      |         ^~~~~~~~~~~~~~~~~~~~~
[733/849] gcc cross compiler obj/third_party/musl/porting/liteos_m/kernel/src/stdio/libmusl-c.fread.o
[734/849] gcc cross compiler obj/third_party/musl/porting/liteos_m/kernel/src/stdio/libmusl-c.fwrite.o
[735/849] gcc cross compiler obj/third_party/musl/porting/liteos_m/kernel/src/stdio/libmusl-c.stderr.o
In file included from ../../../third_party/musl/porting/liteos_m/kernel/src/stdio/stderr.c:2:
../../../third_party/musl/porting/liteos_m/kernel/include/pthread.h:62: warning: "PTHREAD_RECURSIVE_MUTEX_INITIALIZER_NP" redefined
   62 | #define PTHREAD_RECURSIVE_MUTEX_INITIALIZER_NP { _MUX_MAGIC, _MUX_INVALID_HANDLE }
      | 
In file included from ../../../third_party/musl/porting/liteos_m/kernel/src/stdio/stderr.c:1:
../../../third_party/musl/porting/liteos_m/kernel/src/internal/stdio_impl.h:23: note: this is the location of the previous definition
   23 | #define  PTHREAD_RECURSIVE_MUTEX_INITIALIZER_NP PTHREAD_MUTEX_INITIALIZER
      | 
[736/849] gcc cross compiler obj/third_party/musl/porting/liteos_m/kernel/src/stdio/libmusl-c.fileno.o
[737/849] gcc cross compiler obj/third_party/musl/porting/liteos_m/kernel/src/stdio/libmusl-c.perror.o
[738/849] gcc cross compiler obj/third_party/musl/porting/liteos_m/kernel/src/stdio/libmusl-c.clearerr.o
[739/849] gcc cross compiler obj/third_party/musl/porting/liteos_m/kernel/src/stdio/libmusl-c.__lockfile.o
In file included from ../../../third_party/musl/porting/liteos_m/kernel/src/stdio/__lockfile.c:2:
../../../third_party/musl/porting/liteos_m/kernel/include/pthread.h:62: warning: "PTHREAD_RECURSIVE_MUTEX_INITIALIZER_NP" redefined
   62 | #define PTHREAD_RECURSIVE_MUTEX_INITIALIZER_NP { _MUX_MAGIC, _MUX_INVALID_HANDLE }
      | 
In file included from ../../../third_party/musl/porting/liteos_m/kernel/src/stdio/__lockfile.c:1:
../../../third_party/musl/porting/liteos_m/kernel/src/internal/stdio_impl.h:23: note: this is the location of the previous definition
   23 | #define  PTHREAD_RECURSIVE_MUTEX_INITIALIZER_NP PTHREAD_MUTEX_INITIALIZER
      | 
[740/849] gcc cross compiler obj/third_party/musl/porting/liteos_m/kernel/src/stdio/libmusl-c.fgets.o
[741/849] gcc cross compiler obj/third_party/musl/porting/liteos_m/kernel/src/stdio/libmusl-c.__fmodeflags.o
[742/849] gcc cross compiler obj/third_party/musl/porting/liteos_m/kernel/src/stdio/libmusl-c.__stdio_write.o
../../../third_party/musl/porting/liteos_m/kernel/src/stdio/__stdio_write.c: In function '__stdio_write':
../../../third_party/musl/porting/liteos_m/kernel/src/stdio/__stdio_write.c:15:15: warning: implicit declaration of function 'write'; did you mean 'writev'? [-Wimplicit-function-declaration]
   15 |         cnt = write(f->fd, iov[0].iov_base, iov[0].iov_len);
      |               ^~~~~
      |               writev
[743/849] gcc cross compiler obj/third_party/musl/porting/liteos_m/kernel/src/stdio/libmusl-c.ofl.o
In file included from ../../../third_party/musl/porting/liteos_m/kernel/src/stdio/ofl.c:2:
../../../third_party/musl/porting/liteos_m/kernel/include/pthread.h:62: warning: "PTHREAD_RECURSIVE_MUTEX_INITIALIZER_NP" redefined
   62 | #define PTHREAD_RECURSIVE_MUTEX_INITIALIZER_NP { _MUX_MAGIC, _MUX_INVALID_HANDLE }
      | 
In file included from ../../../third_party/musl/porting/liteos_m/kernel/src/stdio/ofl.c:1:
../../../third_party/musl/porting/liteos_m/kernel/src/internal/stdio_impl.h:23: note: this is the location of the previous definition
   23 | #define  PTHREAD_RECURSIVE_MUTEX_INITIALIZER_NP PTHREAD_MUTEX_INITIALIZER
      | 
[744/849] gcc cross compiler obj/third_party/musl/porting/liteos_m/kernel/src/stdio/libmusl-c.__stdout_write.o
[745/849] gcc cross compiler obj/third_party/musl/porting/liteos_m/kernel/src/stdio/libmusl-c.fseek.o
../../../third_party/musl/porting/liteos_m/kernel/src/stdio/fseek.c: In function '__fseeko_unlocked':
../../../third_party/musl/porting/liteos_m/kernel/src/stdio/fseek.c:18:13: warning: implicit declaration of function 'lseek'; did you mean 'fseek'? [-Wimplicit-function-declaration]
   18 |         if (lseek(f->fd, off, whence) < 0) return -1;
      |             ^~~~~
      |             fseek
[746/849] gcc cross compiler obj/third_party/musl/porting/liteos_m/kernel/src/stdio/libmusl-c.rewind.o
[747/849] gcc cross compiler obj/third_party/musl/porting/liteos_m/kernel/src/stdio/libmusl-c.__fdopen.o
In file included from ../../../third_party/musl/porting/liteos_m/kernel/src/stdio/__fdopen.c:7:
../../../third_party/musl/porting/liteos_m/kernel/include/pthread.h:62: warning: "PTHREAD_RECURSIVE_MUTEX_INITIALIZER_NP" redefined
   62 | #define PTHREAD_RECURSIVE_MUTEX_INITIALIZER_NP { _MUX_MAGIC, _MUX_INVALID_HANDLE }
      | 
In file included from ../../../third_party/musl/porting/liteos_m/kernel/src/stdio/__fdopen.c:1:
../../../third_party/musl/porting/liteos_m/kernel/src/internal/stdio_impl.h:23: note: this is the location of the previous definition
   23 | #define  PTHREAD_RECURSIVE_MUTEX_INITIALIZER_NP PTHREAD_MUTEX_INITIALIZER
      | 
[748/849] gcc cross compiler obj/third_party/musl/porting/liteos_m/kernel/src/stdio/libmusl-c.feof.o
[749/849] gcc cross compiler obj/third_party/musl/porting/liteos_m/kernel/src/stdio/libmusl-c.__towrite.o
[750/849] gcc cross compiler obj/third_party/musl/porting/liteos_m/kernel/src/stdio/libmusl-c.stdout.o
In file included from ../../../third_party/musl/porting/liteos_m/kernel/src/stdio/stdout.c:2:
../../../third_party/musl/porting/liteos_m/kernel/include/pthread.h:62: warning: "PTHREAD_RECURSIVE_MUTEX_INITIALIZER_NP" redefined
   62 | #define PTHREAD_RECURSIVE_MUTEX_INITIALIZER_NP { _MUX_MAGIC, _MUX_INVALID_HANDLE }
      | 
In file included from ../../../third_party/musl/porting/liteos_m/kernel/src/stdio/stdout.c:1:
../../../third_party/musl/porting/liteos_m/kernel/src/internal/stdio_impl.h:23: note: this is the location of the previous definition
   23 | #define  PTHREAD_RECURSIVE_MUTEX_INITIALIZER_NP PTHREAD_MUTEX_INITIALIZER
      | 
[751/849] gcc cross compiler obj/third_party/musl/porting/liteos_m/kernel/src/stdio/libmusl-c.stdin.o
../../../third_party/musl/porting/liteos_m/kernel/src/stdio/stdin.c:14:17: warning: initialization of 'void *' from 'int' makes pointer from integer without a cast [-Wint-conversion]
   14 |         .lock = -1,
      |                 ^
../../../third_party/musl/porting/liteos_m/kernel/src/stdio/stdin.c:14:17: note: (near initialization for '__stdin_FILE.lock')
[752/849] gcc cross compiler obj/third_party/musl/porting/liteos_m/kernel/src/stdio/libmusl-c.fopen.o
[753/849] gcc cross compiler obj/third_party/musl/porting/liteos_m/kernel/src/time/libmusl-c.__year_to_secs.o
../../../third_party/musl/porting/liteos_m/kernel/src/time/__year_to_secs.c: In function '__year_to_secs':
../../../third_party/musl/porting/liteos_m/kernel/src/time/__year_to_secs.c:44:45: warning: dangling pointer 'is_leap' to an unnamed temporary may be used [-Wdangling-pointer=]
   44 |         leaps += 97*cycles + 24*centuries - *is_leap;
      |                                             ^~~~~~~~
../../../third_party/musl/porting/liteos_m/kernel/src/time/__year_to_secs.c:15:39: note: unnamed temporary defined here
   15 |         if (!is_leap) is_leap = &(int){0};
      |                                       ^
../../../third_party/musl/porting/liteos_m/kernel/src/time/__year_to_secs.c:23:26: warning: dangling pointer 'is_leap' to an unnamed temporary may be used [-Wdangling-pointer=]
   23 |                 *is_leap = 1;
      |                 ~~~~~~~~~^~~
../../../third_party/musl/porting/liteos_m/kernel/src/time/__year_to_secs.c:15:39: note: unnamed temporary defined here
   15 |         if (!is_leap) is_leap = &(int){0};
      |                                       ^
../../../third_party/musl/porting/liteos_m/kernel/src/time/__year_to_secs.c:35:34: warning: dangling pointer 'is_leap' to an unnamed temporary may be used [-Wdangling-pointer=]
   35 |                         *is_leap = 0;
      |                         ~~~~~~~~~^~~
../../../third_party/musl/porting/liteos_m/kernel/src/time/__year_to_secs.c:15:39: note: unnamed temporary defined here
   15 |         if (!is_leap) is_leap = &(int){0};
      |                                       ^
../../../third_party/musl/porting/liteos_m/kernel/src/time/__year_to_secs.c:40:34: warning: dangling pointer 'is_leap' to an unnamed temporary may be used [-Wdangling-pointer=]
   40 |                         *is_leap = !rem;
      |                         ~~~~~~~~~^~~~~~
../../../third_party/musl/porting/liteos_m/kernel/src/time/__year_to_secs.c:15:39: note: unnamed temporary defined here
   15 |         if (!is_leap) is_leap = &(int){0};
      |                                       ^
[754/849] gcc cross compiler obj/third_party/musl/porting/liteos_m/kernel/src/time/libmusl-c.strptime.o
[755/849] gcc cross compiler obj/third_party/musl/porting/liteos_m/kernel/src/time/libmusl-c.strftime.o
In file included from ../../../third_party/musl/porting/liteos_m/kernel/src/internal/locale_impl.h:9,
                 from ../../../third_party/musl/porting/liteos_m/kernel/src/time/strftime.c:8:
../../../third_party/musl/porting/liteos_m/kernel/src/internal/pthread_impl.h:87:38: warning: 'struct pthread_cleanup_buffer' declared inside parameter list will not be visible outside of this definition or declaration
   87 | hidden void __do_cleanup_push(struct pthread_cleanup_buffer *);
      |                                      ^~~~~~~~~~~~~~~~~~~~~~
../../../third_party/musl/porting/liteos_m/kernel/src/internal/pthread_impl.h:88:37: warning: 'struct pthread_cleanup_buffer' declared inside parameter list will not be visible outside of this definition or declaration
   88 | hidden void __do_cleanup_pop(struct pthread_cleanup_buffer *);
      |                                     ^~~~~~~~~~~~~~~~~~~~~~
../../../third_party/musl/porting/liteos_m/kernel/src/internal/pthread_impl.h:102:47: warning: 'struct sigaction' declared inside parameter list will not be visible outside of this definition or declaration
  102 | hidden int __libc_sigaction(int, const struct sigaction *, struct sigaction *);
      |                                               ^~~~~~~~~
../../../third_party/musl/porting/liteos_m/kernel/src/time/strftime.c: In function '__strftime_fmt_1':
../../../third_party/musl/porting/liteos_m/kernel/src/time/strftime.c:203:15: warning: implicit declaration of function '__nl_langinfo_l'; did you mean 'nl_langinfo_l'? [-Wimplicit-function-declaration]
  203 |         fmt = __nl_langinfo_l(item, loc);
      |               ^~~~~~~~~~~~~~~
      |               nl_langinfo_l
../../../third_party/musl/porting/liteos_m/kernel/src/time/strftime.c:203:13: warning: assignment to 'const char *' from 'int' makes pointer from integer without a cast [-Wint-conversion]
  203 |         fmt = __nl_langinfo_l(item, loc);
      |             ^
../../../third_party/musl/porting/liteos_m/kernel/src/time/strftime.c:208:13: warning: assignment to 'const char *' from 'int' makes pointer from integer without a cast [-Wint-conversion]
  208 |         fmt = __nl_langinfo_l(item, loc);
      |             ^
[756/849] gcc cross compiler obj/third_party/musl/porting/liteos_m/kernel/src/time/libmusl-c.__month_to_secs.o
[757/849] gcc cross compiler obj/third_party/musl/porting/liteos_m/kernel/src/time/libmusl-c.__tm_to_secs.o
[758/849] gcc cross compiler obj/third_party/musl/porting/liteos_m/kernel/src/prng/libmusl-c.random.o
[759/849] gcc cross compiler obj/third_party/musl/porting/liteos_m/kernel/src/time/libmusl-c.__tz.o
[760/849] gcc cross compiler obj/third_party/musl/porting/liteos_m/kernel/src/regex/libmusl-c.tre-mem.o
[761/849] gcc cross compiler obj/third_party/musl/porting/liteos_m/kernel/src/string/libmusl-c.strrchr.o
[762/849] gcc cross compiler obj/third_party/musl/porting/liteos_m/kernel/src/string/libmusl-c.memcmp.o
[763/849] gcc cross compiler obj/third_party/musl/porting/liteos_m/kernel/src/string/libmusl-c.strcspn.o
[764/849] gcc cross compiler obj/third_party/musl/porting/liteos_m/kernel/src/string/libmusl-c.strstr.o
[765/849] gcc cross compiler obj/third_party/musl/porting/liteos_m/kernel/src/string/libmusl-c.strchrnul.o
../../../third_party/musl/porting/liteos_m/kernel/src/string/strchrnul.c:5: warning: "ALIGN" redefined
    5 | #define ALIGN (sizeof(size_t))
      | 
In file included from ../../../kernel/liteos_m/kernel/include/los_config.h:41,
                 from ../../../third_party/musl/porting/liteos_m/kernel/include/limits.h:4,
                 from ../../../third_party/musl/porting/liteos_m/kernel/src/string/strchrnul.c:3:
../../../kernel/liteos_m/utils/los_compiler.h:375: note: this is the location of the previous definition
  375 | #define ALIGN(addr, boundary)        LOS_Align(addr, boundary)
      | 
../../../third_party/musl/porting/liteos_m/kernel/src/string/strchrnul.c: In function '__strchrnul':
../../../third_party/musl/porting/liteos_m/kernel/src/string/strchrnul.c:8:24: warning: suggest parentheses around '-' in operand of '&' [-Wparentheses]
    8 | #define HASZERO(x) ((x)-ONES & ~(x) & HIGHS)
      |                        ^
../../../third_party/musl/porting/liteos_m/kernel/src/string/strchrnul.c:21:30: note: in expansion of macro 'HASZERO'
   21 |         for (w = (void *)s; !HASZERO(*w) && !HASZERO(*w^k); w++);
      |                              ^~~~~~~
../../../third_party/musl/porting/liteos_m/kernel/src/string/strchrnul.c:8:24: warning: suggest parentheses around '-' in operand of '&' [-Wparentheses]
    8 | #define HASZERO(x) ((x)-ONES & ~(x) & HIGHS)
      |                        ^
../../../third_party/musl/porting/liteos_m/kernel/src/string/strchrnul.c:21:46: note: in expansion of macro 'HASZERO'
   21 |         for (w = (void *)s; !HASZERO(*w) && !HASZERO(*w^k); w++);
      |                                              ^~~~~~~
[766/849] gcc cross compiler obj/third_party/musl/porting/liteos_m/kernel/src/string/libmusl-c.strchr.o
[767/849] gcc cross compiler obj/third_party/musl/porting/liteos_m/kernel/src/string/libmusl-c.memcpy.o
In file included from ../../../third_party/musl/porting/liteos_m/kernel/src/string/memcpy.c:3:
../../../third_party/musl/porting/liteos_m/kernel/include/endian.h: In function '__bswap32':
../../../third_party/musl/porting/liteos_m/kernel/include/endian.h:26:32: warning: suggest parentheses around arithmetic in operand of '|' [-Wparentheses]
   26 |         return __x>>24 | __x>>8&0xff00 | __x<<8&0xff0000 | __x<<24;
      |                          ~~~~~~^~~~~~~
../../../third_party/musl/porting/liteos_m/kernel/include/endian.h:26:48: warning: suggest parentheses around arithmetic in operand of '|' [-Wparentheses]
   26 |         return __x>>24 | __x>>8&0xff00 | __x<<8&0xff0000 | __x<<24;
      |                                          ~~~~~~^~~~~~~~~
../../../third_party/musl/porting/liteos_m/kernel/include/endian.h: In function '__bswap64':
../../../third_party/musl/porting/liteos_m/kernel/include/endian.h:31:30: warning: suggest parentheses around '+' inside '<<' [-Wparentheses]
   31 |         return __bswap32(__x)+0ULL<<32 | __bswap32(__x>>32);
      |                ~~~~~~~~~~~~~~^~~~~
[768/849] gcc cross compiler obj/third_party/musl/porting/liteos_m/kernel/src/regex/libmusl-c.regexec.o
In file included from ../../../third_party/musl/porting/liteos_m/kernel/src/regex/regexec.c:41:
../../../third_party/musl/porting/liteos_m/kernel/src/regex/tre.h:80: warning: "ALIGN" redefined
   80 | #define ALIGN(ptr, type) \
      | 
In file included from ../../../kernel/liteos_m/kernel/include/los_config.h:41,
                 from ../../../third_party/musl/porting/liteos_m/kernel/include/limits.h:4,
                 from ../../../third_party/musl/porting/liteos_m/kernel/src/regex/regexec.c:36:
../../../kernel/liteos_m/utils/los_compiler.h:375: note: this is the location of the previous definition
  375 | #define ALIGN(addr, boundary)        LOS_Align(addr, boundary)
      | 
[769/849] gcc cross compiler obj/third_party/musl/porting/liteos_m/kernel/src/string/libmusl-c.strncmp.o
[770/849] gcc cross compiler obj/third_party/musl/porting/liteos_m/kernel/src/string/libmusl-c.strcasecmp.o
[771/849] gcc cross compiler obj/third_party/musl/porting/liteos_m/kernel/src/string/libmusl-c.strcmp.o
[772/849] gcc cross compiler obj/third_party/musl/porting/liteos_m/kernel/src/string/libmusl-c.strncasecmp.o
[773/849] gcc cross compiler obj/third_party/musl/porting/liteos_m/kernel/src/string/libmusl-c.memrchr.o
[774/849] gcc cross compiler obj/third_party/musl/porting/liteos_m/kernel/src/string/libmusl-c.memchr.o
../../../third_party/musl/porting/liteos_m/kernel/src/string/memchr.c:6: warning: "ALIGN" redefined
    6 | #define ALIGN (sizeof(size_t)-1)
      | 
In file included from ../../../kernel/liteos_m/kernel/include/los_config.h:41,
                 from ../../../third_party/musl/porting/liteos_m/kernel/include/limits.h:4,
                 from ../../../third_party/musl/porting/liteos_m/kernel/src/string/memchr.c:3:
../../../kernel/liteos_m/utils/los_compiler.h:375: note: this is the location of the previous definition
  375 | #define ALIGN(addr, boundary)        LOS_Align(addr, boundary)
      | 
../../../third_party/musl/porting/liteos_m/kernel/src/string/memchr.c: In function 'memchr':
../../../third_party/musl/porting/liteos_m/kernel/src/string/memchr.c:9:24: warning: suggest parentheses around '-' in operand of '&' [-Wparentheses]
    9 | #define HASZERO(x) ((x)-ONES & ~(x) & HIGHS)
      |                        ^
../../../third_party/musl/porting/liteos_m/kernel/src/string/memchr.c:21:53: note: in expansion of macro 'HASZERO'
   21 |                 for (w = (const void *)s; n>=SS && !HASZERO(*w^k); w++, n-=SS);
      |                                                     ^~~~~~~
[775/849] gcc cross compiler obj/third_party/musl/porting/liteos_m/kernel/src/string/libmusl-c.strdup.o
[776/849] gcc cross compiler obj/third_party/musl/porting/liteos_m/kernel/src/string/libmusl-c.wcslen.o
[777/849] gcc cross compiler obj/third_party/musl/porting/liteos_m/kernel/src/string/libmusl-c.memset.o
[778/849] gcc cross compiler obj/third_party/musl/porting/liteos_m/kernel/src/string/libmusl-c.wcschr.o
[779/849] gcc cross compiler obj/third_party/musl/porting/liteos_m/kernel/src/sched/libmusl-c.sched_yield.o
[780/849] gcc cross compiler obj/third_party/musl/porting/liteos_m/kernel/src/string/libmusl-c.strlen.o
../../../third_party/musl/porting/liteos_m/kernel/src/string/strlen.c:5: warning: "ALIGN" redefined
    5 | #define ALIGN (sizeof(size_t))
      | 
In file included from ../../../kernel/liteos_m/kernel/include/los_config.h:41,
                 from ../../../third_party/musl/porting/liteos_m/kernel/include/limits.h:4,
                 from ../../../third_party/musl/porting/liteos_m/kernel/src/string/strlen.c:3:
../../../kernel/liteos_m/utils/los_compiler.h:375: note: this is the location of the previous definition
  375 | #define ALIGN(addr, boundary)        LOS_Align(addr, boundary)
      | 
../../../third_party/musl/porting/liteos_m/kernel/src/string/strlen.c: In function 'strlen':
../../../third_party/musl/porting/liteos_m/kernel/src/string/strlen.c:8:24: warning: suggest parentheses around '-' in operand of '&' [-Wparentheses]
    8 | #define HASZERO(x) ((x)-ONES & ~(x) & HIGHS)
      |                        ^
../../../third_party/musl/porting/liteos_m/kernel/src/string/strlen.c:17:36: note: in expansion of macro 'HASZERO'
   17 |         for (w = (const void *)s; !HASZERO(*w); w++);
      |                                    ^~~~~~~
[781/849] gcc cross compiler obj/third_party/musl/porting/liteos_m/kernel/src/regex/libmusl-c.regcomp.o
In file included from ../../../third_party/musl/porting/liteos_m/kernel/src/regex/regcomp.c:39:
../../../third_party/musl/porting/liteos_m/kernel/src/regex/tre.h:80: warning: "ALIGN" redefined
   80 | #define ALIGN(ptr, type) \
      | 
In file included from ../../../kernel/liteos_m/kernel/include/los_config.h:41,
                 from ../../../third_party/musl/porting/liteos_m/kernel/include/limits.h:4,
                 from ../../../third_party/musl/porting/liteos_m/kernel/src/regex/regcomp.c:35:
../../../kernel/liteos_m/utils/los_compiler.h:375: note: this is the location of the previous definition
  375 | #define ALIGN(addr, boundary)        LOS_Align(addr, boundary)
      | 
[782/849] gcc cross compiler obj/third_party/musl/porting/liteos_m/kernel/src/mman/libmusl-c.munmap.o
[783/849] gcc cross compiler obj/third_party/musl/porting/liteos_m/kernel/src/mman/libmusl-c.mmap.o
[784/849] gcc cross compiler obj/third_party/musl/porting/liteos_m/kernel/src/math/libmusl-m.sqrt.o
In file included from ../../../third_party/musl/porting/liteos_m/kernel/src/internal/libm.h:7,
                 from ../../../third_party/musl/porting/liteos_m/kernel/src/math/sqrt.c:79:
../../../third_party/musl/porting/liteos_m/kernel/include/endian.h: In function '__bswap32':
../../../third_party/musl/porting/liteos_m/kernel/include/endian.h:26:32: warning: suggest parentheses around arithmetic in operand of '|' [-Wparentheses]
   26 |         return __x>>24 | __x>>8&0xff00 | __x<<8&0xff0000 | __x<<24;
      |                          ~~~~~~^~~~~~~
../../../third_party/musl/porting/liteos_m/kernel/include/endian.h:26:48: warning: suggest parentheses around arithmetic in operand of '|' [-Wparentheses]
   26 |         return __x>>24 | __x>>8&0xff00 | __x<<8&0xff0000 | __x<<24;
      |                                          ~~~~~~^~~~~~~~~
../../../third_party/musl/porting/liteos_m/kernel/include/endian.h: In function '__bswap64':
../../../third_party/musl/porting/liteos_m/kernel/include/endian.h:31:30: warning: suggest parentheses around '+' inside '<<' [-Wparentheses]
   31 |         return __bswap32(__x)+0ULL<<32 | __bswap32(__x>>32);
      |                ~~~~~~~~~~~~~~^~~~~
../../../third_party/musl/porting/liteos_m/kernel/src/internal/libm.h: In function 'fp_force_evalf':
../../../third_party/musl/porting/liteos_m/kernel/src/internal/libm.h:158:24: warning: variable 'y' set but not used [-Wunused-but-set-variable]
  158 |         volatile float y;
      |                        ^
../../../third_party/musl/porting/liteos_m/kernel/src/internal/libm.h: In function 'fp_force_eval':
../../../third_party/musl/porting/liteos_m/kernel/src/internal/libm.h:167:25: warning: variable 'y' set but not used [-Wunused-but-set-variable]
  167 |         volatile double y;
      |                         ^
../../../third_party/musl/porting/liteos_m/kernel/src/internal/libm.h: In function 'fp_force_evall':
../../../third_party/musl/porting/liteos_m/kernel/src/internal/libm.h:176:30: warning: variable 'y' set but not used [-Wunused-but-set-variable]
  176 |         volatile long double y;
      |                              ^
[785/849] gcc cross compiler obj/third_party/paho_mqtt/MQTTClient-C/src/liteOS/libpahomqtt_static.MQTTLiteOS.o
In file included from ../../../third_party/musl/porting/liteos_m/kernel/include/sys/types.h:70,
                 from ../../../third_party/paho_mqtt/MQTTClient-C/src/liteOS/MQTTLiteOS.h:21,
                 from ../../../third_party/paho_mqtt/MQTTClient-C/src/liteOS/MQTTLiteOS.c:18:
../../../third_party/musl/porting/liteos_m/kernel/include/endian.h: In function '__bswap32':
../../../third_party/musl/porting/liteos_m/kernel/include/endian.h:26:32: warning: suggest parentheses around arithmetic in operand of '|' [-Wparentheses]
   26 |         return __x>>24 | __x>>8&0xff00 | __x<<8&0xff0000 | __x<<24;
      |                          ~~~~~~^~~~~~~
../../../third_party/musl/porting/liteos_m/kernel/include/endian.h:26:48: warning: suggest parentheses around arithmetic in operand of '|' [-Wparentheses]
   26 |         return __x>>24 | __x>>8&0xff00 | __x<<8&0xff0000 | __x<<24;
      |                                          ~~~~~~^~~~~~~~~
../../../third_party/musl/porting/liteos_m/kernel/include/endian.h: In function '__bswap64':
../../../third_party/musl/porting/liteos_m/kernel/include/endian.h:31:30: warning: suggest parentheses around '+' inside '<<' [-Wparentheses]
   31 |         return __bswap32(__x)+0ULL<<32 | __bswap32(__x>>32);
      |                ~~~~~~~~~~~~~~^~~~~
[786/849] gcc cross compiler obj/third_party/musl/porting/liteos_m/kernel/src/math/libmusl-m.pow_data.o
[787/849] gcc cross compiler obj/third_party/musl/porting/liteos_m/kernel/src/math/libmusl-m.log_data.o
[788/849] gcc cross compiler obj/third_party/paho_mqtt/MQTTClient-C/src/libpahomqtt_static.MQTTClient.o
In file included from ../../../third_party/musl/porting/liteos_m/kernel/include/sys/types.h:70,
                 from ../../../third_party/paho_mqtt/MQTTClient-C/src/liteOS/MQTTLiteOS.h:21,
                 from ../../../third_party/paho_mqtt/MQTTClient-C/src/MQTTClient.h:37,
                 from ../../../third_party/paho_mqtt/MQTTClient-C/src/MQTTClient.c:18:
../../../third_party/musl/porting/liteos_m/kernel/include/endian.h: In function '__bswap32':
../../../third_party/musl/porting/liteos_m/kernel/include/endian.h:26:32: warning: suggest parentheses around arithmetic in operand of '|' [-Wparentheses]
   26 |         return __x>>24 | __x>>8&0xff00 | __x<<8&0xff0000 | __x<<24;
      |                          ~~~~~~^~~~~~~
../../../third_party/musl/porting/liteos_m/kernel/include/endian.h:26:48: warning: suggest parentheses around arithmetic in operand of '|' [-Wparentheses]
   26 |         return __x>>24 | __x>>8&0xff00 | __x<<8&0xff0000 | __x<<24;
      |                                          ~~~~~~^~~~~~~~~
../../../third_party/musl/porting/liteos_m/kernel/include/endian.h: In function '__bswap64':
../../../third_party/musl/porting/liteos_m/kernel/include/endian.h:31:30: warning: suggest parentheses around '+' inside '<<' [-Wparentheses]
   31 |         return __bswap32(__x)+0ULL<<32 | __bswap32(__x>>32);
      |                ~~~~~~~~~~~~~~^~~~~
../../../third_party/paho_mqtt/MQTTClient-C/src/MQTTClient.c: In function 'MQTTSubscribeWithResults':
../../../third_party/paho_mqtt/MQTTClient-C/src/MQTTClient.c:535:5: warning: converting a packed 'enum QoS' pointer (alignment 1) to a 'int' pointer (alignment 4) may result in an unaligned pointer value [-Waddress-of-packed-member]
  535 |     len = MQTTSerialize_subscribe(c->buf, c->buf_size, 0, getNextPacketId(c), 1, &topic, (int*)&qos);
      |     ^~~
../../../third_party/paho_mqtt/MQTTClient-C/src/MQTTClient.h:56:6: note: defined here
   56 | enum QoS { QOS0, QOS1, QOS2, SUBFAIL=0x80 };
      |      ^~~
../../../third_party/paho_mqtt/MQTTClient-C/src/MQTTClient.c:546:66: warning: taking address of packed member of 'struct MQTTSubackData' may result in an unaligned pointer value [-Waddress-of-packed-member]
  546 |         if (MQTTDeserialize_suback(&mypacketid, 1, &count, (int*)&data->grantedQoS, c->readbuf, c->readbuf_size) == 1)
      |                                                                  ^~~~~~~~~~~~~~~~~
../../../third_party/paho_mqtt/MQTTClient-C/src/MQTTClient.c:535:11: warning: 'MQTTSerialize_subscribe' accessing 4 bytes in a region of size 1 [-Wstringop-overflow=]
  535 |     len = MQTTSerialize_subscribe(c->buf, c->buf_size, 0, getNextPacketId(c), 1, &topic, (int*)&qos);
      |           ^~~~~~~~~~~~~~~~~~~~~~~~~~~~~~~~~~~~~~~~~~~~~~~~~~~~~~~~~~~~~~~~~~~~~~~~~~~~~~~~~~~~~~~~~~
../../../third_party/paho_mqtt/MQTTClient-C/src/MQTTClient.c:535:11: note: referencing argument 7 of type 'int[0]'
In file included from ../../../third_party/paho_mqtt/MQTTPacket/src/MQTTPacket.h:93,
                 from ../../../third_party/paho_mqtt/MQTTClient-C/src/MQTTClient.h:39:
../../../third_party/paho_mqtt/MQTTPacket/src/MQTTSubscribe.h:28:15: note: in a call to function 'MQTTSerialize_subscribe'
   28 | DLLExport int MQTTSerialize_subscribe(unsigned char* buf, int buflen, unsigned char dup, unsigned short packetid,
      |               ^~~~~~~~~~~~~~~~~~~~~~~
../../../third_party/paho_mqtt/MQTTClient-C/src/MQTTClient.c:546:13: warning: 'MQTTDeserialize_suback' accessing 4 bytes in a region of size 1 [-Wstringop-overflow=]
  546 |         if (MQTTDeserialize_suback(&mypacketid, 1, &count, (int*)&data->grantedQoS, c->readbuf, c->readbuf_size) == 1)
      |             ^~~~~~~~~~~~~~~~~~~~~~~~~~~~~~~~~~~~~~~~~~~~~~~~~~~~~~~~~~~~~~~~~~~~~~~~~~~~~~~~~~~~~~~~~~~~~~~~~~~~
../../../third_party/paho_mqtt/MQTTClient-C/src/MQTTClient.c:546:13: note: referencing argument 4 of type 'int[0]'
../../../third_party/paho_mqtt/MQTTPacket/src/MQTTSubscribe.h:36:15: note: in a call to function 'MQTTDeserialize_suback'
   36 | DLLExport int MQTTDeserialize_suback(unsigned short* packetid, int maxcount, int* count, int grantedQoSs[], unsigned char* buf, int len);
      |               ^~~~~~~~~~~~~~~~~~~~~~
[789/849] gcc cross compiler obj/third_party/paho_mqtt/MQTTPacket/src/libpahomqtt_static.MQTTConnectServer.o
[790/849] gcc cross compiler obj/third_party/paho_mqtt/MQTTPacket/src/libpahomqtt_static.MQTTConnectClient.o
[791/849] gcc cross compiler obj/third_party/paho_mqtt/MQTTPacket/src/libpahomqtt_static.MQTTDeserializePublish.o
[792/849] gcc cross compiler obj/third_party/paho_mqtt/MQTTPacket/src/libpahomqtt_static.MQTTFormat.o
[793/849] gcc cross compiler obj/third_party/paho_mqtt/MQTTPacket/src/libpahomqtt_static.MQTTPacket.o
[794/849] gcc cross compiler obj/third_party/musl/porting/liteos_m/kernel/src/math/libmusl-m.log.o
In file included from ../../../third_party/musl/porting/liteos_m/kernel/src/internal/libm.h:7,
                 from ../../../third_party/musl/porting/liteos_m/kernel/src/math/log.c:10:
../../../third_party/musl/porting/liteos_m/kernel/include/endian.h: In function '__bswap32':
../../../third_party/musl/porting/liteos_m/kernel/include/endian.h:26:32: warning: suggest parentheses around arithmetic in operand of '|' [-Wparentheses]
   26 |         return __x>>24 | __x>>8&0xff00 | __x<<8&0xff0000 | __x<<24;
      |                          ~~~~~~^~~~~~~
../../../third_party/musl/porting/liteos_m/kernel/include/endian.h:26:48: warning: suggest parentheses around arithmetic in operand of '|' [-Wparentheses]
   26 |         return __x>>24 | __x>>8&0xff00 | __x<<8&0xff0000 | __x<<24;
      |                                          ~~~~~~^~~~~~~~~
../../../third_party/musl/porting/liteos_m/kernel/include/endian.h: In function '__bswap64':
../../../third_party/musl/porting/liteos_m/kernel/include/endian.h:31:30: warning: suggest parentheses around '+' inside '<<' [-Wparentheses]
   31 |         return __bswap32(__x)+0ULL<<32 | __bswap32(__x>>32);
      |                ~~~~~~~~~~~~~~^~~~~
../../../third_party/musl/porting/liteos_m/kernel/src/internal/libm.h: In function 'fp_force_evalf':
../../../third_party/musl/porting/liteos_m/kernel/src/internal/libm.h:158:24: warning: variable 'y' set but not used [-Wunused-but-set-variable]
  158 |         volatile float y;
      |                        ^
../../../third_party/musl/porting/liteos_m/kernel/src/internal/libm.h: In function 'fp_force_eval':
../../../third_party/musl/porting/liteos_m/kernel/src/internal/libm.h:167:25: warning: variable 'y' set but not used [-Wunused-but-set-variable]
  167 |         volatile double y;
      |                         ^
../../../third_party/musl/porting/liteos_m/kernel/src/internal/libm.h: In function 'fp_force_evall':
../../../third_party/musl/porting/liteos_m/kernel/src/internal/libm.h:176:30: warning: variable 'y' set but not used [-Wunused-but-set-variable]
  176 |         volatile long double y;
      |                              ^
[795/849] gcc cross compiler obj/third_party/musl/porting/liteos_m/kernel/src/math/libmusl-m.pow.o
In file included from ../../../third_party/musl/porting/liteos_m/kernel/src/internal/libm.h:7,
                 from ../../../third_party/musl/porting/liteos_m/kernel/src/math/pow.c:10:
../../../third_party/musl/porting/liteos_m/kernel/include/endian.h: In function '__bswap32':
../../../third_party/musl/porting/liteos_m/kernel/include/endian.h:26:32: warning: suggest parentheses around arithmetic in operand of '|' [-Wparentheses]
   26 |         return __x>>24 | __x>>8&0xff00 | __x<<8&0xff0000 | __x<<24;
      |                          ~~~~~~^~~~~~~
../../../third_party/musl/porting/liteos_m/kernel/include/endian.h:26:48: warning: suggest parentheses around arithmetic in operand of '|' [-Wparentheses]
   26 |         return __x>>24 | __x>>8&0xff00 | __x<<8&0xff0000 | __x<<24;
      |                                          ~~~~~~^~~~~~~~~
../../../third_party/musl/porting/liteos_m/kernel/include/endian.h: In function '__bswap64':
../../../third_party/musl/porting/liteos_m/kernel/include/endian.h:31:30: warning: suggest parentheses around '+' inside '<<' [-Wparentheses]
   31 |         return __bswap32(__x)+0ULL<<32 | __bswap32(__x>>32);
      |                ~~~~~~~~~~~~~~^~~~~
../../../third_party/musl/porting/liteos_m/kernel/src/internal/libm.h: In function 'fp_force_evalf':
../../../third_party/musl/porting/liteos_m/kernel/src/internal/libm.h:158:24: warning: variable 'y' set but not used [-Wunused-but-set-variable]
  158 |         volatile float y;
      |                        ^
../../../third_party/musl/porting/liteos_m/kernel/src/internal/libm.h: In function 'fp_force_eval':
../../../third_party/musl/porting/liteos_m/kernel/src/internal/libm.h:167:25: warning: variable 'y' set but not used [-Wunused-but-set-variable]
  167 |         volatile double y;
      |                         ^
../../../third_party/musl/porting/liteos_m/kernel/src/internal/libm.h: In function 'fp_force_evall':
../../../third_party/musl/porting/liteos_m/kernel/src/internal/libm.h:176:30: warning: variable 'y' set but not used [-Wunused-but-set-variable]
  176 |         volatile long double y;
      |                              ^
[796/849] gcc cross compiler obj/third_party/paho_mqtt/MQTTPacket/src/libpahomqtt_static.MQTTSerializePublish.o
[797/849] gcc cross compiler obj/third_party/paho_mqtt/MQTTPacket/src/libpahomqtt_static.MQTTSubscribeClient.o
[798/849] gcc cross compiler obj/third_party/paho_mqtt/MQTTPacket/src/libpahomqtt_static.MQTTSubscribeServer.o
[799/849] gcc cross compiler obj/third_party/paho_mqtt/MQTTPacket/src/libpahomqtt_static.MQTTUnsubscribeClient.o
[800/849] gcc cross compiler obj/third_party/paho_mqtt/MQTTPacket/src/libpahomqtt_static.MQTTUnsubscribeServer.o
[801/849] gcc cross compiler obj/third_party/musl/porting/liteos_m/kernel/src/math/libmusl-m.exp_data.o
[802/849] AR libs/libpahomqtt_static.a
[803/849] STAMP obj/vendor/lockzhiner/rk2206/hdf_config/hc_gen.stamp
[804/849] gcc cross compiler obj/third_party/musl/porting/liteos_m/kernel/src/math/libmusl-m.round.o
In file included from ../../../third_party/musl/porting/liteos_m/kernel/src/internal/libm.h:7,
                 from ../../../third_party/musl/porting/liteos_m/kernel/src/math/round.c:1:
../../../third_party/musl/porting/liteos_m/kernel/include/endian.h: In function '__bswap32':
../../../third_party/musl/porting/liteos_m/kernel/include/endian.h:26:32: warning: suggest parentheses around arithmetic in operand of '|' [-Wparentheses]
   26 |         return __x>>24 | __x>>8&0xff00 | __x<<8&0xff0000 | __x<<24;
      |                          ~~~~~~^~~~~~~
../../../third_party/musl/porting/liteos_m/kernel/include/endian.h:26:48: warning: suggest parentheses around arithmetic in operand of '|' [-Wparentheses]
   26 |         return __x>>24 | __x>>8&0xff00 | __x<<8&0xff0000 | __x<<24;
      |                                          ~~~~~~^~~~~~~~~
../../../third_party/musl/porting/liteos_m/kernel/include/endian.h: In function '__bswap64':
../../../third_party/musl/porting/liteos_m/kernel/include/endian.h:31:30: warning: suggest parentheses around '+' inside '<<' [-Wparentheses]
   31 |         return __bswap32(__x)+0ULL<<32 | __bswap32(__x>>32);
      |                ~~~~~~~~~~~~~~^~~~~
../../../third_party/musl/porting/liteos_m/kernel/src/internal/libm.h: In function 'fp_force_evalf':
../../../third_party/musl/porting/liteos_m/kernel/src/internal/libm.h:158:24: warning: variable 'y' set but not used [-Wunused-but-set-variable]
  158 |         volatile float y;
      |                        ^
../../../third_party/musl/porting/liteos_m/kernel/src/internal/libm.h: In function 'fp_force_eval':
../../../third_party/musl/porting/liteos_m/kernel/src/internal/libm.h:167:25: warning: variable 'y' set but not used [-Wunused-but-set-variable]
  167 |         volatile double y;
      |                         ^
../../../third_party/musl/porting/liteos_m/kernel/src/internal/libm.h: In function 'fp_force_evall':
../../../third_party/musl/porting/liteos_m/kernel/src/internal/libm.h:176:30: warning: variable 'y' set but not used [-Wunused-but-set-variable]
  176 |         volatile long double y;
      |                              ^
[805/849] AR libs/libmusl-m.a
[806/849] AR libs/libmusl-c.a
[807/849] STAMP obj/third_party/musl/porting/liteos_m/kernel/kernel.stamp
[808/849] AR libs/libhal_sysparam.a
[809/849] AR libs/libposix.a
[810/849] AR libs/libsysparam.a
[811/849] gcc cross compiler obj/out/rk2206/lockzhiner-rk2206/gen/vendor/lockzhiner/rk2206/hdf_config/libhdf_config.hdf_hex.o
[812/849] STAMP obj/base/startup/syspara_lite/frameworks/parameter/parameter.stamp
[813/849] AR libs/liblzlittlefs.a
[814/849] AR libs/libhota.a
[815/849] AR libs/libfs_operations.a
[816/849] STAMP obj/base/startup/syspara_lite/frameworks/parameter/parameter_notes.stamp
[817/849] AR libs/libfatfs.a
[818/849] AR libs/liblittlefs.a
[819/849] STAMP obj/kernel/liteos_m/kal/kal.stamp
[820/849] STAMP obj/kernel/liteos_m/components/fs/fs.stamp
[821/849] AR libs/libshell.a
[822/849] AR libs/libdump_static.a
[823/849] STAMP obj/utils/native/lite/os_dump/utils_os_dump.stamp
[824/849] AR libs/liblwip.a
[825/849] ACTION //vendor/lockzhiner/rk2206/hdf_drivers:khdf_platform_gn(//build/lite/toolchain:arm-none-eabi-gcc)
[826/849] STAMP obj/kernel/liteos_m/kernel.stamp
[827/849] STAMP obj/vendor/lockzhiner/rk2206/hdf_drivers/khdf_platform_gn.stamp
[828/849] gcc cross compiler obj/vendor/lockzhiner/rk2206/hals/utils/token/libhal_token_static.hal_token.o
[829/849] AR libs/libhdf_config.a
[830/849] AR libs/libhal_token_static.a
[831/849] AR libs/libtoken_static.a
[832/849] STAMP obj/base/startup/syspara_lite/frameworks/token/token.stamp
[833/849] gcc cross compiler obj/vendor/lockzhiner/rk2206/hdf_drivers/i2c/libi2c_driver.i2c_driver_rk2206.o
../../../vendor/lockzhiner/rk2206/hdf_drivers/i2c/i2c_driver_rk2206.c: In function 'AttachI2cDevice':
../../../vendor/lockzhiner/rk2206/hdf_drivers/i2c/i2c_driver_rk2206.c:266:37: warning: implicit declaration of function 'OsalMemAlloc' [-Wimplicit-function-declaration]
  266 |     i2cDevice = (struct I2cDevice *)OsalMemAlloc(sizeof(struct I2cDevice));
      |                                     ^~~~~~~~~~~~
../../../vendor/lockzhiner/rk2206/hdf_drivers/i2c/i2c_driver_rk2206.c:274:9: warning: implicit declaration of function 'OsalMemFree' [-Wimplicit-function-declaration]
  274 |         OsalMemFree(i2cDevice);
      |         ^~~~~~~~~~~
../../../vendor/lockzhiner/rk2206/hdf_drivers/i2c/i2c_driver_rk2206.c: At top level:
../../../vendor/lockzhiner/rk2206/hdf_drivers/i2c/i2c_driver_rk2206.c:164:16: warning: 'HostRestI2cDevice' defined but not used [-Wunused-function]
  164 | static int32_t HostRestI2cDevice(struct I2cDevice *device)
      |                ^~~~~~~~~~~~~~~~~
[834/849] AR libs/libi2c_driver.a
[835/849] gcc cross compiler obj/vendor/lockzhiner/rk2206/hdf_drivers/pwm/libpwm_driver.pwm_driver.o
../../../vendor/lockzhiner/rk2206/hdf_drivers/pwm/pwm_driver.c: In function 'HdfPwmDriverProbe':
../../../vendor/lockzhiner/rk2206/hdf_drivers/pwm/pwm_driver.c:243:14: warning: unused variable 'tmp' [-Wunused-variable]
  243 |     uint32_t tmp;
      |              ^~~
[836/849] AR libs/libpwm_driver.a
[837/849] STAMP obj/vendor/lockzhiner/rk2206/samples/app.stamp
[838/849] gcc cross compiler obj/vendor/lockzhiner/rk2206/hdf_drivers/adc/libadc_driver.adc_driver.o
../../../vendor/lockzhiner/rk2206/hdf_drivers/adc/adc_driver.c:124:13: warning: initialization of 'int32_t (*)(struct AdcDevice *, uint32_t,  uint32_t *)' {aka 'long int (*)(struct AdcDevice *, long unsigned int,  long unsigned int *)'} from incompatible pointer type 'uint32_t (*)(struct AdcDevice *, uint32_t,  uint32_t *)' {aka 'long unsigned int (*)(struct AdcDevice *, long unsigned int,  long unsigned int *)'} [-Wincompatible-pointer-types]
  124 |     .read = HdfAdcDriverRead,
      |             ^~~~~~~~~~~~~~~~
../../../vendor/lockzhiner/rk2206/hdf_drivers/adc/adc_driver.c:124:13: note: (near initialization for 'g_adcMethod.read')
../../../vendor/lockzhiner/rk2206/hdf_drivers/adc/adc_driver.c: In function 'HdfAdcDriverParseDeinit':
../../../vendor/lockzhiner/rk2206/hdf_drivers/adc/adc_driver.c:278:13: warning: unused variable 'ret' [-Wunused-variable]
  278 |     int32_t ret;
      |             ^~~
../../../vendor/lockzhiner/rk2206/hdf_drivers/adc/adc_driver.c: In function 'HdfAdcDriverRelease':
../../../vendor/lockzhiner/rk2206/hdf_drivers/adc/adc_driver.c:344:33: warning: passing argument 1 of 'HdfAdcDriverParseDeinit' from incompatible pointer type [-Wincompatible-pointer-types]
  344 |         HdfAdcDriverParseDeinit(childNode);
      |                                 ^~~~~~~~~
      |                                 |
      |                                 const struct DeviceResourceNode *
../../../vendor/lockzhiner/rk2206/hdf_drivers/adc/adc_driver.c:276:64: note: expected 'struct HdfDeviceObject *' but argument is of type 'const struct DeviceResourceNode *'
  276 | static int32_t HdfAdcDriverParseDeinit(struct HdfDeviceObject *device)
      |                                        ~~~~~~~~~~~~~~~~~~~~~~~~^~~~~~
[839/849] AR libs/libadc_driver.a
[840/849] gcc cross compiler obj/vendor/lockzhiner/rk2206/hdf_drivers/gpio/libgpio_driver.gpio_driver_rk2206.o
../../../vendor/lockzhiner/rk2206/hdf_drivers/gpio/gpio_driver_rk2206.c: In function 'TestCaseGpioSetGetDir':
../../../vendor/lockzhiner/rk2206/hdf_drivers/gpio/gpio_driver_rk2206.c:263:40: warning: format '%d' expects argument of type 'int', but argument 3 has type 'int32_t' {aka 'long int'} [-Wformat=]
  263 |         printf("%s: set dir fail! ret:%d\n", __func__, ret);
      |                                       ~^               ~~~
      |                                        |               |
      |                                        int             int32_t {aka long int}
      |                                       %ld
../../../vendor/lockzhiner/rk2206/hdf_drivers/gpio/gpio_driver_rk2206.c:266:38: warning: passing argument 2 of 'LzGpioGetDir' from incompatible pointer type [-Wincompatible-pointer-types]
  266 |     ret = LzGpioGetDir(tester->gpio, &dirGet);
      |                                      ^~~~~~~
      |                                      |
      |                                      uint16_t * {aka short unsigned int *}
In file included from ../../../device/rockchip/rk2206/adapter/include/lz_hardware/pinctrl.h:29,
                 from ../../../device/rockchip/rk2206/adapter/include/lz_hardware/device.h:25,
                 from ../../../device/rockchip/rk2206/adapter/include/lz_hardware.h:26,
                 from ../../../vendor/lockzhiner/rk2206/hdf_drivers/gpio/gpio_driver_rk2206.c:22:
../../../device/rockchip/rk2206/adapter/include/lz_hardware/gpio.h:291:49: note: expected 'LzGpioDir *' but argument is of type 'uint16_t *' {aka 'short unsigned int *'}
  291 | unsigned int LzGpioGetDir(GpioID id, LzGpioDir *dir);
      |                                      ~~~~~~~~~~~^~~
../../../vendor/lockzhiner/rk2206/hdf_drivers/gpio/gpio_driver_rk2206.c:268:40: warning: format '%d' expects argument of type 'int', but argument 3 has type 'int32_t' {aka 'long int'} [-Wformat=]
  268 |         printf("%s: get dir fail! ret:%d\n", __func__, ret);
      |                                       ~^               ~~~
      |                                        |               |
      |                                        int             int32_t {aka long int}
      |                                       %ld
../../../vendor/lockzhiner/rk2206/hdf_drivers/gpio/gpio_driver_rk2206.c: In function 'TestCaseGpioWriteRead':
../../../vendor/lockzhiner/rk2206/hdf_drivers/gpio/gpio_driver_rk2206.c:294:40: warning: format '%d' expects argument of type 'int', but argument 3 has type 'int32_t' {aka 'long int'} [-Wformat=]
  294 |         printf("%s: set dir fail! ret:%d\n", __func__, ret);
      |                                       ~^               ~~~
      |                                        |               |
      |                                        int             int32_t {aka long int}
      |                                       %ld
../../../vendor/lockzhiner/rk2206/hdf_drivers/gpio/gpio_driver_rk2206.c:303:45: warning: format '%d' expects argument of type 'int', but argument 4 has type 'int32_t' {aka 'long int'} [-Wformat=]
  303 |         printf("%s: write val:%u fail! ret:%d", __func__, valWrite, ret);
      |                                            ~^                       ~~~
      |                                             |                       |
      |                                             int                     int32_t {aka long int}
      |                                            %ld
../../../vendor/lockzhiner/rk2206/hdf_drivers/gpio/gpio_driver_rk2206.c:308:37: warning: format '%d' expects argument of type 'int', but argument 3 has type 'int32_t' {aka 'long int'} [-Wformat=]
  308 |         printf("%s: read fail! ret:%d", __func__, ret);
      |                                    ~^             ~~~
      |                                     |             |
      |                                     int           int32_t {aka long int}
      |                                    %ld
../../../vendor/lockzhiner/rk2206/hdf_drivers/gpio/gpio_driver_rk2206.c: In function 'TestHelperGpioInverse':
../../../vendor/lockzhiner/rk2206/hdf_drivers/gpio/gpio_driver_rk2206.c:347:30: warning: passing argument 2 of 'LzGpioGetDir' from incompatible pointer type [-Wincompatible-pointer-types]
  347 |     (void)LzGpioGetDir(gpio, &dir);
      |                              ^~~~
      |                              |
      |                              uint16_t * {aka short unsigned int *}
../../../device/rockchip/rk2206/adapter/include/lz_hardware/gpio.h:291:49: note: expected 'LzGpioDir *' but argument is of type 'uint16_t *' {aka 'short unsigned int *'}
  291 | unsigned int LzGpioGetDir(GpioID id, LzGpioDir *dir);
      |                                      ~~~~~~~~~~~^~~
../../../vendor/lockzhiner/rk2206/hdf_drivers/gpio/gpio_driver_rk2206.c: In function 'GpioTestSetUp':
../../../vendor/lockzhiner/rk2206/hdf_drivers/gpio/gpio_driver_rk2206.c:395:38: warning: passing argument 2 of 'LzGpioGetDir' from incompatible pointer type [-Wincompatible-pointer-types]
  395 |     ret = LzGpioGetDir(tester->gpio, &tester->oldDir);
      |                                      ^~~~~~~~~~~~~~~
      |                                      |
      |                                      uint16_t * {aka short unsigned int *}
../../../device/rockchip/rk2206/adapter/include/lz_hardware/gpio.h:291:49: note: expected 'LzGpioDir *' but argument is of type 'uint16_t *' {aka 'short unsigned int *'}
  291 | unsigned int LzGpioGetDir(GpioID id, LzGpioDir *dir);
      |                                      ~~~~~~~~~~~^~~
../../../vendor/lockzhiner/rk2206/hdf_drivers/gpio/gpio_driver_rk2206.c:397:44: warning: format '%d' expects argument of type 'int', but argument 3 has type 'int32_t' {aka 'long int'} [-Wformat=]
  397 |         printf("%s: get old dir fail! ret:%d\n", __func__, ret);
      |                                           ~^               ~~~
      |                                            |               |
      |                                            int             int32_t {aka long int}
      |                                           %ld
../../../vendor/lockzhiner/rk2206/hdf_drivers/gpio/gpio_driver_rk2206.c:402:45: warning: format '%d' expects argument of type 'int', but argument 3 has type 'int32_t' {aka 'long int'} [-Wformat=]
  402 |         printf("%s: read old val fail! ret:%d\n", __func__, ret);
      |                                            ~^               ~~~
      |                                             |               |
      |                                             int             int32_t {aka long int}
      |                                            %ld
../../../vendor/lockzhiner/rk2206/hdf_drivers/gpio/gpio_driver_rk2206.c: In function 'GpioTestReadConfig':
../../../vendor/lockzhiner/rk2206/hdf_drivers/gpio/gpio_driver_rk2206.c:484:49: warning: format '%u' expects a matching 'unsigned int' argument [-Wformat=]
  484 |     printf("%s[%d] groupNum:%u gpio:%u gpioIrq:%u\n",
      |                                                ~^
      |                                                 |
      |                                                 unsigned int
../../../vendor/lockzhiner/rk2206/hdf_drivers/gpio/gpio_driver_rk2206.c: At top level:
../../../vendor/lockzhiner/rk2206/hdf_drivers/gpio/gpio_driver_rk2206.c:540:13: warning: initialization of 'int32_t (*)(struct HdfDeviceObject *)' {aka 'long int (*)(struct HdfDeviceObject *)'} from incompatible pointer type 'int (*)(struct HdfDeviceObject *)' [-Wincompatible-pointer-types]
  540 |     .Bind = HdfGpioDriverBind,
      |             ^~~~~~~~~~~~~~~~~
../../../vendor/lockzhiner/rk2206/hdf_drivers/gpio/gpio_driver_rk2206.c:540:13: note: (near initialization for 'g_gpioDriverEntry.Bind')
../../../vendor/lockzhiner/rk2206/hdf_drivers/gpio/gpio_driver_rk2206.c:541:13: warning: initialization of 'int32_t (*)(struct HdfDeviceObject *)' {aka 'long int (*)(struct HdfDeviceObject *)'} from incompatible pointer type 'int (*)(struct HdfDeviceObject *)' [-Wincompatible-pointer-types]
  541 |     .Init = HdfGpioDriverInit,
      |             ^~~~~~~~~~~~~~~~~
../../../vendor/lockzhiner/rk2206/hdf_drivers/gpio/gpio_driver_rk2206.c:541:13: note: (near initialization for 'g_gpioDriverEntry.Init')
../../../vendor/lockzhiner/rk2206/hdf_drivers/gpio/gpio_driver_rk2206.c:351:16: warning: 'TestCaseGpioIrqLevel' defined but not used [-Wunused-function]
  351 | static int32_t TestCaseGpioIrqLevel(struct GpioTester *tester)
      |                ^~~~~~~~~~~~~~~~~~~~
../../../vendor/lockzhiner/rk2206/hdf_drivers/gpio/gpio_driver_rk2206.c:324:16: warning: 'TestCaseGpioIrqHandler' defined but not used [-Wunused-function]
  324 | static int32_t TestCaseGpioIrqHandler(uint16_t gpio, void *data)
      |                ^~~~~~~~~~~~~~~~~~~~~~
[841/849] AR libs/libgpio_driver.a
[842/849] gcc cross compiler obj/vendor/lockzhiner/rk2206/hdf_drivers/spi/libspi_driver.spi_driver.o
../../../vendor/lockzhiner/rk2206/hdf_drivers/spi/spi_driver.c: In function 'HdfSpiDriverDeviceInit':
../../../vendor/lockzhiner/rk2206/hdf_drivers/spi/spi_driver.c:383:18: warning: unused variable 'busNum' [-Wunused-variable]
  383 |     unsigned int busNum = 0;
      |                  ^~~~~~
[843/849] AR libs/libspi_driver.a
[844/849] STAMP obj/vendor/lockzhiner/rk2206/hdf_drivers/hdf_drivers.stamp
[845/849] STAMP obj/device/rockchip/rk2206/sdk_liteos/sdk.stamp
[846/849] STAMP obj/device/rockchip/rk2206/sdk_liteos/wifiiot_sdk.stamp
[847/849] STAMP obj/build/lite/ohos.stamp
[848/849] ACTION //device/rockchip/rk2206/sdk_liteos:liteos(//build/lite/toolchain:arm-none-eabi-gcc)
[849/849] STAMP obj/device/rockchip/rk2206/sdk_liteos/liteos.stamp
